variable,pressure_variable,lag_months,n,pearson_corr
A01,Monthly_Total_Pressure,0,120,0.4266949686142575
A01,Monthly_Total_Pressure,1,119,0.40769508044021735
A01,Monthly_Total_Pressure,2,118,0.3775659192164923
A01,Monthly_Total_Pressure,3,117,0.3627571224580724
A01,Monthly_Total_Pressure,4,116,0.3181515988469601
A01,Monthly_Total_Pressure,5,115,0.29737436510002957
A01,Monthly_Total_Pressure,6,114,0.2596522997498332
A01,Monthly_Total_Pressure,7,113,0.26000279845708846
A01,Monthly_Total_Pressure,8,112,0.2837349686422758
A01,Monthly_Total_Pressure,9,111,0.28512864957366024
A01,Monthly_Total_Pressure,10,110,0.2867884543881633
A01,Monthly_Total_Pressure,11,109,0.27005471321818597
A01,Monthly_Total_Pressure,12,108,0.2519727582509696
A01,Monthly_Trolley_Total,0,120,0.3676170600354987
A01,Monthly_Trolley_Total,1,119,0.33454459046142415
A01,Monthly_Trolley_Total,2,118,0.30057525794879136
A01,Monthly_Trolley_Total,3,117,0.28128393969040055
A01,Monthly_Trolley_Total,4,116,0.22919396472778428
A01,Monthly_Trolley_Total,5,115,0.20648555754917938
A01,Monthly_Trolley_Total,6,114,0.16039697346555828
A01,Monthly_Trolley_Total,7,113,0.1585922662837333
A01,Monthly_Trolley_Total,8,112,0.18135008653518309
A01,Monthly_Trolley_Total,9,111,0.1816954603662876
A01,Monthly_Trolley_Total,10,110,0.185935386362539
A01,Monthly_Trolley_Total,11,109,0.17091732820813027
A01,Monthly_Trolley_Total,12,108,0.1448811479462333
A01,Monthly_Ward_Total,0,120,0.4567822407817906
A01,Monthly_Ward_Total,1,119,0.47183247264188477
A01,Monthly_Ward_Total,2,118,0.45604014872764964
A01,Monthly_Ward_Total,3,117,0.45339453261407586
A01,Monthly_Ward_Total,4,116,0.43347574489829743
A01,Monthly_Ward_Total,5,115,0.4208767716332175
A01,Monthly_Ward_Total,6,114,0.40748322193480063
A01,Monthly_Ward_Total,7,113,0.4117014038522699
A01,Monthly_Ward_Total,8,112,0.4323338167701714
A01,Monthly_Ward_Total,9,111,0.43560756405647993
A01,Monthly_Ward_Total,10,110,0.43189440440128296
A01,Monthly_Ward_Total,11,109,0.41532751042493093
A01,Monthly_Ward_Total,12,108,0.41751548467989297
A02,Monthly_Total_Pressure,0,120,0.29188394164964887
A02,Monthly_Total_Pressure,1,119,0.2583831857810729
A02,Monthly_Total_Pressure,2,118,0.3134586386995121
A02,Monthly_Total_Pressure,3,117,0.3213762633683271
A02,Monthly_Total_Pressure,4,116,0.2994740765543348
A02,Monthly_Total_Pressure,5,115,0.29963790951579106
A02,Monthly_Total_Pressure,6,114,0.30777016379928324
A02,Monthly_Total_Pressure,7,113,0.23535932289665404
A02,Monthly_Total_Pressure,8,112,0.26426988334327006
A02,Monthly_Total_Pressure,9,111,0.2521708486941795
A02,Monthly_Total_Pressure,10,110,0.26897408194707245
A02,Monthly_Total_Pressure,11,109,0.23466765554888794
A02,Monthly_Total_Pressure,12,108,0.2592795935256733
A02,Monthly_Trolley_Total,0,120,0.27879231180925546
A02,Monthly_Trolley_Total,1,119,0.2415826832146482
A02,Monthly_Trolley_Total,2,118,0.3014334651283293
A02,Monthly_Trolley_Total,3,117,0.31006101171201184
A02,Monthly_Trolley_Total,4,116,0.28790503860138716
A02,Monthly_Trolley_Total,5,115,0.2871291817627864
A02,Monthly_Trolley_Total,6,114,0.2910194387810281
A02,Monthly_Trolley_Total,7,113,0.2207445220991849
A02,Monthly_Trolley_Total,8,112,0.24932313005386056
A02,Monthly_Trolley_Total,9,111,0.23543904540643315
A02,Monthly_Trolley_Total,10,110,0.2512461434351889
A02,Monthly_Trolley_Total,11,109,0.2266450116992753
A02,Monthly_Trolley_Total,12,108,0.24747103008074312
A02,Monthly_Ward_Total,0,120,0.2566276679340901
A02,Monthly_Ward_Total,1,119,0.2386790424256552
A02,Monthly_Ward_Total,2,118,0.2726803948684616
A02,Monthly_Ward_Total,3,117,0.27750729134634866
A02,Monthly_Ward_Total,4,116,0.26073577491616656
A02,Monthly_Ward_Total,5,115,0.26252360459155105
A02,Monthly_Ward_Total,6,114,0.27711224353006786
A02,Monthly_Ward_Total,7,113,0.2155062782629059
A02,Monthly_Ward_Total,8,112,0.2386197971608035
A02,Monthly_Ward_Total,9,111,0.23267855945229712
A02,Monthly_Ward_Total,10,110,0.24798155252911283
A02,Monthly_Ward_Total,11,109,0.20136618338026
A02,Monthly_Ward_Total,12,108,0.22852499181600355
A03,Monthly_Total_Pressure,0,120,0.020746025741745208
A03,Monthly_Total_Pressure,1,119,0.0027453281811449836
A03,Monthly_Total_Pressure,2,118,0.061344972677192244
A03,Monthly_Total_Pressure,3,117,0.04997942022064353
A03,Monthly_Total_Pressure,4,116,0.01563718092310644
A03,Monthly_Total_Pressure,5,115,0.02379655664625064
A03,Monthly_Total_Pressure,6,114,0.06459585230592917
A03,Monthly_Total_Pressure,7,113,-0.00836654537577193
A03,Monthly_Total_Pressure,8,112,0.0613029878769772
A03,Monthly_Total_Pressure,9,111,0.056663689258184206
A03,Monthly_Total_Pressure,10,110,0.07708681683468631
A03,Monthly_Total_Pressure,11,109,0.002367355813487522
A03,Monthly_Total_Pressure,12,108,0.07074310739787353
A03,Monthly_Trolley_Total,0,120,0.10394439093133985
A03,Monthly_Trolley_Total,1,119,0.06454067329122716
A03,Monthly_Trolley_Total,2,118,0.11679708520479365
A03,Monthly_Trolley_Total,3,117,0.09555421536786887
A03,Monthly_Trolley_Total,4,116,0.04749535206390123
A03,Monthly_Trolley_Total,5,115,0.0425026446824982
A03,Monthly_Trolley_Total,6,114,0.0660963183768963
A03,Monthly_Trolley_Total,7,113,-0.018276652403706895
A03,Monthly_Trolley_Total,8,112,0.02760778385283638
A03,Monthly_Trolley_Total,9,111,-0.0016241059766065897
A03,Monthly_Trolley_Total,10,110,-0.007192408903592589
A03,Monthly_Trolley_Total,11,109,-0.091748093388505
A03,Monthly_Trolley_Total,12,108,-0.03895127215786466
A03,Monthly_Ward_Total,0,120,-0.15369909309287838
A03,Monthly_Ward_Total,1,119,-0.12399611700480487
A03,Monthly_Ward_Total,2,118,-0.06463239259232774
A03,Monthly_Ward_Total,3,117,-0.05340881602083881
A03,Monthly_Ward_Total,4,116,-0.05264143983354563
A03,Monthly_Ward_Total,5,115,-0.01940026968635892
A03,Monthly_Ward_Total,6,114,0.04792570485293193
A03,Monthly_Ward_Total,7,113,0.013577576906569078
A03,Monthly_Ward_Total,8,112,0.1170216149346129
A03,Monthly_Ward_Total,9,111,0.16359134334801234
A03,Monthly_Ward_Total,10,110,0.23293376905516622
A03,Monthly_Ward_Total,11,109,0.19406044845712456
A03,Monthly_Ward_Total,12,108,0.2799725573375249
A04,Monthly_Total_Pressure,0,120,0.38417494292398646
A04,Monthly_Total_Pressure,1,119,0.3493099748533178
A04,Monthly_Total_Pressure,2,118,0.3583690537972661
A04,Monthly_Total_Pressure,3,117,0.3452087256770767
A04,Monthly_Total_Pressure,4,116,0.31966953824048006
A04,Monthly_Total_Pressure,5,115,0.302665977983177
A04,Monthly_Total_Pressure,6,114,0.2985562076194332
A04,Monthly_Total_Pressure,7,113,0.2427782386480558
A04,Monthly_Total_Pressure,8,112,0.24522273758103474
A04,Monthly_Total_Pressure,9,111,0.2251209641464694
A04,Monthly_Total_Pressure,10,110,0.22462432363456417
A04,Monthly_Total_Pressure,11,109,0.19055179298128005
A04,Monthly_Total_Pressure,12,108,0.189530640495315
A04,Monthly_Trolley_Total,0,120,0.2978435896910913
A04,Monthly_Trolley_Total,1,119,0.25931343617357494
A04,Monthly_Trolley_Total,2,118,0.2693960642355667
A04,Monthly_Trolley_Total,3,117,0.2567023373733323
A04,Monthly_Trolley_Total,4,116,0.23143869865660913
A04,Monthly_Trolley_Total,5,115,0.21578849068142308
A04,Monthly_Trolley_Total,6,114,0.2087353823739435
A04,Monthly_Trolley_Total,7,113,0.15415065925975766
A04,Monthly_Trolley_Total,8,112,0.15554652036922823
A04,Monthly_Trolley_Total,9,111,0.13419607809311196
A04,Monthly_Trolley_Total,10,110,0.13411839827504451
A04,Monthly_Trolley_Total,11,109,0.10561199706763963
A04,Monthly_Trolley_Total,12,108,0.10211669915456748
A04,Monthly_Ward_Total,0,120,0.4789953446383234
A04,Monthly_Ward_Total,1,119,0.46004528065004585
A04,Monthly_Ward_Total,2,118,0.46530315360582675
A04,Monthly_Ward_Total,3,117,0.4538502820872002
A04,Monthly_Ward_Total,4,116,0.4331942504202503
A04,Monthly_Ward_Total,5,115,0.4168658204042278
A04,Monthly_Ward_Total,6,114,0.4189399969640075
A04,Monthly_Ward_Total,7,113,0.37207722313268177
A04,Monthly_Ward_Total,8,112,0.3760761854149319
A04,Monthly_Ward_Total,9,111,0.3628328253646444
A04,Monthly_Ward_Total,10,110,0.3618085524728558
A04,Monthly_Ward_Total,11,109,0.32366413990175735
A04,Monthly_Ward_Total,12,108,0.32807307606271796
A05,Monthly_Total_Pressure,0,120,0.285620797094643
A05,Monthly_Total_Pressure,1,119,0.2765163759603395
A05,Monthly_Total_Pressure,2,118,0.29622994571138916
A05,Monthly_Total_Pressure,3,117,0.2973803873907339
A05,Monthly_Total_Pressure,4,116,0.29186446700149915
A05,Monthly_Total_Pressure,5,115,0.287968371922832
A05,Monthly_Total_Pressure,6,114,0.2867073040916336
A05,Monthly_Total_Pressure,7,113,0.2649233862925227
A05,Monthly_Total_Pressure,8,112,0.2678701947005599
A05,Monthly_Total_Pressure,9,111,0.260749584940091
A05,Monthly_Total_Pressure,10,110,0.2676611462486236
A05,Monthly_Total_Pressure,11,109,0.25579799005912657
A05,Monthly_Total_Pressure,12,108,0.2579420872280782
A05,Monthly_Trolley_Total,0,120,0.2618515500960103
A05,Monthly_Trolley_Total,1,119,0.253139768430733
A05,Monthly_Trolley_Total,2,118,0.27490916257738013
A05,Monthly_Trolley_Total,3,117,0.2770696387712991
A05,Monthly_Trolley_Total,4,116,0.2723112991302484
A05,Monthly_Trolley_Total,5,115,0.26823380640614863
A05,Monthly_Trolley_Total,6,114,0.2651064553269474
A05,Monthly_Trolley_Total,7,113,0.2435154911269501
A05,Monthly_Trolley_Total,8,112,0.24709091685368606
A05,Monthly_Trolley_Total,9,111,0.23974176308859232
A05,Monthly_Trolley_Total,10,110,0.24677573946883596
A05,Monthly_Trolley_Total,11,109,0.2394429536477526
A05,Monthly_Trolley_Total,12,108,0.24111726371099135
A05,Monthly_Ward_Total,0,120,0.2735176533367954
A05,Monthly_Ward_Total,1,119,0.266448580339445
A05,Monthly_Ward_Total,2,118,0.27801707076421445
A05,Monthly_Ward_Total,3,117,0.27686199567154174
A05,Monthly_Ward_Total,4,116,0.2710062079817052
A05,Monthly_Ward_Total,5,115,0.2680584082558033
A05,Monthly_Ward_Total,6,114,0.2703834499243778
A05,Monthly_Ward_Total,7,113,0.2526713374178563
A05,Monthly_Ward_Total,8,112,0.25335428119911707
A05,Monthly_Ward_Total,9,111,0.24816085025643256
A05,Monthly_Ward_Total,10,110,0.2534010774554015
A05,Monthly_Ward_Total,11,109,0.2350384149983267
A05,Monthly_Ward_Total,12,108,0.23772344896841496
A06,Monthly_Total_Pressure,0,120,0.11372432707724431
A06,Monthly_Total_Pressure,1,119,0.05886749091799775
A06,Monthly_Total_Pressure,2,118,0.13816856842927985
A06,Monthly_Total_Pressure,3,117,0.16147741618468284
A06,Monthly_Total_Pressure,4,116,0.14776765269409645
A06,Monthly_Total_Pressure,5,115,0.15462724802192612
A06,Monthly_Total_Pressure,6,114,0.2009260576939265
A06,Monthly_Total_Pressure,7,113,0.13656591044352584
A06,Monthly_Total_Pressure,8,112,0.20941903404134593
A06,Monthly_Total_Pressure,9,111,0.2139657329215293
A06,Monthly_Total_Pressure,10,110,0.2485431650435725
A06,Monthly_Total_Pressure,11,109,0.22695790097099355
A06,Monthly_Total_Pressure,12,108,0.28281955035543616
A06,Monthly_Trolley_Total,0,120,0.16208913938401645
A06,Monthly_Trolley_Total,1,119,0.10893496721508851
A06,Monthly_Trolley_Total,2,118,0.1959453767349211
A06,Monthly_Trolley_Total,3,117,0.22151916087587184
A06,Monthly_Trolley_Total,4,116,0.20745458519631274
A06,Monthly_Trolley_Total,5,115,0.2145559146568273
A06,Monthly_Trolley_Total,6,114,0.25836575054620503
A06,Monthly_Trolley_Total,7,113,0.1952575603436268
A06,Monthly_Trolley_Total,8,112,0.2666529397354333
A06,Monthly_Trolley_Total,9,111,0.2700529000120432
A06,Monthly_Trolley_Total,10,110,0.3050154952589752
A06,Monthly_Trolley_Total,11,109,0.2905654304991813
A06,Monthly_Trolley_Total,12,108,0.3425546142879419
A06,Monthly_Ward_Total,0,120,-0.00928313927493153
A06,Monthly_Ward_Total,1,119,-0.05565947792925195
A06,Monthly_Ward_Total,2,118,-0.008564217239279394
A06,Monthly_Ward_Total,3,117,0.005346954449329194
A06,Monthly_Ward_Total,4,116,-0.004819552614477346
A06,Monthly_Ward_Total,5,115,-0.00015831166670018725
A06,Monthly_Ward_Total,6,114,0.041390384779749004
A06,Monthly_Ward_Total,7,113,-0.011739029065096964
A06,Monthly_Ward_Total,8,112,0.048164660910390185
A06,Monthly_Ward_Total,9,111,0.053956582220471554
A06,Monthly_Ward_Total,10,110,0.08024917322277665
A06,Monthly_Ward_Total,11,109,0.0490119049632367
A06,Monthly_Ward_Total,12,108,0.10085237330797676
A07,Monthly_Total_Pressure,0,120,0.3694110642140078
A07,Monthly_Total_Pressure,1,119,0.2805606806863441
A07,Monthly_Total_Pressure,2,118,0.3522550832581661
A07,Monthly_Total_Pressure,3,117,0.34436242315250826
A07,Monthly_Total_Pressure,4,116,0.3093015923785433
A07,Monthly_Total_Pressure,5,115,0.30814054212205577
A07,Monthly_Total_Pressure,6,114,0.3486640792479685
A07,Monthly_Total_Pressure,7,113,0.23933007730918826
A07,Monthly_Total_Pressure,8,112,0.28850080457266103
A07,Monthly_Total_Pressure,9,111,0.22167270620101395
A07,Monthly_Total_Pressure,10,110,0.18721180732693363
A07,Monthly_Total_Pressure,11,109,0.07099370560114521
A07,Monthly_Total_Pressure,12,108,0.10039735236684683
A07,Monthly_Trolley_Total,0,120,0.29361831675228733
A07,Monthly_Trolley_Total,1,119,0.19144410914544013
A07,Monthly_Trolley_Total,2,118,0.26831635573640567
A07,Monthly_Trolley_Total,3,117,0.2638879393051073
A07,Monthly_Trolley_Total,4,116,0.22792245330871555
A07,Monthly_Trolley_Total,5,115,0.22791429342988856
A07,Monthly_Trolley_Total,6,114,0.2648233109896357
A07,Monthly_Trolley_Total,7,113,0.16192875326240816
A07,Monthly_Trolley_Total,8,112,0.20682878407885133
A07,Monthly_Trolley_Total,9,111,0.13138181771452956
A07,Monthly_Trolley_Total,10,110,0.091447164210596
A07,Monthly_Trolley_Total,11,109,-0.008895551110215427
A07,Monthly_Trolley_Total,12,108,0.021435646858133286
A07,Monthly_Ward_Total,0,120,0.44582975417922505
A07,Monthly_Ward_Total,1,119,0.4038689339792998
A07,Monthly_Ward_Total,2,118,0.4501870214892397
A07,Monthly_Ward_Total,3,117,0.4367946161740925
A07,Monthly_Ward_Total,4,116,0.4110005134500753
A07,Monthly_Ward_Total,5,115,0.40760577139251764
A07,Monthly_Ward_Total,6,114,0.4462892372349298
A07,Monthly_Ward_Total,7,113,0.3464953483916954
A07,Monthly_Ward_Total,8,112,0.39383045528678956
A07,Monthly_Ward_Total,9,111,0.35882397607438976
A07,Monthly_Ward_Total,10,110,0.3431031614190378
A07,Monthly_Ward_Total,11,109,0.2191055178122102
A07,Monthly_Ward_Total,12,108,0.24053393249795987
A09,Monthly_Total_Pressure,0,120,0.3130294350858253
A09,Monthly_Total_Pressure,1,119,0.2987253600786531
A09,Monthly_Total_Pressure,2,118,0.31634728565947706
A09,Monthly_Total_Pressure,3,117,0.31459377003762196
A09,Monthly_Total_Pressure,4,116,0.309527805826029
A09,Monthly_Total_Pressure,5,115,0.30463780208856334
A09,Monthly_Total_Pressure,6,114,0.2963401491664653
A09,Monthly_Total_Pressure,7,113,0.26508520392168483
A09,Monthly_Total_Pressure,8,112,0.2843708423058403
A09,Monthly_Total_Pressure,9,111,0.26673560995034795
A09,Monthly_Total_Pressure,10,110,0.26611291311204543
A09,Monthly_Total_Pressure,11,109,0.2615253158403485
A09,Monthly_Total_Pressure,12,108,0.2631324147222663
A09,Monthly_Trolley_Total,0,120,0.28215338480899577
A09,Monthly_Trolley_Total,1,119,0.26904809811387304
A09,Monthly_Trolley_Total,2,118,0.2886585105332401
A09,Monthly_Trolley_Total,3,117,0.28625265544771056
A09,Monthly_Trolley_Total,4,116,0.2802317109863465
A09,Monthly_Trolley_Total,5,115,0.27518081983720044
A09,Monthly_Trolley_Total,6,114,0.26630695075095023
A09,Monthly_Trolley_Total,7,113,0.23338738274930587
A09,Monthly_Trolley_Total,8,112,0.24947182705874404
A09,Monthly_Trolley_Total,9,111,0.23245185581777578
A09,Monthly_Trolley_Total,10,110,0.2326588212117855
A09,Monthly_Trolley_Total,11,109,0.23028776007872562
A09,Monthly_Trolley_Total,12,108,0.22853720005975173
A09,Monthly_Ward_Total,0,120,0.30962776980369583
A09,Monthly_Ward_Total,1,119,0.296879625771248
A09,Monthly_Ward_Total,2,118,0.30694077347542553
A09,Monthly_Ward_Total,3,117,0.30687181873657576
A09,Monthly_Ward_Total,4,116,0.3048774591849698
A09,Monthly_Ward_Total,5,115,0.30110577471054395
A09,Monthly_Ward_Total,6,114,0.2951932732877325
A09,Monthly_Ward_Total,7,113,0.2737529373476551
A09,Monthly_Ward_Total,8,112,0.2951553724351623
A09,Monthly_Ward_Total,9,111,0.279973432467797
A09,Monthly_Ward_Total,10,110,0.2778697099155794
A09,Monthly_Ward_Total,11,109,0.2699449083454361
A09,Monthly_Ward_Total,12,108,0.27813613681174215
A10,Monthly_Total_Pressure,0,120,0.3603555292006231
A10,Monthly_Total_Pressure,1,119,0.3529211690480691
A10,Monthly_Total_Pressure,2,118,0.3663279007657856
A10,Monthly_Total_Pressure,3,117,0.3672073583734522
A10,Monthly_Total_Pressure,4,116,0.360628090561688
A10,Monthly_Total_Pressure,5,115,0.36172195925171724
A10,Monthly_Total_Pressure,6,114,0.3659881416448531
A10,Monthly_Total_Pressure,7,113,0.3476090567937147
A10,Monthly_Total_Pressure,8,112,0.3577074526128138
A10,Monthly_Total_Pressure,9,111,0.3524001507204126
A10,Monthly_Total_Pressure,10,110,0.3557183358162841
A10,Monthly_Total_Pressure,11,109,0.34224992108894964
A10,Monthly_Total_Pressure,12,108,0.34579637989902007
A10,Monthly_Trolley_Total,0,120,0.3048403773471317
A10,Monthly_Trolley_Total,1,119,0.29400836813119696
A10,Monthly_Trolley_Total,2,118,0.3057549577025824
A10,Monthly_Trolley_Total,3,117,0.3045794996545025
A10,Monthly_Trolley_Total,4,116,0.2950765589440252
A10,Monthly_Trolley_Total,5,115,0.29252333447661377
A10,Monthly_Trolley_Total,6,114,0.2916198255987767
A10,Monthly_Trolley_Total,7,113,0.2702119397023273
A10,Monthly_Trolley_Total,8,112,0.27530056803828157
A10,Monthly_Trolley_Total,9,111,0.26505689899711926
A10,Monthly_Trolley_Total,10,110,0.26394776029909445
A10,Monthly_Trolley_Total,11,109,0.2489843963953861
A10,Monthly_Trolley_Total,12,108,0.2467497607918788
A10,Monthly_Ward_Total,0,120,0.3972555772448647
A10,Monthly_Ward_Total,1,119,0.39943797814756254
A10,Monthly_Ward_Total,2,118,0.4136310519275306
A10,Monthly_Ward_Total,3,117,0.4184717970026707
A10,Monthly_Ward_Total,4,116,0.4193364213573945
A10,Monthly_Ward_Total,5,115,0.42744897276121185
A10,Monthly_Ward_Total,6,114,0.44063495839042166
A10,Monthly_Ward_Total,7,113,0.43194048184172906
A10,Monthly_Ward_Total,8,112,0.44983359415474566
A10,Monthly_Ward_Total,9,111,0.4557235260372489
A10,Monthly_Ward_Total,10,110,0.4675969215320947
A10,Monthly_Ward_Total,11,109,0.46024631197528615
A10,Monthly_Ward_Total,12,108,0.4750330737751329
A11,Monthly_Total_Pressure,0,120,0.2368367119144925
A11,Monthly_Total_Pressure,1,119,0.23650710377415313
A11,Monthly_Total_Pressure,2,118,0.25161378600985196
A11,Monthly_Total_Pressure,3,117,0.2644632620294504
A11,Monthly_Total_Pressure,4,116,0.267698058915956
A11,Monthly_Total_Pressure,5,115,0.26884270028269125
A11,Monthly_Total_Pressure,6,114,0.27069242302616847
A11,Monthly_Total_Pressure,7,113,0.2594499866563564
A11,Monthly_Total_Pressure,8,112,0.26413445147490755
A11,Monthly_Total_Pressure,9,111,0.26491382600409363
A11,Monthly_Total_Pressure,10,110,0.26867023330633244
A11,Monthly_Total_Pressure,11,109,0.2722385662162404
A11,Monthly_Total_Pressure,12,108,0.273561938051396
A11,Monthly_Trolley_Total,0,120,0.237619881307787
A11,Monthly_Trolley_Total,1,119,0.24096496877776608
A11,Monthly_Trolley_Total,2,118,0.25837876556469996
A11,Monthly_Trolley_Total,3,117,0.2722999136629887
A11,Monthly_Trolley_Total,4,116,0.27699401504122234
A11,Monthly_Trolley_Total,5,115,0.27889365165914326
A11,Monthly_Trolley_Total,6,114,0.27993971419379554
A11,Monthly_Trolley_Total,7,113,0.26783281002882775
A11,Monthly_Trolley_Total,8,112,0.27329433612310117
A11,Monthly_Trolley_Total,9,111,0.27442311164247346
A11,Monthly_Trolley_Total,10,110,0.27994357143389054
A11,Monthly_Trolley_Total,11,109,0.28723496663118653
A11,Monthly_Trolley_Total,12,108,0.28935363192436075
A11,Monthly_Ward_Total,0,120,0.18491877716351987
A11,Monthly_Ward_Total,1,119,0.17797213640608844
A11,Monthly_Ward_Total,2,118,0.1853681599165548
A11,Monthly_Ward_Total,3,117,0.19337979203875577
A11,Monthly_Ward_Total,4,116,0.19298983794677055
A11,Monthly_Ward_Total,5,115,0.1920763605729033
A11,Monthly_Ward_Total,6,114,0.1947963493564311
A11,Monthly_Ward_Total,7,113,0.1876873963580014
A11,Monthly_Ward_Total,8,112,0.1893327166941769
A11,Monthly_Ward_Total,9,111,0.18914493849159408
A11,Monthly_Ward_Total,10,110,0.18847046195183403
A11,Monthly_Ward_Total,11,109,0.1839749830464106
A11,Monthly_Ward_Total,12,108,0.18337113950048708
A12,Monthly_Total_Pressure,0,120,0.23148771064021523
A12,Monthly_Total_Pressure,1,119,0.20851769708085374
A12,Monthly_Total_Pressure,2,118,0.24731062034890153
A12,Monthly_Total_Pressure,3,117,0.2578033286689635
A12,Monthly_Total_Pressure,4,116,0.2428615944904247
A12,Monthly_Total_Pressure,5,115,0.24464257771671657
A12,Monthly_Total_Pressure,6,114,0.2536015316029035
A12,Monthly_Total_Pressure,7,113,0.20932933632670161
A12,Monthly_Total_Pressure,8,112,0.23379495634561814
A12,Monthly_Total_Pressure,9,111,0.23045467798063124
A12,Monthly_Total_Pressure,10,110,0.24925842733364462
A12,Monthly_Total_Pressure,11,109,0.23190521047067555
A12,Monthly_Total_Pressure,12,108,0.24997183904903686
A12,Monthly_Trolley_Total,0,120,0.21017831043930915
A12,Monthly_Trolley_Total,1,119,0.18705581366172117
A12,Monthly_Trolley_Total,2,118,0.23122457392677873
A12,Monthly_Trolley_Total,3,117,0.24413028362876604
A12,Monthly_Trolley_Total,4,116,0.2310881284469725
A12,Monthly_Trolley_Total,5,115,0.2336476636681634
A12,Monthly_Trolley_Total,6,114,0.24077753116735945
A12,Monthly_Trolley_Total,7,113,0.19846132378310946
A12,Monthly_Trolley_Total,8,112,0.22393135140658138
A12,Monthly_Trolley_Total,9,111,0.21938853107548298
A12,Monthly_Trolley_Total,10,110,0.2376510116292418
A12,Monthly_Trolley_Total,11,109,0.22782613254042008
A12,Monthly_Trolley_Total,12,108,0.24376121249953095
A12,Monthly_Ward_Total,0,120,0.22585811612400195
A12,Monthly_Ward_Total,1,119,0.20875329512495097
A12,Monthly_Ward_Total,2,118,0.22860701709193015
A12,Monthly_Ward_Total,3,117,0.23198869649669304
A12,Monthly_Ward_Total,4,116,0.2163273192356032
A12,Monthly_Ward_Total,5,115,0.2159380198003965
A12,Monthly_Ward_Total,6,114,0.2263427921532205
A12,Monthly_Ward_Total,7,113,0.18733365650996023
A12,Monthly_Ward_Total,8,112,0.20424893617510567
A12,Monthly_Ward_Total,9,111,0.20401703454871137
A12,Monthly_Ward_Total,10,110,0.21995148037047457
A12,Monthly_Ward_Total,11,109,0.1911354078120966
A12,Monthly_Ward_Total,12,108,0.2097460109381229
A14,Monthly_Total_Pressure,0,120,0.27287099791582436
A14,Monthly_Total_Pressure,1,119,0.2811799547754496
A14,Monthly_Total_Pressure,2,118,0.29030670053261604
A14,Monthly_Total_Pressure,3,117,0.29801065806146065
A14,Monthly_Total_Pressure,4,116,0.32649780028546266
A14,Monthly_Total_Pressure,5,115,0.3030161843512015
A14,Monthly_Total_Pressure,6,114,0.30068636543717964
A14,Monthly_Total_Pressure,7,113,0.28714785475978016
A14,Monthly_Total_Pressure,8,112,0.2784888333317184
A14,Monthly_Total_Pressure,9,111,0.27840824515205004
A14,Monthly_Total_Pressure,10,110,0.2894917712008889
A14,Monthly_Total_Pressure,11,109,0.2721571962368169
A14,Monthly_Total_Pressure,12,108,0.3017890184875676
A14,Monthly_Trolley_Total,0,120,0.29235366866311535
A14,Monthly_Trolley_Total,1,119,0.2997679363124264
A14,Monthly_Trolley_Total,2,118,0.3133154896545678
A14,Monthly_Trolley_Total,3,117,0.31874363074290185
A14,Monthly_Trolley_Total,4,116,0.3467859954162732
A14,Monthly_Trolley_Total,5,115,0.3160341459684191
A14,Monthly_Trolley_Total,6,114,0.31201773480822276
A14,Monthly_Trolley_Total,7,113,0.29624400182754823
A14,Monthly_Trolley_Total,8,112,0.2882769643543895
A14,Monthly_Trolley_Total,9,111,0.2859181201000991
A14,Monthly_Trolley_Total,10,110,0.29596125085363384
A14,Monthly_Trolley_Total,11,109,0.2819014272871685
A14,Monthly_Trolley_Total,12,108,0.31147614078368546
A14,Monthly_Ward_Total,0,120,0.1750800751208375
A14,Monthly_Ward_Total,1,119,0.18445825156093446
A14,Monthly_Ward_Total,2,118,0.1828393601809001
A14,Monthly_Ward_Total,3,117,0.19362875405418883
A14,Monthly_Ward_Total,4,116,0.21711210074264983
A14,Monthly_Ward_Total,5,115,0.2130401008526868
A14,Monthly_Ward_Total,6,114,0.21421886839969934
A14,Monthly_Ward_Total,7,113,0.20809395897944563
A14,Monthly_Ward_Total,8,112,0.19935586075187947
A14,Monthly_Ward_Total,9,111,0.2038499354744081
A14,Monthly_Ward_Total,10,110,0.21468018371201814
A14,Monthly_Ward_Total,11,109,0.19463636068312015
A14,Monthly_Ward_Total,12,108,0.21809968402915653
B01,Monthly_Total_Pressure,0,120,0.08025348229722232
B01,Monthly_Total_Pressure,1,119,-0.03554261500903077
B01,Monthly_Total_Pressure,2,118,0.08439399924452302
B01,Monthly_Total_Pressure,3,117,0.08431011613699496
B01,Monthly_Total_Pressure,4,116,0.01958466736371221
B01,Monthly_Total_Pressure,5,115,0.038806611163558276
B01,Monthly_Total_Pressure,6,114,0.08142438030033461
B01,Monthly_Total_Pressure,7,113,-0.05250868870621273
B01,Monthly_Total_Pressure,8,112,0.03379897110905074
B01,Monthly_Total_Pressure,9,111,0.009803823191750433
B01,Monthly_Total_Pressure,10,110,0.06333434655981425
B01,Monthly_Total_Pressure,11,109,-0.03409278217357516
B01,Monthly_Total_Pressure,12,108,0.018191401586218223
B01,Monthly_Trolley_Total,0,120,0.04190895026535598
B01,Monthly_Trolley_Total,1,119,-0.09627078234424043
B01,Monthly_Trolley_Total,2,118,0.03278190893587304
B01,Monthly_Trolley_Total,3,117,0.03500474559858603
B01,Monthly_Trolley_Total,4,116,-0.03318491842927058
B01,Monthly_Trolley_Total,5,115,-0.019083470486399412
B01,Monthly_Trolley_Total,6,114,0.013235410186212895
B01,Monthly_Trolley_Total,7,113,-0.11336190975982062
B01,Monthly_Trolley_Total,8,112,-0.0313740392404389
B01,Monthly_Trolley_Total,9,111,-0.06383740616584695
B01,Monthly_Trolley_Total,10,110,-0.021543312499992678
B01,Monthly_Trolley_Total,11,109,-0.10614589870454741
B01,Monthly_Trolley_Total,12,108,-0.06920714117478576
B01,Monthly_Ward_Total,0,120,0.1415701953069745
B01,Monthly_Ward_Total,1,119,0.09587507007503039
B01,Monthly_Ward_Total,2,118,0.17216074647636398
B01,Monthly_Ward_Total,3,117,0.16733221053051361
B01,Monthly_Ward_Total,4,116,0.12321052641277819
B01,Monthly_Ward_Total,5,115,0.148968765433762
B01,Monthly_Ward_Total,6,114,0.2034112715255385
B01,Monthly_Ward_Total,7,113,0.08247864986078057
B01,Monthly_Ward_Total,8,112,0.15957921859883994
B01,Monthly_Ward_Total,9,111,0.15804123515278135
B01,Monthly_Ward_Total,10,110,0.22333020039103899
B01,Monthly_Ward_Total,11,109,0.120266010374511
B01,Monthly_Ward_Total,12,108,0.19297541700622045
B02,Monthly_Total_Pressure,0,120,0.2710338912159456
B02,Monthly_Total_Pressure,1,119,0.23552840981256634
B02,Monthly_Total_Pressure,2,118,0.27740871386026317
B02,Monthly_Total_Pressure,3,117,0.2886210724076213
B02,Monthly_Total_Pressure,4,116,0.3213095787775306
B02,Monthly_Total_Pressure,5,115,0.336192538830209
B02,Monthly_Total_Pressure,6,114,0.35552489953185823
B02,Monthly_Total_Pressure,7,113,0.33373402841912225
B02,Monthly_Total_Pressure,8,112,0.36406964689022375
B02,Monthly_Total_Pressure,9,111,0.3519679863341271
B02,Monthly_Total_Pressure,10,110,0.38222330000937604
B02,Monthly_Total_Pressure,11,109,0.3931811984699809
B02,Monthly_Total_Pressure,12,108,0.42608488027643665
B02,Monthly_Trolley_Total,0,120,0.2529731143109319
B02,Monthly_Trolley_Total,1,119,0.2202193288153727
B02,Monthly_Trolley_Total,2,118,0.26146962549293085
B02,Monthly_Trolley_Total,3,117,0.27016705086894965
B02,Monthly_Trolley_Total,4,116,0.3032476571555277
B02,Monthly_Trolley_Total,5,115,0.3186069366268658
B02,Monthly_Trolley_Total,6,114,0.33400821002274905
B02,Monthly_Trolley_Total,7,113,0.30822145516923594
B02,Monthly_Trolley_Total,8,112,0.3335832812119297
B02,Monthly_Trolley_Total,9,111,0.32124159736137575
B02,Monthly_Trolley_Total,10,110,0.34824267088424693
B02,Monthly_Trolley_Total,11,109,0.35879269729280383
B02,Monthly_Trolley_Total,12,108,0.388647555297196
B02,Monthly_Ward_Total,0,120,0.25036307578979694
B02,Monthly_Ward_Total,1,119,0.2175562014989917
B02,Monthly_Ward_Total,2,118,0.2521326710018772
B02,Monthly_Ward_Total,3,117,0.26613966547214596
B02,Monthly_Ward_Total,4,116,0.29127715955356476
B02,Monthly_Ward_Total,5,115,0.3018054214387487
B02,Monthly_Ward_Total,6,114,0.32453149688705385
B02,Monthly_Ward_Total,7,113,0.31533521380260854
B02,Monthly_Ward_Total,8,112,0.3489201018153907
B02,Monthly_Ward_Total,9,111,0.33981188818111474
B02,Monthly_Ward_Total,10,110,0.37035369325953543
B02,Monthly_Ward_Total,11,109,0.3801607566266929
B02,Monthly_Ward_Total,12,108,0.4124000871921705
B03,Monthly_Total_Pressure,0,120,0.30396928101545617
B03,Monthly_Total_Pressure,1,119,0.28917323292842667
B03,Monthly_Total_Pressure,2,118,0.3233875384027821
B03,Monthly_Total_Pressure,3,117,0.34093084367631
B03,Monthly_Total_Pressure,4,116,0.3394266740179468
B03,Monthly_Total_Pressure,5,115,0.3359696776012894
B03,Monthly_Total_Pressure,6,114,0.3395974888592066
B03,Monthly_Total_Pressure,7,113,0.29642106650076455
B03,Monthly_Total_Pressure,8,112,0.29528974209363856
B03,Monthly_Total_Pressure,9,111,0.2779679539280128
B03,Monthly_Total_Pressure,10,110,0.2780214259143566
B03,Monthly_Total_Pressure,11,109,0.267206542699019
B03,Monthly_Total_Pressure,12,108,0.2791941576737392
B03,Monthly_Trolley_Total,0,120,0.29237385345769956
B03,Monthly_Trolley_Total,1,119,0.27897031479955053
B03,Monthly_Trolley_Total,2,118,0.314832390127771
B03,Monthly_Trolley_Total,3,117,0.33229657778166694
B03,Monthly_Trolley_Total,4,116,0.3307295048695874
B03,Monthly_Trolley_Total,5,115,0.32649043602791633
B03,Monthly_Trolley_Total,6,114,0.326071792059105
B03,Monthly_Trolley_Total,7,113,0.28034538735303893
B03,Monthly_Trolley_Total,8,112,0.27782573392637666
B03,Monthly_Trolley_Total,9,111,0.25931800811449823
B03,Monthly_Trolley_Total,10,110,0.25909519201107245
B03,Monthly_Trolley_Total,11,109,0.2530344666950925
B03,Monthly_Trolley_Total,12,108,0.2633478260345115
B03,Monthly_Ward_Total,0,120,0.26308752865251744
B03,Monthly_Ward_Total,1,119,0.24956323673112912
B03,Monthly_Ward_Total,2,118,0.273456829068959
B03,Monthly_Ward_Total,3,117,0.2875186215274735
B03,Monthly_Ward_Total,4,116,0.28650867260841956
B03,Monthly_Ward_Total,5,115,0.28506655794175023
B03,Monthly_Ward_Total,6,114,0.29565378092161543
B03,Monthly_Ward_Total,7,113,0.26667102667449666
B03,Monthly_Ward_Total,8,112,0.26818509183135986
B03,Monthly_Ward_Total,9,111,0.256903081197059
B03,Monthly_Ward_Total,10,110,0.25755310901633083
B03,Monthly_Ward_Total,11,109,0.23957366084113216
B03,Monthly_Ward_Total,12,108,0.25247643535129355
B05,Monthly_Total_Pressure,0,120,0.18148320883808736
B05,Monthly_Total_Pressure,1,119,0.15542928305543055
B05,Monthly_Total_Pressure,2,118,0.15515353537085672
B05,Monthly_Total_Pressure,3,117,0.015305420801752337
B05,Monthly_Total_Pressure,4,116,-0.05104755191939893
B05,Monthly_Total_Pressure,5,115,-0.008863930314397297
B05,Monthly_Total_Pressure,6,114,0.003011320350367914
B05,Monthly_Total_Pressure,7,113,0.00586579135753898
B05,Monthly_Total_Pressure,8,112,-0.041679582316348225
B05,Monthly_Total_Pressure,9,111,0.0025762858573331513
B05,Monthly_Total_Pressure,10,110,-0.00933085319035375
B05,Monthly_Total_Pressure,11,109,-0.07852512451589665
B05,Monthly_Total_Pressure,12,108,-0.043375069875009
B05,Monthly_Trolley_Total,0,120,0.15628946015954576
B05,Monthly_Trolley_Total,1,119,0.13265016896265236
B05,Monthly_Trolley_Total,2,118,0.13473423698196316
B05,Monthly_Trolley_Total,3,117,-0.016029439435389564
B05,Monthly_Trolley_Total,4,116,-0.07577271305174324
B05,Monthly_Trolley_Total,5,115,-0.028325651862456544
B05,Monthly_Trolley_Total,6,114,-0.017672233947747737
B05,Monthly_Trolley_Total,7,113,-0.009764013246230935
B05,Monthly_Trolley_Total,8,112,-0.06323460756623878
B05,Monthly_Trolley_Total,9,111,-0.021068908707923183
B05,Monthly_Trolley_Total,10,110,-0.028455313759516643
B05,Monthly_Trolley_Total,11,109,-0.08258038129468144
B05,Monthly_Trolley_Total,12,108,-0.03476558126864825
B05,Monthly_Ward_Total,0,120,0.19441603566139923
B05,Monthly_Ward_Total,1,119,0.1694505040367977
B05,Monthly_Ward_Total,2,118,0.16450087599245844
B05,Monthly_Ward_Total,3,117,0.07604223089279576
B05,Monthly_Ward_Total,4,116,0.010044984048691594
B05,Monthly_Ward_Total,5,115,0.03275349974571081
B05,Monthly_Ward_Total,6,114,0.04458201834484293
B05,Monthly_Ward_Total,7,113,0.036457035493440496
B05,Monthly_Ward_Total,8,112,0.011149930799119443
B05,Monthly_Ward_Total,9,111,0.050294896917544324
B05,Monthly_Ward_Total,10,110,0.03174025255610054
B05,Monthly_Ward_Total,11,109,-0.053618235755366235
B05,Monthly_Ward_Total,12,108,-0.05178949466138224
C01,Monthly_Total_Pressure,0,120,-0.048810550421093016
C01,Monthly_Total_Pressure,1,119,-0.12244865099450705
C01,Monthly_Total_Pressure,2,118,-0.05345759558183051
C01,Monthly_Total_Pressure,3,117,-0.0651874911668329
C01,Monthly_Total_Pressure,4,116,-0.09711118411966198
C01,Monthly_Total_Pressure,5,115,-0.07061553624514126
C01,Monthly_Total_Pressure,6,114,-0.04830842457472999
C01,Monthly_Total_Pressure,7,113,-0.12894841948531993
C01,Monthly_Total_Pressure,8,112,-0.08306110655352192
C01,Monthly_Total_Pressure,9,111,-0.10657761146822416
C01,Monthly_Total_Pressure,10,110,-0.083926399102771
C01,Monthly_Total_Pressure,11,109,-0.15469195714126083
C01,Monthly_Total_Pressure,12,108,-0.11822629706691867
C01,Monthly_Trolley_Total,0,120,-0.09520428423350448
C01,Monthly_Trolley_Total,1,119,-0.18386691039727265
C01,Monthly_Trolley_Total,2,118,-0.11150951415448952
C01,Monthly_Trolley_Total,3,117,-0.12300109099859394
C01,Monthly_Trolley_Total,4,116,-0.16048835766360456
C01,Monthly_Trolley_Total,5,115,-0.137534747627016
C01,Monthly_Trolley_Total,6,114,-0.11940203607533706
C01,Monthly_Trolley_Total,7,113,-0.19418413776168486
C01,Monthly_Trolley_Total,8,112,-0.15369892815082445
C01,Monthly_Trolley_Total,9,111,-0.18319047255949059
C01,Monthly_Trolley_Total,10,110,-0.16792954062949242
C01,Monthly_Trolley_Total,11,109,-0.23249879227513842
C01,Monthly_Trolley_Total,12,108,-0.20475769121879608
C01,Monthly_Ward_Total,0,120,0.05637719823929597
C01,Monthly_Ward_Total,1,119,0.028542589954114798
C01,Monthly_Ward_Total,2,118,0.07618295691678263
C01,Monthly_Ward_Total,3,117,0.06633713158398534
C01,Monthly_Ward_Total,4,116,0.05246111417559043
C01,Monthly_Ward_Total,5,115,0.08088112148340604
C01,Monthly_Ward_Total,6,114,0.1069362725980955
C01,Monthly_Ward_Total,7,113,0.031076763361235094
C01,Monthly_Ward_Total,8,112,0.07869453914384007
C01,Monthly_Ward_Total,9,111,0.07248471022615721
C01,Monthly_Ward_Total,10,110,0.10561191643220647
C01,Monthly_Ward_Total,11,109,0.036950231029704766
C01,Monthly_Ward_Total,12,108,0.08366539415747785
C02,Monthly_Total_Pressure,0,120,0.29807988069151053
C02,Monthly_Total_Pressure,1,119,0.26184067678349077
C02,Monthly_Total_Pressure,2,118,0.30967968395350476
C02,Monthly_Total_Pressure,3,117,0.3180652260125462
C02,Monthly_Total_Pressure,4,116,0.2894918642845349
C02,Monthly_Total_Pressure,5,115,0.2947320641446594
C02,Monthly_Total_Pressure,6,114,0.31366410130791283
C02,Monthly_Total_Pressure,7,113,0.25666582800064774
C02,Monthly_Total_Pressure,8,112,0.29552634758157825
C02,Monthly_Total_Pressure,9,111,0.2742405389531491
C02,Monthly_Total_Pressure,10,110,0.28794604564167003
C02,Monthly_Total_Pressure,11,109,0.24476781213574147
C02,Monthly_Total_Pressure,12,108,0.2569776920372354
C02,Monthly_Trolley_Total,0,120,0.2531309941839341
C02,Monthly_Trolley_Total,1,119,0.20900449768673138
C02,Monthly_Trolley_Total,2,118,0.26150233273792955
C02,Monthly_Trolley_Total,3,117,0.2702473430003838
C02,Monthly_Trolley_Total,4,116,0.240895866630201
C02,Monthly_Trolley_Total,5,115,0.2452008953208146
C02,Monthly_Trolley_Total,6,114,0.2555854483823429
C02,Monthly_Trolley_Total,7,113,0.20015690207549813
C02,Monthly_Trolley_Total,8,112,0.23678581859409392
C02,Monthly_Trolley_Total,9,111,0.2118243258540845
C02,Monthly_Trolley_Total,10,110,0.22019497145609018
C02,Monthly_Trolley_Total,11,109,0.1840329720293721
C02,Monthly_Trolley_Total,12,108,0.19071873818926785
C02,Monthly_Ward_Total,0,120,0.3266158367515986
C02,Monthly_Ward_Total,1,119,0.31498795418579
C02,Monthly_Ward_Total,2,118,0.34348553302868934
C02,Monthly_Ward_Total,3,117,0.34935409829576347
C02,Monthly_Ward_Total,4,116,0.32840437680583007
C02,Monthly_Ward_Total,5,115,0.3342867350838483
C02,Monthly_Ward_Total,6,114,0.3660947421957308
C02,Monthly_Ward_Total,7,113,0.31763247110412207
C02,Monthly_Ward_Total,8,112,0.35258046374070356
C02,Monthly_Ward_Total,9,111,0.34330826064378195
C02,Monthly_Ward_Total,10,110,0.36515291663934335
C02,Monthly_Ward_Total,11,109,0.31697212609738035
C02,Monthly_Ward_Total,12,108,0.3380023795020636
C03,Monthly_Total_Pressure,0,120,0.14190492047830755
C03,Monthly_Total_Pressure,1,119,0.050387645344861905
C03,Monthly_Total_Pressure,2,118,0.1753465599448187
C03,Monthly_Total_Pressure,3,117,0.20456392733929377
C03,Monthly_Total_Pressure,4,116,0.16888976725166785
C03,Monthly_Total_Pressure,5,115,0.19051771384777583
C03,Monthly_Total_Pressure,6,114,0.23336359836282444
C03,Monthly_Total_Pressure,7,113,0.10201791758308615
C03,Monthly_Total_Pressure,8,112,0.16046491949645802
C03,Monthly_Total_Pressure,9,111,0.10141561202072341
C03,Monthly_Total_Pressure,10,110,0.105446188907006
C03,Monthly_Total_Pressure,11,109,-0.013056570012487794
C03,Monthly_Total_Pressure,12,108,0.04157862696540566
C03,Monthly_Trolley_Total,0,120,0.07390216425346689
C03,Monthly_Trolley_Total,1,119,-0.03448405926580595
C03,Monthly_Trolley_Total,2,118,0.09941102192355936
C03,Monthly_Trolley_Total,3,117,0.12867508096415606
C03,Monthly_Trolley_Total,4,116,0.08849902068217719
C03,Monthly_Trolley_Total,5,115,0.1082102017775944
C03,Monthly_Trolley_Total,6,114,0.1391201275270197
C03,Monthly_Trolley_Total,7,113,0.015204101602963075
C03,Monthly_Trolley_Total,8,112,0.06781393098061629
C03,Monthly_Trolley_Total,9,111,0.001154362416552575
C03,Monthly_Trolley_Total,10,110,-0.000950814458144667
C03,Monthly_Trolley_Total,11,109,-0.1058228155334153
C03,Monthly_Trolley_Total,12,108,-0.0622527644431435
C03,Monthly_Ward_Total,0,120,0.2507377278704321
C03,Monthly_Ward_Total,1,119,0.21313857730273078
C03,Monthly_Ward_Total,2,118,0.2938096075907045
C03,Monthly_Ward_Total,3,117,0.3167655645486041
C03,Monthly_Ward_Total,4,116,0.2978052751272149
C03,Monthly_Ward_Total,5,115,0.3188370618678167
C03,Monthly_Ward_Total,6,114,0.3765060039433009
C03,Monthly_Ward_Total,7,113,0.2572958115695739
C03,Monthly_Ward_Total,8,112,0.31539376954406256
C03,Monthly_Ward_Total,9,111,0.2845027315471352
C03,Monthly_Ward_Total,10,110,0.30046328496811936
C03,Monthly_Ward_Total,11,109,0.17914690176145423
C03,Monthly_Ward_Total,12,108,0.24499883932062938
C04,Monthly_Total_Pressure,0,120,-0.36471815758124576
C04,Monthly_Total_Pressure,1,119,-0.3809049137029013
C04,Monthly_Total_Pressure,2,118,-0.32581805366219957
C04,Monthly_Total_Pressure,3,117,-0.30970869103538373
C04,Monthly_Total_Pressure,4,116,-0.3366913761217595
C04,Monthly_Total_Pressure,5,115,-0.34981639214807564
C04,Monthly_Total_Pressure,6,114,-0.3289203784884109
C04,Monthly_Total_Pressure,7,113,-0.3675248038078445
C04,Monthly_Total_Pressure,8,112,-0.3203341619537765
C04,Monthly_Total_Pressure,9,111,-0.3276472747992211
C04,Monthly_Total_Pressure,10,110,-0.30208327379219196
C04,Monthly_Total_Pressure,11,109,-0.29512812962665924
C04,Monthly_Total_Pressure,12,108,-0.25818607601973853
C04,Monthly_Trolley_Total,0,120,-0.324453338893642
C04,Monthly_Trolley_Total,1,119,-0.3404963138011036
C04,Monthly_Trolley_Total,2,118,-0.27158006670744045
C04,Monthly_Trolley_Total,3,117,-0.2468499673784667
C04,Monthly_Trolley_Total,4,116,-0.27036027486677766
C04,Monthly_Trolley_Total,5,115,-0.283903976428578
C04,Monthly_Trolley_Total,6,114,-0.2648099222810117
C04,Monthly_Trolley_Total,7,113,-0.2995318400788503
C04,Monthly_Trolley_Total,8,112,-0.24527454405732718
C04,Monthly_Trolley_Total,9,111,-0.24353923158233756
C04,Monthly_Trolley_Total,10,110,-0.21921368930577123
C04,Monthly_Trolley_Total,11,109,-0.20879992284184867
C04,Monthly_Trolley_Total,12,108,-0.17543856443073666
C04,Monthly_Ward_Total,0,120,-0.3695233163747284
C04,Monthly_Ward_Total,1,119,-0.3837926731649679
C04,Monthly_Ward_Total,2,118,-0.3686320860758918
C04,Monthly_Ward_Total,3,117,-0.3734229157698611
C04,Monthly_Ward_Total,4,116,-0.4019744710455867
C04,Monthly_Ward_Total,5,115,-0.4113192900711988
C04,Monthly_Ward_Total,6,114,-0.39044495798781553
C04,Monthly_Ward_Total,7,113,-0.4285078262486943
C04,Monthly_Ward_Total,8,112,-0.4054108318611822
C04,Monthly_Ward_Total,9,111,-0.4296325715358649
C04,Monthly_Ward_Total,10,110,-0.4071811747829058
C04,Monthly_Ward_Total,11,109,-0.40893451972282163
C04,Monthly_Ward_Total,12,108,-0.37265615522406437
C05,Monthly_Total_Pressure,0,120,0.4010996024064273
C05,Monthly_Total_Pressure,1,119,0.28879913886321634
C05,Monthly_Total_Pressure,2,118,0.387325503921449
C05,Monthly_Total_Pressure,3,117,0.410477029451513
C05,Monthly_Total_Pressure,4,116,0.41061673836394724
C05,Monthly_Total_Pressure,5,115,0.4112323485273099
C05,Monthly_Total_Pressure,6,114,0.461112179631494
C05,Monthly_Total_Pressure,7,113,0.37276795836646287
C05,Monthly_Total_Pressure,8,112,0.4579638291158782
C05,Monthly_Total_Pressure,9,111,0.4252489575842409
C05,Monthly_Total_Pressure,10,110,0.3924137094614376
C05,Monthly_Total_Pressure,11,109,0.336750023872664
C05,Monthly_Total_Pressure,12,108,0.3986941764769084
C05,Monthly_Trolley_Total,0,120,0.37979707251386396
C05,Monthly_Trolley_Total,1,119,0.2649542729185246
C05,Monthly_Trolley_Total,2,118,0.3593868039944948
C05,Monthly_Trolley_Total,3,117,0.3776320433288043
C05,Monthly_Trolley_Total,4,116,0.3793061772548454
C05,Monthly_Trolley_Total,5,115,0.37829917436404625
C05,Monthly_Trolley_Total,6,114,0.42596864078942287
C05,Monthly_Trolley_Total,7,113,0.3333358061117417
C05,Monthly_Trolley_Total,8,112,0.4071530592844298
C05,Monthly_Trolley_Total,9,111,0.3628417036299784
C05,Monthly_Trolley_Total,10,110,0.32204093198722844
C05,Monthly_Trolley_Total,11,109,0.2682729422928402
C05,Monthly_Trolley_Total,12,108,0.3290772404430302
C05,Monthly_Ward_Total,0,120,0.3594209427543738
C05,Monthly_Ward_Total,1,119,0.27712011538578357
C05,Monthly_Ward_Total,2,118,0.3636372610025695
C05,Monthly_Ward_Total,3,117,0.3919677685929816
C05,Monthly_Ward_Total,4,116,0.3890311077441864
C05,Monthly_Ward_Total,5,115,0.3925076426560661
C05,Monthly_Ward_Total,6,114,0.43568046231629215
C05,Monthly_Ward_Total,7,113,0.3744859043758065
C05,Monthly_Ward_Total,8,112,0.4643309927282354
C05,Monthly_Ward_Total,9,111,0.46217290883403656
C05,Monthly_Ward_Total,10,110,0.4527532038207648
C05,Monthly_Ward_Total,11,109,0.4052900864411115
C05,Monthly_Ward_Total,12,108,0.45658047069632846
C07,Monthly_Total_Pressure,0,120,0.3175405680175986
C07,Monthly_Total_Pressure,1,119,0.24409208431369722
C07,Monthly_Total_Pressure,2,118,0.33213705007320493
C07,Monthly_Total_Pressure,3,117,0.341315767113934
C07,Monthly_Total_Pressure,4,116,0.29554712132606004
C07,Monthly_Total_Pressure,5,115,0.30948158891851907
C07,Monthly_Total_Pressure,6,114,0.335027159339886
C07,Monthly_Total_Pressure,7,113,0.22428594290332654
C07,Monthly_Total_Pressure,8,112,0.28260101974141666
C07,Monthly_Total_Pressure,9,111,0.2560493211926816
C07,Monthly_Total_Pressure,10,110,0.29118387668208034
C07,Monthly_Total_Pressure,11,109,0.21768851483073276
C07,Monthly_Total_Pressure,12,108,0.2514429982141607
C07,Monthly_Trolley_Total,0,120,0.2810414014996978
C07,Monthly_Trolley_Total,1,119,0.19454383899216163
C07,Monthly_Trolley_Total,2,118,0.28927654650959855
C07,Monthly_Trolley_Total,3,117,0.2985329660133682
C07,Monthly_Trolley_Total,4,116,0.25051448477401206
C07,Monthly_Trolley_Total,5,115,0.26081363787696965
C07,Monthly_Trolley_Total,6,114,0.27556113664111775
C07,Monthly_Trolley_Total,7,113,0.16845806104164215
C07,Monthly_Trolley_Total,8,112,0.22204510697238272
C07,Monthly_Trolley_Total,9,111,0.1887333938621995
C07,Monthly_Trolley_Total,10,110,0.2162173665980029
C07,Monthly_Trolley_Total,11,109,0.15611505988581023
C07,Monthly_Trolley_Total,12,108,0.17848258553747368
C07,Monthly_Ward_Total,0,120,0.3246727876273294
C07,Monthly_Ward_Total,1,119,0.2942360907935103
C07,Monthly_Ward_Total,2,118,0.35040962164129114
C07,Monthly_Ward_Total,3,117,0.3574888737659736
C07,Monthly_Ward_Total,4,116,0.3259260558445664
C07,Monthly_Ward_Total,5,115,0.34418758380303954
C07,Monthly_Ward_Total,6,114,0.3857881875888311
C07,Monthly_Ward_Total,7,113,0.2906914425553682
C07,Monthly_Ward_Total,8,112,0.34610467807887285
C07,Monthly_Ward_Total,9,111,0.3389887722825944
C07,Monthly_Ward_Total,10,110,0.38244857620526723
C07,Monthly_Ward_Total,11,109,0.2973386928310823
C07,Monthly_Ward_Total,12,108,0.34733660987503606
C08,Monthly_Total_Pressure,0,120,0.29585769170833176
C08,Monthly_Total_Pressure,1,119,0.27079634635771777
C08,Monthly_Total_Pressure,2,118,0.3026762564414799
C08,Monthly_Total_Pressure,3,117,0.3094853840140055
C08,Monthly_Total_Pressure,4,116,0.29446345626499126
C08,Monthly_Total_Pressure,5,115,0.29475636162837476
C08,Monthly_Total_Pressure,6,114,0.302454807658735
C08,Monthly_Total_Pressure,7,113,0.2605481273389728
C08,Monthly_Total_Pressure,8,112,0.2798009548362206
C08,Monthly_Total_Pressure,9,111,0.26870843055292953
C08,Monthly_Total_Pressure,10,110,0.27893776066206066
C08,Monthly_Total_Pressure,11,109,0.25550499022694784
C08,Monthly_Total_Pressure,12,108,0.25989516407635505
C08,Monthly_Trolley_Total,0,120,0.2792328444641234
C08,Monthly_Trolley_Total,1,119,0.25282601038333397
C08,Monthly_Trolley_Total,2,118,0.2882019953854893
C08,Monthly_Trolley_Total,3,117,0.295751916609783
C08,Monthly_Trolley_Total,4,116,0.2810968221143174
C08,Monthly_Trolley_Total,5,115,0.2806871928956448
C08,Monthly_Trolley_Total,6,114,0.28449055356765357
C08,Monthly_Trolley_Total,7,113,0.24316015178545677
C08,Monthly_Trolley_Total,8,112,0.26216433862704774
C08,Monthly_Trolley_Total,9,111,0.24897720196233128
C08,Monthly_Trolley_Total,10,110,0.2577861567867998
C08,Monthly_Trolley_Total,11,109,0.24096148818163993
C08,Monthly_Trolley_Total,12,108,0.243024552433199
C08,Monthly_Ward_Total,0,120,0.2669782209418041
C08,Monthly_Ward_Total,1,119,0.2508861267146648
C08,Monthly_Ward_Total,2,118,0.2691443288959211
C08,Monthly_Ward_Total,3,117,0.2730269988641086
C08,Monthly_Ward_Total,4,116,0.2604372889107272
C08,Monthly_Ward_Total,5,115,0.26185130677831603
C08,Monthly_Ward_Total,6,114,0.27539289855356325
C08,Monthly_Ward_Total,7,113,0.24103242152167906
C08,Monthly_Ward_Total,8,112,0.25633898636694785
C08,Monthly_Ward_Total,9,111,0.25182063710151986
C08,Monthly_Ward_Total,10,110,0.26282263353670376
C08,Monthly_Ward_Total,11,109,0.23110809343682728
C08,Monthly_Ward_Total,12,108,0.23935664037142423
C09,Monthly_Total_Pressure,0,120,0.30979871600275843
C09,Monthly_Total_Pressure,1,119,0.27504071787873346
C09,Monthly_Total_Pressure,2,118,0.3197135759988396
C09,Monthly_Total_Pressure,3,117,0.32861428988616825
C09,Monthly_Total_Pressure,4,116,0.30698148237864764
C09,Monthly_Total_Pressure,5,115,0.30845157904655157
C09,Monthly_Total_Pressure,6,114,0.32153164488130664
C09,Monthly_Total_Pressure,7,113,0.2619293492862828
C09,Monthly_Total_Pressure,8,112,0.28934179506486046
C09,Monthly_Total_Pressure,9,111,0.2727472041862356
C09,Monthly_Total_Pressure,10,110,0.28636067367183493
C09,Monthly_Total_Pressure,11,109,0.25226778698765906
C09,Monthly_Total_Pressure,12,108,0.2649858851293783
C09,Monthly_Trolley_Total,0,120,0.2828676787564206
C09,Monthly_Trolley_Total,1,119,0.24369205795701745
C09,Monthly_Trolley_Total,2,118,0.2923038352321763
C09,Monthly_Trolley_Total,3,117,0.30157518431430014
C09,Monthly_Trolley_Total,4,116,0.2795459926354277
C09,Monthly_Trolley_Total,5,115,0.27935604071150205
C09,Monthly_Trolley_Total,6,114,0.2871614039087405
C09,Monthly_Trolley_Total,7,113,0.22860084231954186
C09,Monthly_Trolley_Total,8,112,0.25431034203925995
C09,Monthly_Trolley_Total,9,111,0.23400507606018248
C09,Monthly_Trolley_Total,10,110,0.24434646543486385
C09,Monthly_Trolley_Total,11,109,0.21813123274741975
C09,Monthly_Trolley_Total,12,108,0.22589193991240067
C09,Monthly_Ward_Total,0,120,0.29902077505322344
C09,Monthly_Ward_Total,1,119,0.2815579049694025
C09,Monthly_Ward_Total,2,118,0.30903594120733147
C09,Monthly_Ward_Total,3,117,0.31531522346809426
C09,Monthly_Ward_Total,4,116,0.29906376413306096
C09,Monthly_Ward_Total,5,115,0.3033833807994575
C09,Monthly_Ward_Total,6,114,0.32392746867683037
C09,Monthly_Ward_Total,7,113,0.2745829863702935
C09,Monthly_Ward_Total,8,112,0.29934045188170305
C09,Monthly_Ward_Total,9,111,0.2938069544629623
C09,Monthly_Ward_Total,10,110,0.31130464588472917
C09,Monthly_Ward_Total,11,109,0.2685674945788
C09,Monthly_Ward_Total,12,108,0.28879224456985775
C10,Monthly_Total_Pressure,0,120,0.31626493223876284
C10,Monthly_Total_Pressure,1,119,0.2975231243259063
C10,Monthly_Total_Pressure,2,118,0.3276952890181056
C10,Monthly_Total_Pressure,3,117,0.33335133180692145
C10,Monthly_Total_Pressure,4,116,0.3174043385515589
C10,Monthly_Total_Pressure,5,115,0.31658674291165223
C10,Monthly_Total_Pressure,6,114,0.32170372571179234
C10,Monthly_Total_Pressure,7,113,0.27807932131737517
C10,Monthly_Total_Pressure,8,112,0.2942763278711095
C10,Monthly_Total_Pressure,9,111,0.2847692435724818
C10,Monthly_Total_Pressure,10,110,0.29616429867099126
C10,Monthly_Total_Pressure,11,109,0.27526587471054176
C10,Monthly_Total_Pressure,12,108,0.2842851168875869
C10,Monthly_Trolley_Total,0,120,0.2787529411697593
C10,Monthly_Trolley_Total,1,119,0.2573078422815519
C10,Monthly_Trolley_Total,2,118,0.2899171882592003
C10,Monthly_Trolley_Total,3,117,0.2957348740912162
C10,Monthly_Trolley_Total,4,116,0.27917447072705626
C10,Monthly_Trolley_Total,5,115,0.27684314416403627
C10,Monthly_Trolley_Total,6,114,0.27780304740322526
C10,Monthly_Trolley_Total,7,113,0.23442977255889777
C10,Monthly_Trolley_Total,8,112,0.24933032669270752
C10,Monthly_Trolley_Total,9,111,0.23704039494222134
C10,Monthly_Trolley_Total,10,110,0.24643973601758062
C10,Monthly_Trolley_Total,11,109,0.2313811558458691
C10,Monthly_Trolley_Total,12,108,0.236931531675671
C10,Monthly_Ward_Total,0,120,0.3257381385115717
C10,Monthly_Ward_Total,1,119,0.317444162991756
C10,Monthly_Ward_Total,2,118,0.33651894115054803
C10,Monthly_Ward_Total,3,117,0.34064396406758823
C10,Monthly_Ward_Total,4,116,0.329348035150235
C10,Monthly_Ward_Total,5,115,0.3315727320898358
C10,Monthly_Ward_Total,6,114,0.34351029330498406
C10,Monthly_Ward_Total,7,113,0.30834579000712103
C10,Monthly_Ward_Total,8,112,0.3234535221920419
C10,Monthly_Ward_Total,9,111,0.32161592799418337
C10,Monthly_Ward_Total,10,110,0.3347807232625207
C10,Monthly_Ward_Total,11,109,0.30660319807638514
C10,Monthly_Ward_Total,12,108,0.32088777058838763
D01,Monthly_Total_Pressure,0,120,0.3074320989871025
D01,Monthly_Total_Pressure,1,119,0.1717219622473265
D01,Monthly_Total_Pressure,2,118,0.2802738093419176
D01,Monthly_Total_Pressure,3,117,0.30923749414563856
D01,Monthly_Total_Pressure,4,116,0.31925340135646935
D01,Monthly_Total_Pressure,5,115,0.31597838239477777
D01,Monthly_Total_Pressure,6,114,0.3672445774946035
D01,Monthly_Total_Pressure,7,113,0.22305387484716893
D01,Monthly_Total_Pressure,8,112,0.2787324737979499
D01,Monthly_Total_Pressure,9,111,0.206143586920618
D01,Monthly_Total_Pressure,10,110,0.19019779149502242
D01,Monthly_Total_Pressure,11,109,0.14726919619338696
D01,Monthly_Total_Pressure,12,108,0.19184758122055703
D01,Monthly_Trolley_Total,0,120,0.2982710856772995
D01,Monthly_Trolley_Total,1,119,0.16327735619877498
D01,Monthly_Trolley_Total,2,118,0.2691524828267299
D01,Monthly_Trolley_Total,3,117,0.2947942208784027
D01,Monthly_Trolley_Total,4,116,0.30804892579269333
D01,Monthly_Trolley_Total,5,115,0.30457995912145497
D01,Monthly_Trolley_Total,6,114,0.3465155652690356
D01,Monthly_Trolley_Total,7,113,0.2030213244590745
D01,Monthly_Trolley_Total,8,112,0.24776967992446985
D01,Monthly_Trolley_Total,9,111,0.17306972054190486
D01,Monthly_Trolley_Total,10,110,0.15405972220309327
D01,Monthly_Trolley_Total,11,109,0.11580282066848663
D01,Monthly_Trolley_Total,12,108,0.15842817998941613
D01,Monthly_Ward_Total,0,120,0.2608392920798633
D01,Monthly_Ward_Total,1,119,0.15307099938132687
D01,Monthly_Ward_Total,2,118,0.2445662996074533
D01,Monthly_Ward_Total,3,117,0.27427880846266334
D01,Monthly_Ward_Total,4,116,0.27565294423401693
D01,Monthly_Ward_Total,5,115,0.27317780347166826
D01,Monthly_Ward_Total,6,114,0.3321749203573613
D01,Monthly_Ward_Total,7,113,0.21682726247478007
D01,Monthly_Ward_Total,8,112,0.282684494620758
D01,Monthly_Ward_Total,9,111,0.22980200559258707
D01,Monthly_Ward_Total,10,110,0.2235909833016644
D01,Monthly_Ward_Total,11,109,0.18034674776472243
D01,Monthly_Ward_Total,12,108,0.2195392630101291
D02,Monthly_Total_Pressure,0,120,0.1925558664733767
D02,Monthly_Total_Pressure,1,119,-0.021656271016845186
D02,Monthly_Total_Pressure,2,118,0.05742148745709287
D02,Monthly_Total_Pressure,3,117,0.06375849024378914
D02,Monthly_Total_Pressure,4,116,0.08507506875827323
D02,Monthly_Total_Pressure,5,115,0.11983228300750233
D02,Monthly_Total_Pressure,6,114,0.2234786006830927
D02,Monthly_Total_Pressure,7,113,0.17448859663377114
D02,Monthly_Total_Pressure,8,112,0.30986135711357127
D02,Monthly_Total_Pressure,9,111,0.2921783005245674
D02,Monthly_Total_Pressure,10,110,0.3049570590895586
D02,Monthly_Total_Pressure,11,109,0.2042554806378756
D02,Monthly_Total_Pressure,12,108,0.240001506501285
D02,Monthly_Trolley_Total,0,120,0.15559913742208273
D02,Monthly_Trolley_Total,1,119,-0.06490140083657826
D02,Monthly_Trolley_Total,2,118,0.012694066729023996
D02,Monthly_Trolley_Total,3,117,0.018894436800220727
D02,Monthly_Trolley_Total,4,116,0.03963926767898127
D02,Monthly_Trolley_Total,5,115,0.07662254764849633
D02,Monthly_Trolley_Total,6,114,0.17476607977070877
D02,Monthly_Trolley_Total,7,113,0.1291541813052809
D02,Monthly_Trolley_Total,8,112,0.25258455286587767
D02,Monthly_Trolley_Total,9,111,0.2296749962132882
D02,Monthly_Trolley_Total,10,110,0.23695304213136373
D02,Monthly_Trolley_Total,11,109,0.1416178494442562
D02,Monthly_Trolley_Total,12,108,0.16889400428717788
D02,Monthly_Ward_Total,0,120,0.22717695429590434
D02,Monthly_Ward_Total,1,119,0.07116383188184146
D02,Monthly_Ward_Total,2,118,0.13675581182362723
D02,Monthly_Ward_Total,3,117,0.14200153004835192
D02,Monthly_Ward_Total,4,116,0.16009739860208466
D02,Monthly_Ward_Total,5,115,0.18305292845015264
D02,Monthly_Ward_Total,6,114,0.27579691516200266
D02,Monthly_Ward_Total,7,113,0.23002303585450515
D02,Monthly_Ward_Total,8,112,0.36088387540568395
D02,Monthly_Ward_Total,9,111,0.35760772699306015
D02,Monthly_Ward_Total,10,110,0.37906178768335086
D02,Monthly_Ward_Total,11,109,0.2889229124643018
D02,Monthly_Ward_Total,12,108,0.3345301262957441
D03,Monthly_Total_Pressure,0,120,-0.015704298402203016
D03,Monthly_Total_Pressure,1,119,-0.08092696994418228
D03,Monthly_Total_Pressure,2,118,-0.11224458428678306
D03,Monthly_Total_Pressure,3,117,-0.1365656522541847
D03,Monthly_Total_Pressure,4,116,-0.13557438801185454
D03,Monthly_Total_Pressure,5,115,-0.06592887369080633
D03,Monthly_Total_Pressure,6,114,-0.0240161297654534
D03,Monthly_Total_Pressure,7,113,-0.02484073363783172
D03,Monthly_Total_Pressure,8,112,-0.01088207239880773
D03,Monthly_Total_Pressure,9,111,-0.06415049721816932
D03,Monthly_Total_Pressure,10,110,-0.09539281142508399
D03,Monthly_Total_Pressure,11,109,-0.16058656176174144
D03,Monthly_Total_Pressure,12,108,-0.15317074642052592
D03,Monthly_Trolley_Total,0,120,-0.11244338708670067
D03,Monthly_Trolley_Total,1,119,-0.17932463302875337
D03,Monthly_Trolley_Total,2,118,-0.21154110699690196
D03,Monthly_Trolley_Total,3,117,-0.24252858618247847
D03,Monthly_Trolley_Total,4,116,-0.23883994326535804
D03,Monthly_Trolley_Total,5,115,-0.16740068675838965
D03,Monthly_Trolley_Total,6,114,-0.11961900604337604
D03,Monthly_Trolley_Total,7,113,-0.1138347269921038
D03,Monthly_Trolley_Total,8,112,-0.11778438775498502
D03,Monthly_Trolley_Total,9,111,-0.17268532555941274
D03,Monthly_Trolley_Total,10,110,-0.20200993644253815
D03,Monthly_Trolley_Total,11,109,-0.2674057743487751
D03,Monthly_Trolley_Total,12,108,-0.2628431780804933
D03,Monthly_Ward_Total,0,120,0.18534366793856125
D03,Monthly_Ward_Total,1,119,0.13688654510432496
D03,Monthly_Ward_Total,2,118,0.1138388086267331
D03,Monthly_Ward_Total,3,117,0.10805749495817527
D03,Monthly_Ward_Total,4,116,0.10341870020792429
D03,Monthly_Ward_Total,5,115,0.1551841256200492
D03,Monthly_Ward_Total,6,114,0.17612241503340792
D03,Monthly_Ward_Total,7,113,0.16161865119342927
D03,Monthly_Ward_Total,8,112,0.20952327882526597
D03,Monthly_Ward_Total,9,111,0.17104787300546767
D03,Monthly_Ward_Total,10,110,0.14280272662016552
D03,Monthly_Ward_Total,11,109,0.09155018462534746
D03,Monthly_Ward_Total,12,108,0.10341710768335467
D05,Monthly_Total_Pressure,0,120,0.29866705668234356
D05,Monthly_Total_Pressure,1,119,0.1773078648969605
D05,Monthly_Total_Pressure,2,118,0.26287697888028755
D05,Monthly_Total_Pressure,3,117,0.2858931176794889
D05,Monthly_Total_Pressure,4,116,0.30233499969698785
D05,Monthly_Total_Pressure,5,115,0.3164953198623342
D05,Monthly_Total_Pressure,6,114,0.36003009102344385
D05,Monthly_Total_Pressure,7,113,0.282646187149766
D05,Monthly_Total_Pressure,8,112,0.33861886787748907
D05,Monthly_Total_Pressure,9,111,0.30544011655522185
D05,Monthly_Total_Pressure,10,110,0.300939419691652
D05,Monthly_Total_Pressure,11,109,0.2472632713406088
D05,Monthly_Total_Pressure,12,108,0.28810839529665483
D05,Monthly_Trolley_Total,0,120,0.328473822432537
D05,Monthly_Trolley_Total,1,119,0.20556904578909435
D05,Monthly_Trolley_Total,2,118,0.28487555526847513
D05,Monthly_Trolley_Total,3,117,0.30195397018897757
D05,Monthly_Trolley_Total,4,116,0.31620487020355664
D05,Monthly_Trolley_Total,5,115,0.3260636877788931
D05,Monthly_Trolley_Total,6,114,0.3593055665500363
D05,Monthly_Trolley_Total,7,113,0.2764767447547821
D05,Monthly_Trolley_Total,8,112,0.32062359416978126
D05,Monthly_Trolley_Total,9,111,0.2789281055296617
D05,Monthly_Trolley_Total,10,110,0.26848718807617994
D05,Monthly_Trolley_Total,11,109,0.21804980527098838
D05,Monthly_Trolley_Total,12,108,0.2519906425254325
D05,Monthly_Ward_Total,0,120,0.17429563824296562
D05,Monthly_Ward_Total,1,119,0.0825471184902783
D05,Monthly_Ward_Total,2,118,0.16318812878494685
D05,Monthly_Ward_Total,3,117,0.1935671518723921
D05,Monthly_Ward_Total,4,116,0.21107990785958294
D05,Monthly_Ward_Total,5,115,0.2307480489372293
D05,Monthly_Ward_Total,6,114,0.28566086313637046
D05,Monthly_Ward_Total,7,113,0.23562733298976768
D05,Monthly_Ward_Total,8,112,0.3033929356931834
D05,Monthly_Ward_Total,9,111,0.2945795766095608
D05,Monthly_Ward_Total,10,110,0.30323929544325096
D05,Monthly_Ward_Total,11,109,0.25456905259173906
D05,Monthly_Ward_Total,12,108,0.30093656258396295
D06,Monthly_Total_Pressure,0,120,0.15676964943151842
D06,Monthly_Total_Pressure,1,119,0.06440394212297736
D06,Monthly_Total_Pressure,2,118,0.14667027400401916
D06,Monthly_Total_Pressure,3,117,0.18743555662824093
D06,Monthly_Total_Pressure,4,116,0.19292833938432263
D06,Monthly_Total_Pressure,5,115,0.17108733542661606
D06,Monthly_Total_Pressure,6,114,0.18462488826410592
D06,Monthly_Total_Pressure,7,113,0.09218337876163589
D06,Monthly_Total_Pressure,8,112,0.09535563284104565
D06,Monthly_Total_Pressure,9,111,0.01820511647581562
D06,Monthly_Total_Pressure,10,110,-0.06387441550049887
D06,Monthly_Total_Pressure,11,109,-0.16116244199903457
D06,Monthly_Total_Pressure,12,108,-0.14293922016405974
D06,Monthly_Trolley_Total,0,120,0.20297028235857048
D06,Monthly_Trolley_Total,1,119,0.09590595277014359
D06,Monthly_Trolley_Total,2,118,0.16903855593571873
D06,Monthly_Trolley_Total,3,117,0.19896100225944374
D06,Monthly_Trolley_Total,4,116,0.18760856949746535
D06,Monthly_Trolley_Total,5,115,0.15578233647062273
D06,Monthly_Trolley_Total,6,114,0.15675260375771755
D06,Monthly_Trolley_Total,7,113,0.05759233144156297
D06,Monthly_Trolley_Total,8,112,0.05017611697641498
D06,Monthly_Trolley_Total,9,111,-0.03627720672494445
D06,Monthly_Trolley_Total,10,110,-0.12667478705143304
D06,Monthly_Trolley_Total,11,109,-0.22265276818105564
D06,Monthly_Trolley_Total,12,108,-0.20946516168063725
D06,Monthly_Ward_Total,0,120,0.029040019922705346
D06,Monthly_Ward_Total,1,119,-0.013375089329111276
D06,Monthly_Ward_Total,2,118,0.07044428833206924
D06,Monthly_Ward_Total,3,117,0.12487400149243001
D06,Monthly_Ward_Total,4,116,0.16361814945464281
D06,Monthly_Ward_Total,5,115,0.16657365247384145
D06,Monthly_Ward_Total,6,114,0.20260371845761813
D06,Monthly_Ward_Total,7,113,0.1431905510623498
D06,Monthly_Ward_Total,8,112,0.16726925779742635
D06,Monthly_Ward_Total,9,111,0.12554636451454892
D06,Monthly_Ward_Total,10,110,0.07806428761939635
D06,Monthly_Ward_Total,11,109,-0.001470445109976027
D06,Monthly_Ward_Total,12,108,0.023294829620547377
D07,Monthly_Total_Pressure,0,120,-0.12731663587091965
D07,Monthly_Total_Pressure,1,119,-0.3645997774786412
D07,Monthly_Total_Pressure,2,118,-0.24732728684906397
D07,Monthly_Total_Pressure,3,117,-0.21728892007397482
D07,Monthly_Total_Pressure,4,116,-0.16821066489603145
D07,Monthly_Total_Pressure,5,115,-0.13862841572612816
D07,Monthly_Total_Pressure,6,114,-0.04113431221315194
D07,Monthly_Total_Pressure,7,113,-0.11906628365974714
D07,Monthly_Total_Pressure,8,112,-0.027331461739974257
D07,Monthly_Total_Pressure,9,111,-0.05812452046552998
D07,Monthly_Total_Pressure,10,110,-0.06162102501589434
D07,Monthly_Total_Pressure,11,109,-0.15244526106484116
D07,Monthly_Total_Pressure,12,108,-0.13388990935983022
D07,Monthly_Trolley_Total,0,120,-0.14692205979582945
D07,Monthly_Trolley_Total,1,119,-0.3838530493918322
D07,Monthly_Trolley_Total,2,118,-0.265812807663929
D07,Monthly_Trolley_Total,3,117,-0.23582911499779274
D07,Monthly_Trolley_Total,4,116,-0.1800604779179263
D07,Monthly_Trolley_Total,5,115,-0.14060178686707273
D07,Monthly_Trolley_Total,6,114,-0.04152288212350924
D07,Monthly_Trolley_Total,7,113,-0.11345335873697016
D07,Monthly_Trolley_Total,8,112,-0.027744939219870368
D07,Monthly_Trolley_Total,9,111,-0.05669200622927615
D07,Monthly_Trolley_Total,10,110,-0.06309223239844546
D07,Monthly_Trolley_Total,11,109,-0.14956769588703062
D07,Monthly_Trolley_Total,12,108,-0.13896976218919044
D07,Monthly_Ward_Total,0,120,-0.06019869806031405
D07,Monthly_Ward_Total,1,119,-0.2490838240614969
D07,Monthly_Ward_Total,2,118,-0.1580501148372858
D07,Monthly_Ward_Total,3,117,-0.13419735410778186
D07,Monthly_Ward_Total,4,116,-0.1090033824076876
D07,Monthly_Ward_Total,5,115,-0.10560125118732695
D07,Monthly_Ward_Total,6,114,-0.03167565366463757
D07,Monthly_Ward_Total,7,113,-0.10539691489378866
D07,Monthly_Ward_Total,8,112,-0.020681441151865647
D07,Monthly_Ward_Total,9,111,-0.04868330512870546
D07,Monthly_Ward_Total,10,110,-0.04550432456772362
D07,Monthly_Ward_Total,11,109,-0.1260453576313047
D07,Monthly_Ward_Total,12,108,-0.09516220904699328
D10,Monthly_Total_Pressure,0,120,0.16525127197910375
D10,Monthly_Total_Pressure,1,119,0.003972488533365828
D10,Monthly_Total_Pressure,2,118,0.053500815500408805
D10,Monthly_Total_Pressure,3,117,-0.013473296679011737
D10,Monthly_Total_Pressure,4,116,-0.039641290120643644
D10,Monthly_Total_Pressure,5,115,-0.06314389969946323
D10,Monthly_Total_Pressure,6,114,-0.01630302449674465
D10,Monthly_Total_Pressure,7,113,-0.08759099725376714
D10,Monthly_Total_Pressure,8,112,0.01252328697036894
D10,Monthly_Total_Pressure,9,111,0.04908895752960129
D10,Monthly_Total_Pressure,10,110,0.10289094692547965
D10,Monthly_Total_Pressure,11,109,0.1141707433088346
D10,Monthly_Total_Pressure,12,108,0.21761093218436423
D10,Monthly_Trolley_Total,0,120,0.08036262706332319
D10,Monthly_Trolley_Total,1,119,-0.08131080313122249
D10,Monthly_Trolley_Total,2,118,-0.03200544401041541
D10,Monthly_Trolley_Total,3,117,-0.10344446781266338
D10,Monthly_Trolley_Total,4,116,-0.1272974733259567
D10,Monthly_Trolley_Total,5,115,-0.14133879265190805
D10,Monthly_Trolley_Total,6,114,-0.08731732851240968
D10,Monthly_Trolley_Total,7,113,-0.14469385428446882
D10,Monthly_Trolley_Total,8,112,-0.05110880769692925
D10,Monthly_Trolley_Total,9,111,-0.011691258426526812
D10,Monthly_Trolley_Total,10,110,0.043974970569343026
D10,Monthly_Trolley_Total,11,109,0.0656838488122288
D10,Monthly_Trolley_Total,12,108,0.1652518679898614
D10,Monthly_Ward_Total,0,120,0.3036347194202994
D10,Monthly_Ward_Total,1,119,0.17726518432938512
D10,Monthly_Ward_Total,2,118,0.21689305704034834
D10,Monthly_Ward_Total,3,117,0.1728814194090294
D10,Monthly_Ward_Total,4,116,0.1475194820863001
D10,Monthly_Ward_Total,5,115,0.1098280597987004
D10,Monthly_Ward_Total,6,114,0.13203725884394024
D10,Monthly_Ward_Total,7,113,0.04715465996414783
D10,Monthly_Ward_Total,8,112,0.13967982997989575
D10,Monthly_Ward_Total,9,111,0.1627158100494424
D10,Monthly_Ward_Total,10,110,0.2014114602984522
D10,Monthly_Ward_Total,11,109,0.18901382001134764
D10,Monthly_Ward_Total,12,108,0.27855949305417915
D11,Monthly_Total_Pressure,0,120,0.33970606287228966
D11,Monthly_Total_Pressure,1,119,0.29636869798599397
D11,Monthly_Total_Pressure,2,118,0.3255011010515731
D11,Monthly_Total_Pressure,3,117,0.3422136497925891
D11,Monthly_Total_Pressure,4,116,0.35888119434766463
D11,Monthly_Total_Pressure,5,115,0.357457092290026
D11,Monthly_Total_Pressure,6,114,0.3690154580552129
D11,Monthly_Total_Pressure,7,113,0.3261415750042308
D11,Monthly_Total_Pressure,8,112,0.33170341379680474
D11,Monthly_Total_Pressure,9,111,0.3064087867671225
D11,Monthly_Total_Pressure,10,110,0.28499273066643943
D11,Monthly_Total_Pressure,11,109,0.2603726484645965
D11,Monthly_Total_Pressure,12,108,0.2602759549704703
D11,Monthly_Trolley_Total,0,120,0.2843658715799198
D11,Monthly_Trolley_Total,1,119,0.2426807327865717
D11,Monthly_Trolley_Total,2,118,0.2716623779259755
D11,Monthly_Trolley_Total,3,117,0.28654450720633595
D11,Monthly_Trolley_Total,4,116,0.3028664432902993
D11,Monthly_Trolley_Total,5,115,0.3016916226876337
D11,Monthly_Trolley_Total,6,114,0.309358765833842
D11,Monthly_Trolley_Total,7,113,0.26497870969260945
D11,Monthly_Trolley_Total,8,112,0.26614730218188215
D11,Monthly_Trolley_Total,9,111,0.2408392376531768
D11,Monthly_Trolley_Total,10,110,0.22004917308587738
D11,Monthly_Trolley_Total,11,109,0.19979126862628802
D11,Monthly_Trolley_Total,12,108,0.19899917518218244
D11,Monthly_Ward_Total,0,120,0.38063563161164227
D11,Monthly_Ward_Total,1,119,0.34403822201638173
D11,Monthly_Ward_Total,2,118,0.36756617904907396
D11,Monthly_Ward_Total,3,117,0.38448878222539873
D11,Monthly_Ward_Total,4,116,0.39848853800847006
D11,Monthly_Ward_Total,5,115,0.3966300123615852
D11,Monthly_Ward_Total,6,114,0.4130052267266961
D11,Monthly_Ward_Total,7,113,0.3819397362246211
D11,Monthly_Ward_Total,8,112,0.3949764364845816
D11,Monthly_Ward_Total,9,111,0.37506991775142334
D11,Monthly_Ward_Total,10,110,0.35709000736089336
D11,Monthly_Ward_Total,11,109,0.32895967178313784
D11,Monthly_Ward_Total,12,108,0.3304192495795566
G01,Monthly_Total_Pressure,0,120,-0.23313407150330978
G01,Monthly_Total_Pressure,1,119,-0.23301909105026197
G01,Monthly_Total_Pressure,2,118,-0.20325843887214892
G01,Monthly_Total_Pressure,3,117,-0.1878015877626736
G01,Monthly_Total_Pressure,4,116,-0.16051058496529952
G01,Monthly_Total_Pressure,5,115,-0.13825052726035358
G01,Monthly_Total_Pressure,6,114,-0.1119590700894016
G01,Monthly_Total_Pressure,7,113,-0.10441678856795841
G01,Monthly_Total_Pressure,8,112,-0.08662755805335187
G01,Monthly_Total_Pressure,9,111,-0.08038368074079415
G01,Monthly_Total_Pressure,10,110,-0.07541521507302679
G01,Monthly_Total_Pressure,11,109,-0.07282609317755322
G01,Monthly_Total_Pressure,12,108,-0.027564290575759116
G01,Monthly_Trolley_Total,0,120,-0.1784852897280372
G01,Monthly_Trolley_Total,1,119,-0.18404934189300887
G01,Monthly_Trolley_Total,2,118,-0.15775018958866563
G01,Monthly_Trolley_Total,3,117,-0.14679616967160455
G01,Monthly_Trolley_Total,4,116,-0.12397187885684288
G01,Monthly_Trolley_Total,5,115,-0.10518205906943276
G01,Monthly_Trolley_Total,6,114,-0.08126511395439437
G01,Monthly_Trolley_Total,7,113,-0.07388349813884817
G01,Monthly_Trolley_Total,8,112,-0.05852646599116568
G01,Monthly_Trolley_Total,9,111,-0.05518470783428002
G01,Monthly_Trolley_Total,10,110,-0.05391333132196338
G01,Monthly_Trolley_Total,11,109,-0.05510370670484554
G01,Monthly_Trolley_Total,12,108,-0.014706106488489898
G01,Monthly_Ward_Total,0,120,-0.2952923987381651
G01,Monthly_Ward_Total,1,119,-0.2842963938257409
G01,Monthly_Ward_Total,2,118,-0.25379415600132943
G01,Monthly_Ward_Total,3,117,-0.23233059796895783
G01,Monthly_Ward_Total,4,116,-0.20166806434830967
G01,Monthly_Ward_Total,5,115,-0.1768985880174781
G01,Monthly_Ward_Total,6,114,-0.1510040886649232
G01,Monthly_Ward_Total,7,113,-0.14458213581159102
G01,Monthly_Ward_Total,8,112,-0.12555340877891472
G01,Monthly_Ward_Total,9,111,-0.11472128326838854
G01,Monthly_Ward_Total,10,110,-0.10331546831410694
G01,Monthly_Ward_Total,11,109,-0.09359821546404075
G01,Monthly_Ward_Total,12,108,-0.048009879236380636
G02,Monthly_Total_Pressure,0,120,0.010969610921997937
G02,Monthly_Total_Pressure,1,119,-0.1264538446117755
G02,Monthly_Total_Pressure,2,118,-0.08381641405978546
G02,Monthly_Total_Pressure,3,117,-0.07433379159906185
G02,Monthly_Total_Pressure,4,116,-0.021035388331636026
G02,Monthly_Total_Pressure,5,115,-0.008403327483546127
G02,Monthly_Total_Pressure,6,114,0.06330811514677637
G02,Monthly_Total_Pressure,7,113,0.032797412148625964
G02,Monthly_Total_Pressure,8,112,0.07873497837041094
G02,Monthly_Total_Pressure,9,111,0.041490209745106046
G02,Monthly_Total_Pressure,10,110,0.03370888998323767
G02,Monthly_Total_Pressure,11,109,0.006065955957947147
G02,Monthly_Total_Pressure,12,108,0.053240385946466504
G02,Monthly_Trolley_Total,0,120,0.09103369675665306
G02,Monthly_Trolley_Total,1,119,-0.04330854290772442
G02,Monthly_Trolley_Total,2,118,-0.00906995697692749
G02,Monthly_Trolley_Total,3,117,-0.008225530328796613
G02,Monthly_Trolley_Total,4,116,0.04453059801775192
G02,Monthly_Trolley_Total,5,115,0.05680148210211768
G02,Monthly_Trolley_Total,6,114,0.12413295477689773
G02,Monthly_Trolley_Total,7,113,0.08362963642741779
G02,Monthly_Trolley_Total,8,112,0.11753091472995339
G02,Monthly_Trolley_Total,9,111,0.0815096119563149
G02,Monthly_Trolley_Total,10,110,0.0727156122181601
G02,Monthly_Trolley_Total,11,109,0.04132332749380627
G02,Monthly_Trolley_Total,12,108,0.08350538075686068
G02,Monthly_Ward_Total,0,120,-0.15499273689342416
G02,Monthly_Ward_Total,1,119,-0.26978106318758904
G02,Monthly_Ward_Total,2,118,-0.218927147942604
G02,Monthly_Ward_Total,3,117,-0.19371340385655225
G02,Monthly_Ward_Total,4,116,-0.1504768253063102
G02,Monthly_Ward_Total,5,115,-0.139869753467037
G02,Monthly_Ward_Total,6,114,-0.0741429921697664
G02,Monthly_Ward_Total,7,113,-0.07762851706922029
G02,Monthly_Ward_Total,8,112,-0.017140346922400122
G02,Monthly_Ward_Total,9,111,-0.049027592811819724
G02,Monthly_Ward_Total,10,110,-0.0531833845976847
G02,Monthly_Ward_Total,11,109,-0.06721786059994429
G02,Monthly_Ward_Total,12,108,-0.019889847136950065
G03,Monthly_Total_Pressure,0,120,0.36786008931075254
G03,Monthly_Total_Pressure,1,119,0.3560539775408748
G03,Monthly_Total_Pressure,2,118,0.4116611521870079
G03,Monthly_Total_Pressure,3,117,0.43924532325877397
G03,Monthly_Total_Pressure,4,116,0.45025766157037805
G03,Monthly_Total_Pressure,5,115,0.46274786364453874
G03,Monthly_Total_Pressure,6,114,0.4834638411190445
G03,Monthly_Total_Pressure,7,113,0.44160593164663464
G03,Monthly_Total_Pressure,8,112,0.4635296206665398
G03,Monthly_Total_Pressure,9,111,0.4407715035249242
G03,Monthly_Total_Pressure,10,110,0.43241524938189696
G03,Monthly_Total_Pressure,11,109,0.3923544442087401
G03,Monthly_Total_Pressure,12,108,0.40898704145314885
G03,Monthly_Trolley_Total,0,120,0.3532829600282856
G03,Monthly_Trolley_Total,1,119,0.34133454243790917
G03,Monthly_Trolley_Total,2,118,0.40031307533798094
G03,Monthly_Trolley_Total,3,117,0.42810237292351183
G03,Monthly_Trolley_Total,4,116,0.43717969172065063
G03,Monthly_Trolley_Total,5,115,0.44470267843671857
G03,Monthly_Trolley_Total,6,114,0.45879156079613936
G03,Monthly_Trolley_Total,7,113,0.41353544718419644
G03,Monthly_Trolley_Total,8,112,0.4286624630265418
G03,Monthly_Trolley_Total,9,111,0.3996403099497415
G03,Monthly_Trolley_Total,10,110,0.38316375637039946
G03,Monthly_Trolley_Total,11,109,0.3424357232340063
G03,Monthly_Trolley_Total,12,108,0.35095941834348277
G03,Monthly_Ward_Total,0,120,0.31949824978900804
G03,Monthly_Ward_Total,1,119,0.31168633550777325
G03,Monthly_Ward_Total,2,118,0.3490353145206878
G03,Monthly_Ward_Total,3,117,0.37046896266863083
G03,Monthly_Ward_Total,4,116,0.38320578807206673
G03,Monthly_Ward_Total,5,115,0.40282968728210905
G03,Monthly_Ward_Total,6,114,0.43195653817848695
G03,Monthly_Ward_Total,7,113,0.4056764529480287
G03,Monthly_Ward_Total,8,112,0.43618747743400804
G03,Monthly_Ward_Total,9,111,0.4309625930080944
G03,Monthly_Ward_Total,10,110,0.4410773940576452
G03,Monthly_Ward_Total,11,109,0.41122349848174866
G03,Monthly_Ward_Total,12,108,0.4410067334696171
G04,Monthly_Total_Pressure,0,120,0.3047698168698462
G04,Monthly_Total_Pressure,1,119,0.2858410892676016
G04,Monthly_Total_Pressure,2,118,0.311792841490418
G04,Monthly_Total_Pressure,3,117,0.31305819685632214
G04,Monthly_Total_Pressure,4,116,0.29292596049592395
G04,Monthly_Total_Pressure,5,115,0.28458851625228665
G04,Monthly_Total_Pressure,6,114,0.2806552749334081
G04,Monthly_Total_Pressure,7,113,0.2392285746454532
G04,Monthly_Total_Pressure,8,112,0.24803748384180743
G04,Monthly_Total_Pressure,9,111,0.23580110019989606
G04,Monthly_Total_Pressure,10,110,0.24874486132485926
G04,Monthly_Total_Pressure,11,109,0.23382137555294621
G04,Monthly_Total_Pressure,12,108,0.24428190623653215
G04,Monthly_Trolley_Total,0,120,0.28170977555834115
G04,Monthly_Trolley_Total,1,119,0.26250511876520993
G04,Monthly_Trolley_Total,2,118,0.2916917821041409
G04,Monthly_Trolley_Total,3,117,0.2942089347475061
G04,Monthly_Trolley_Total,4,116,0.2747748434110676
G04,Monthly_Trolley_Total,5,115,0.26629709165111065
G04,Monthly_Trolley_Total,6,114,0.25937029680681384
G04,Monthly_Trolley_Total,7,113,0.21774856666091885
G04,Monthly_Trolley_Total,8,112,0.22688188446608606
G04,Monthly_Trolley_Total,9,111,0.21400085104525116
G04,Monthly_Trolley_Total,10,110,0.22710685833914837
G04,Monthly_Trolley_Total,11,109,0.21874222515764746
G04,Monthly_Trolley_Total,12,108,0.22781249936558765
G04,Monthly_Ward_Total,0,120,0.28714890716035124
G04,Monthly_Ward_Total,1,119,0.273741327652206
G04,Monthly_Ward_Total,2,118,0.28784685901027635
G04,Monthly_Ward_Total,3,117,0.28629207798011586
G04,Monthly_Ward_Total,4,116,0.2689850934031169
G04,Monthly_Ward_Total,5,115,0.2624369045138921
G04,Monthly_Ward_Total,6,114,0.2649618646495489
G04,Monthly_Ward_Total,7,113,0.23253985571219174
G04,Monthly_Ward_Total,8,112,0.2385027039404574
G04,Monthly_Ward_Total,9,111,0.23013747170291665
G04,Monthly_Ward_Total,10,110,0.24004737062738465
G04,Monthly_Ward_Total,11,109,0.2151092594406503
G04,Monthly_Ward_Total,12,108,0.22622872964237548
H01,Monthly_Total_Pressure,0,120,0.4082036367317243
H01,Monthly_Total_Pressure,1,119,0.25743449219012604
H01,Monthly_Total_Pressure,2,118,0.2920572244351413
H01,Monthly_Total_Pressure,3,117,0.230742952649799
H01,Monthly_Total_Pressure,4,116,0.23522670050136482
H01,Monthly_Total_Pressure,5,115,0.12498840205207339
H01,Monthly_Total_Pressure,6,114,0.13516419873059932
H01,Monthly_Total_Pressure,7,113,0.03595810599696581
H01,Monthly_Total_Pressure,8,112,0.03021939111483004
H01,Monthly_Total_Pressure,9,111,-0.04044821778959843
H01,Monthly_Total_Pressure,10,110,-0.006208728210285953
H01,Monthly_Total_Pressure,11,109,-0.0751317121429766
H01,Monthly_Total_Pressure,12,108,-0.035558578159883884
H01,Monthly_Trolley_Total,0,120,0.3032791664603164
H01,Monthly_Trolley_Total,1,119,0.14297142208193203
H01,Monthly_Trolley_Total,2,118,0.1854919549217624
H01,Monthly_Trolley_Total,3,117,0.11228635859907928
H01,Monthly_Trolley_Total,4,116,0.10277155959545056
H01,Monthly_Trolley_Total,5,115,0.006604485081606015
H01,Monthly_Trolley_Total,6,114,0.013294938526650984
H01,Monthly_Trolley_Total,7,113,-0.08197996566582937
H01,Monthly_Trolley_Total,8,112,-0.09455189830303908
H01,Monthly_Trolley_Total,9,111,-0.16523804887899385
H01,Monthly_Trolley_Total,10,110,-0.1414296994924872
H01,Monthly_Trolley_Total,11,109,-0.19471528377462782
H01,Monthly_Trolley_Total,12,108,-0.17594874620543763
H01,Monthly_Ward_Total,0,120,0.5359188762606275
H01,Monthly_Ward_Total,1,119,0.43732642438115865
H01,Monthly_Ward_Total,2,118,0.4487214337904412
H01,Monthly_Ward_Total,3,117,0.42433199725422127
H01,Monthly_Ward_Total,4,116,0.4565948852255018
H01,Monthly_Ward_Total,5,115,0.3407237044781441
H01,Monthly_Ward_Total,6,114,0.35536512207515847
H01,Monthly_Ward_Total,7,113,0.2685413375110856
H01,Monthly_Ward_Total,8,112,0.2783477159416234
H01,Monthly_Ward_Total,9,111,0.22288890489162416
H01,Monthly_Ward_Total,10,110,0.2714724966519937
H01,Monthly_Ward_Total,11,109,0.18497850563628054
H01,Monthly_Ward_Total,12,108,0.25891485375606815
H02,Monthly_Total_Pressure,0,120,-0.1826943260218969
H02,Monthly_Total_Pressure,1,119,-0.18601623362728922
H02,Monthly_Total_Pressure,2,118,-0.2100324271930008
H02,Monthly_Total_Pressure,3,117,-0.26011491580002805
H02,Monthly_Total_Pressure,4,116,-0.27010892780899004
H02,Monthly_Total_Pressure,5,115,-0.29696261476391667
H02,Monthly_Total_Pressure,6,114,-0.27715268273059684
H02,Monthly_Total_Pressure,7,113,-0.2848048787247023
H02,Monthly_Total_Pressure,8,112,-0.2628930479952688
H02,Monthly_Total_Pressure,9,111,-0.23242588851950538
H02,Monthly_Total_Pressure,10,110,-0.204201047819928
H02,Monthly_Total_Pressure,11,109,-0.21371123080318982
H02,Monthly_Total_Pressure,12,108,-0.1856450233494708
H02,Monthly_Trolley_Total,0,120,-0.12612760817987242
H02,Monthly_Trolley_Total,1,119,-0.12768511242146488
H02,Monthly_Trolley_Total,2,118,-0.14716358747879274
H02,Monthly_Trolley_Total,3,117,-0.19158768753104102
H02,Monthly_Trolley_Total,4,116,-0.19527166347920133
H02,Monthly_Trolley_Total,5,115,-0.2179470127423899
H02,Monthly_Trolley_Total,6,114,-0.19256220078265426
H02,Monthly_Trolley_Total,7,113,-0.20067311107628757
H02,Monthly_Trolley_Total,8,112,-0.18076366361336516
H02,Monthly_Trolley_Total,9,111,-0.1538563641517096
H02,Monthly_Trolley_Total,10,110,-0.13031496237670695
H02,Monthly_Trolley_Total,11,109,-0.1369279219791794
H02,Monthly_Trolley_Total,12,108,-0.10567051938960113
H02,Monthly_Ward_Total,0,120,-0.2594886692345225
H02,Monthly_Ward_Total,1,119,-0.2662309251138732
H02,Monthly_Ward_Total,2,118,-0.2945941908158494
H02,Monthly_Ward_Total,3,117,-0.34572527013945564
H02,Monthly_Ward_Total,4,116,-0.36661575686688674
H02,Monthly_Ward_Total,5,115,-0.39629224886530195
H02,Monthly_Ward_Total,6,114,-0.39137296646199493
H02,Monthly_Ward_Total,7,113,-0.39608957275316337
H02,Monthly_Ward_Total,8,112,-0.3745960574461345
H02,Monthly_Ward_Total,9,111,-0.34336283141950114
H02,Monthly_Ward_Total,10,110,-0.31176323573609194
H02,Monthly_Ward_Total,11,109,-0.325263722313741
H02,Monthly_Ward_Total,12,108,-0.3098044786137867
H03,Monthly_Total_Pressure,0,120,0.2124711636739133
H03,Monthly_Total_Pressure,1,119,0.18771702138498728
H03,Monthly_Total_Pressure,2,118,0.23981389714603454
H03,Monthly_Total_Pressure,3,117,0.2588752214135483
H03,Monthly_Total_Pressure,4,116,0.24520894590631212
H03,Monthly_Total_Pressure,5,115,0.2545697407795363
H03,Monthly_Total_Pressure,6,114,0.2684362125654852
H03,Monthly_Total_Pressure,7,113,0.21353426881086507
H03,Monthly_Total_Pressure,8,112,0.2267427110400744
H03,Monthly_Total_Pressure,9,111,0.21244642059559712
H03,Monthly_Total_Pressure,10,110,0.22410288431195535
H03,Monthly_Total_Pressure,11,109,0.20098265793113218
H03,Monthly_Total_Pressure,12,108,0.2156797498937112
H03,Monthly_Trolley_Total,0,120,0.21771993694470523
H03,Monthly_Trolley_Total,1,119,0.19291638288472868
H03,Monthly_Trolley_Total,2,118,0.2511006160824851
H03,Monthly_Trolley_Total,3,117,0.2717341655918287
H03,Monthly_Trolley_Total,4,116,0.25962665029528553
H03,Monthly_Trolley_Total,5,115,0.26836166640833725
H03,Monthly_Trolley_Total,6,114,0.2785187459494712
H03,Monthly_Trolley_Total,7,113,0.22483383321817368
H03,Monthly_Trolley_Total,8,112,0.23890092452400608
H03,Monthly_Trolley_Total,9,111,0.22304872326277836
H03,Monthly_Trolley_Total,10,110,0.23425496081545336
H03,Monthly_Trolley_Total,11,109,0.2206945688526178
H03,Monthly_Trolley_Total,12,108,0.23318752627154415
H03,Monthly_Ward_Total,0,120,0.15660320666433153
H03,Monthly_Ward_Total,1,119,0.13786595886981648
H03,Monthly_Ward_Total,2,118,0.1667972576719932
H03,Monthly_Ward_Total,3,117,0.17871007258750496
H03,Monthly_Ward_Total,4,116,0.16472943023747075
H03,Monthly_Ward_Total,5,115,0.1731452852157405
H03,Monthly_Ward_Total,6,114,0.19131113142560688
H03,Monthly_Ward_Total,7,113,0.14551123527302778
H03,Monthly_Ward_Total,8,112,0.153767776844825
H03,Monthly_Ward_Total,9,111,0.14560826770087917
H03,Monthly_Ward_Total,10,110,0.15567643014020602
H03,Monthly_Ward_Total,11,109,0.11817600921708488
H03,Monthly_Ward_Total,12,108,0.13423526500707322
H04,Monthly_Total_Pressure,0,120,-0.13853031408490432
H04,Monthly_Total_Pressure,1,119,-0.1815337285343853
H04,Monthly_Total_Pressure,2,118,-0.16309669571504318
H04,Monthly_Total_Pressure,3,117,-0.17065530895367
H04,Monthly_Total_Pressure,4,116,-0.15989149970361427
H04,Monthly_Total_Pressure,5,115,-0.15584642565564868
H04,Monthly_Total_Pressure,6,114,-0.14901224899548443
H04,Monthly_Total_Pressure,7,113,-0.17717292248109703
H04,Monthly_Total_Pressure,8,112,-0.15414860669902314
H04,Monthly_Total_Pressure,9,111,-0.16473632684315115
H04,Monthly_Total_Pressure,10,110,-0.19066358901100006
H04,Monthly_Total_Pressure,11,109,-0.24640191254648472
H04,Monthly_Total_Pressure,12,108,-0.20475229622056582
H04,Monthly_Trolley_Total,0,120,-0.1443975274717363
H04,Monthly_Trolley_Total,1,119,-0.19771283335208045
H04,Monthly_Trolley_Total,2,118,-0.177000974362252
H04,Monthly_Trolley_Total,3,117,-0.185725817439927
H04,Monthly_Trolley_Total,4,116,-0.18185813633937878
H04,Monthly_Trolley_Total,5,115,-0.18250055130211942
H04,Monthly_Trolley_Total,6,114,-0.17786484707080297
H04,Monthly_Trolley_Total,7,113,-0.20532879426488979
H04,Monthly_Trolley_Total,8,112,-0.18873789069824842
H04,Monthly_Trolley_Total,9,111,-0.20381318845648996
H04,Monthly_Trolley_Total,10,110,-0.23258353101225318
H04,Monthly_Trolley_Total,11,109,-0.2925505824927071
H04,Monthly_Trolley_Total,12,108,-0.2570545018243409
H04,Monthly_Ward_Total,0,120,-0.09710757340402316
H04,Monthly_Ward_Total,1,119,-0.11055770638373853
H04,Monthly_Ward_Total,2,118,-0.10072479864467064
H04,Monthly_Ward_Total,3,117,-0.10435742546094928
H04,Monthly_Ward_Total,4,116,-0.08176770887970929
H04,Monthly_Ward_Total,5,115,-0.06879117362020533
H04,Monthly_Ward_Total,6,114,-0.058745654339500616
H04,Monthly_Ward_Total,7,113,-0.08248953835401408
H04,Monthly_Ward_Total,8,112,-0.05083398289691243
H04,Monthly_Ward_Total,9,111,-0.04992318342149861
H04,Monthly_Ward_Total,10,110,-0.0644252040157226
H04,Monthly_Ward_Total,11,109,-0.09999211813019224
H04,Monthly_Ward_Total,12,108,-0.0545043318497971
J01,Monthly_Total_Pressure,0,120,0.6478249606649042
J01,Monthly_Total_Pressure,1,119,0.5721690082606875
J01,Monthly_Total_Pressure,2,118,0.4364548564913299
J01,Monthly_Total_Pressure,3,117,0.2783938572341383
J01,Monthly_Total_Pressure,4,116,0.1443845566862512
J01,Monthly_Total_Pressure,5,115,0.04569596657894565
J01,Monthly_Total_Pressure,6,114,0.006096466820087611
J01,Monthly_Total_Pressure,7,113,-0.006915211491953615
J01,Monthly_Total_Pressure,8,112,0.10820045954118475
J01,Monthly_Total_Pressure,9,111,0.1699725301868242
J01,Monthly_Total_Pressure,10,110,0.2395447162355386
J01,Monthly_Total_Pressure,11,109,0.18269310355223942
J01,Monthly_Total_Pressure,12,108,0.18409131155410718
J01,Monthly_Trolley_Total,0,120,0.6175849281310732
J01,Monthly_Trolley_Total,1,119,0.5078991734205718
J01,Monthly_Trolley_Total,2,118,0.3689605558510625
J01,Monthly_Trolley_Total,3,117,0.21111162137660824
J01,Monthly_Trolley_Total,4,116,0.06960244160991816
J01,Monthly_Trolley_Total,5,115,-0.026710315706964298
J01,Monthly_Trolley_Total,6,114,-0.07467553845066127
J01,Monthly_Trolley_Total,7,113,-0.09279886266853703
J01,Monthly_Trolley_Total,8,112,0.01543131250970607
J01,Monthly_Trolley_Total,9,111,0.06792950652346888
J01,Monthly_Trolley_Total,10,110,0.13160973425290345
J01,Monthly_Trolley_Total,11,109,0.08228323036126882
J01,Monthly_Trolley_Total,12,108,0.07392988403642457
J01,Monthly_Ward_Total,0,120,0.5719941888193156
J01,Monthly_Ward_Total,1,119,0.5837973723563081
J01,Monthly_Ward_Total,2,118,0.48327191316637647
J01,Monthly_Ward_Total,3,117,0.35765624960682163
J01,Monthly_Ward_Total,4,116,0.26695478877179113
J01,Monthly_Ward_Total,5,115,0.1840761197975271
J01,Monthly_Ward_Total,6,114,0.16962857508679277
J01,Monthly_Ward_Total,7,113,0.1694317155076358
J01,Monthly_Ward_Total,8,112,0.2744737758506978
J01,Monthly_Ward_Total,9,111,0.34211198989456054
J01,Monthly_Ward_Total,10,110,0.40917557757757667
J01,Monthly_Ward_Total,11,109,0.34906095337142506
J01,Monthly_Ward_Total,12,108,0.3702791981792904
J02,Monthly_Total_Pressure,0,120,0.6334562860127338
J02,Monthly_Total_Pressure,1,119,0.5021891788676801
J02,Monthly_Total_Pressure,2,118,0.49929073685308734
J02,Monthly_Total_Pressure,3,117,0.4490161753339134
J02,Monthly_Total_Pressure,4,116,0.38836376634207065
J02,Monthly_Total_Pressure,5,115,0.3017432682788107
J02,Monthly_Total_Pressure,6,114,0.2639511896036757
J02,Monthly_Total_Pressure,7,113,0.10459198286723212
J02,Monthly_Total_Pressure,8,112,0.1563072164921298
J02,Monthly_Total_Pressure,9,111,0.13750250753874554
J02,Monthly_Total_Pressure,10,110,0.14159808483226563
J02,Monthly_Total_Pressure,11,109,0.07646929282412426
J02,Monthly_Total_Pressure,12,108,0.16431193840163041
J02,Monthly_Trolley_Total,0,120,0.5503027134543539
J02,Monthly_Trolley_Total,1,119,0.4001909029984607
J02,Monthly_Trolley_Total,2,118,0.3958643001126206
J02,Monthly_Trolley_Total,3,117,0.33388056519147924
J02,Monthly_Trolley_Total,4,116,0.26852140168508154
J02,Monthly_Trolley_Total,5,115,0.1793616700345192
J02,Monthly_Trolley_Total,6,114,0.12996594910268797
J02,Monthly_Trolley_Total,7,113,-0.029250637704509336
J02,Monthly_Trolley_Total,8,112,0.011109134639270187
J02,Monthly_Trolley_Total,9,111,-0.014475776377057784
J02,Monthly_Trolley_Total,10,110,-0.009858998211672044
J02,Monthly_Trolley_Total,11,109,-0.06440093345756832
J02,Monthly_Trolley_Total,12,108,0.008308865707722766
J02,Monthly_Ward_Total,0,120,0.668820808173619
J02,Monthly_Ward_Total,1,119,0.6054745245568062
J02,Monthly_Ward_Total,2,118,0.6063601561111364
J02,Monthly_Ward_Total,3,117,0.5903569009576968
J02,Monthly_Ward_Total,4,116,0.5521057919448172
J02,Monthly_Ward_Total,5,115,0.48867678594607084
J02,Monthly_Ward_Total,6,114,0.48174335906293314
J02,Monthly_Ward_Total,7,113,0.35509438096385937
J02,Monthly_Ward_Total,8,112,0.4193217030942113
J02,Monthly_Ward_Total,9,111,0.4184819558080297
J02,Monthly_Ward_Total,10,110,0.42101620916662946
J02,Monthly_Ward_Total,11,109,0.3479517840241816
J02,Monthly_Ward_Total,12,108,0.44838360620795176
J04,Monthly_Total_Pressure,0,120,-0.07844049415203037
J04,Monthly_Total_Pressure,1,119,-0.1807927602476437
J04,Monthly_Total_Pressure,2,118,-0.13082034585559324
J04,Monthly_Total_Pressure,3,117,-0.16835481932835694
J04,Monthly_Total_Pressure,4,116,-0.2147857929288302
J04,Monthly_Total_Pressure,5,115,-0.24967830155153187
J04,Monthly_Total_Pressure,6,114,-0.25692444822040933
J04,Monthly_Total_Pressure,7,113,-0.3402172072118492
J04,Monthly_Total_Pressure,8,112,-0.2997760956413916
J04,Monthly_Total_Pressure,9,111,-0.3566973564527326
J04,Monthly_Total_Pressure,10,110,-0.3862532435856504
J04,Monthly_Total_Pressure,11,109,-0.4161726580741611
J04,Monthly_Total_Pressure,12,108,-0.3635594266761359
J04,Monthly_Trolley_Total,0,120,-0.19383367420732167
J04,Monthly_Trolley_Total,1,119,-0.3021565530606409
J04,Monthly_Trolley_Total,2,118,-0.2472051477965937
J04,Monthly_Trolley_Total,3,117,-0.28468628430902604
J04,Monthly_Trolley_Total,4,116,-0.3293378293840515
J04,Monthly_Trolley_Total,5,115,-0.3573083434236488
J04,Monthly_Trolley_Total,6,114,-0.36695586116107365
J04,Monthly_Trolley_Total,7,113,-0.4408441564091139
J04,Monthly_Trolley_Total,8,112,-0.39656070336311516
J04,Monthly_Trolley_Total,9,111,-0.4506718246747142
J04,Monthly_Trolley_Total,10,110,-0.46890707120604436
J04,Monthly_Trolley_Total,11,109,-0.4923370306701613
J04,Monthly_Trolley_Total,12,108,-0.4404638306174838
J04,Monthly_Ward_Total,0,120,0.17406062772539507
J04,Monthly_Ward_Total,1,119,0.10478409680212908
J04,Monthly_Ward_Total,2,118,0.13401613188682238
J04,Monthly_Ward_Total,3,117,0.10404358947992892
J04,Monthly_Ward_Total,4,116,0.06373505859923587
J04,Monthly_Ward_Total,5,115,0.022449630148086465
J04,Monthly_Ward_Total,6,114,0.021722590203128896
J04,Monthly_Ward_Total,7,113,-0.06358748419601153
J04,Monthly_Ward_Total,8,112,-0.03863751260426165
J04,Monthly_Ward_Total,9,111,-0.08898457322553315
J04,Monthly_Ward_Total,10,110,-0.1351524757735499
J04,Monthly_Ward_Total,11,109,-0.17252300434090612
J04,Monthly_Ward_Total,12,108,-0.1294066935651705
J05,Monthly_Total_Pressure,0,120,0.438224580407923
J05,Monthly_Total_Pressure,1,119,0.44234848660176823
J05,Monthly_Total_Pressure,2,118,0.3092935471859903
J05,Monthly_Total_Pressure,3,117,0.15042159904278163
J05,Monthly_Total_Pressure,4,116,0.05301064314764585
J05,Monthly_Total_Pressure,5,115,-0.00017270783980789537
J05,Monthly_Total_Pressure,6,114,0.015502245183660175
J05,Monthly_Total_Pressure,7,113,0.04064754459876888
J05,Monthly_Total_Pressure,8,112,0.10908419893164703
J05,Monthly_Total_Pressure,9,111,0.1699428478745185
J05,Monthly_Total_Pressure,10,110,0.16272637893526232
J05,Monthly_Total_Pressure,11,109,0.10149305497537446
J05,Monthly_Total_Pressure,12,108,0.17347131663378834
J05,Monthly_Trolley_Total,0,120,0.3754114451549006
J05,Monthly_Trolley_Total,1,119,0.36277164777089893
J05,Monthly_Trolley_Total,2,118,0.24048649609422643
J05,Monthly_Trolley_Total,3,117,0.08618764960834342
J05,Monthly_Trolley_Total,4,116,-0.01139157221996147
J05,Monthly_Trolley_Total,5,115,-0.059958243626025615
J05,Monthly_Trolley_Total,6,114,-0.05199880444368522
J05,Monthly_Trolley_Total,7,113,-0.027064524042743312
J05,Monthly_Trolley_Total,8,112,0.038244321954821636
J05,Monthly_Trolley_Total,9,111,0.09788691892600906
J05,Monthly_Trolley_Total,10,110,0.09830843633770592
J05,Monthly_Trolley_Total,11,109,0.051074837177860925
J05,Monthly_Trolley_Total,12,108,0.1217082935334628
J05,Monthly_Ward_Total,0,120,0.473496227658362
J05,Monthly_Ward_Total,1,119,0.5123635098679301
J05,Monthly_Ward_Total,2,118,0.38529076962879216
J05,Monthly_Ward_Total,3,117,0.2501259625345159
J05,Monthly_Ward_Total,4,116,0.17341952240720812
J05,Monthly_Ward_Total,5,115,0.12201500546462125
J05,Monthly_Ward_Total,6,114,0.14997325757270258
J05,Monthly_Ward_Total,7,113,0.16996450479315575
J05,Monthly_Ward_Total,8,112,0.23043143767779997
J05,Monthly_Ward_Total,9,111,0.2808762782135435
J05,Monthly_Ward_Total,10,110,0.2597616276048734
J05,Monthly_Ward_Total,11,109,0.1829642728480773
J05,Monthly_Ward_Total,12,108,0.24254611496117257
L01,Monthly_Total_Pressure,0,120,0.43738932978028966
L01,Monthly_Total_Pressure,1,119,0.3382430718745916
L01,Monthly_Total_Pressure,2,118,0.40601088404946706
L01,Monthly_Total_Pressure,3,117,0.4186337575786689
L01,Monthly_Total_Pressure,4,116,0.4218459698150037
L01,Monthly_Total_Pressure,5,115,0.4017297390812279
L01,Monthly_Total_Pressure,6,114,0.39867331404234774
L01,Monthly_Total_Pressure,7,113,0.3051906672818845
L01,Monthly_Total_Pressure,8,112,0.3257085562544749
L01,Monthly_Total_Pressure,9,111,0.28668964921686546
L01,Monthly_Total_Pressure,10,110,0.28485219302108306
L01,Monthly_Total_Pressure,11,109,0.25532637159479227
L01,Monthly_Total_Pressure,12,108,0.2913274728309164
L01,Monthly_Trolley_Total,0,120,0.39078658407142536
L01,Monthly_Trolley_Total,1,119,0.29194484450845726
L01,Monthly_Trolley_Total,2,118,0.3570517599758707
L01,Monthly_Trolley_Total,3,117,0.3643814313731134
L01,Monthly_Trolley_Total,4,116,0.36640414427717966
L01,Monthly_Trolley_Total,5,115,0.3432539069153683
L01,Monthly_Trolley_Total,6,114,0.3361098401072865
L01,Monthly_Trolley_Total,7,113,0.239524439150844
L01,Monthly_Trolley_Total,8,112,0.25412007016432536
L01,Monthly_Trolley_Total,9,111,0.21719844807215966
L01,Monthly_Trolley_Total,10,110,0.2156208337824259
L01,Monthly_Trolley_Total,11,109,0.19016767378721938
L01,Monthly_Trolley_Total,12,108,0.21715149072331466
L01,Monthly_Ward_Total,0,120,0.4397082821306413
L01,Monthly_Ward_Total,1,119,0.36207262100522336
L01,Monthly_Ward_Total,2,118,0.42133707676115667
L01,Monthly_Ward_Total,3,117,0.4420977368346533
L01,Monthly_Ward_Total,4,116,0.44717462402302827
L01,Monthly_Ward_Total,5,115,0.437180392039979
L01,Monthly_Ward_Total,6,114,0.44234638506647195
L01,Monthly_Ward_Total,7,113,0.3745757175328264
L01,Monthly_Ward_Total,8,112,0.4025619306940109
L01,Monthly_Ward_Total,9,111,0.36755105058455095
L01,Monthly_Ward_Total,10,110,0.3657426416578032
L01,Monthly_Ward_Total,11,109,0.3343292066921167
L01,Monthly_Ward_Total,12,108,0.38126193694751476
L02,Monthly_Total_Pressure,0,120,0.15699410554374146
L02,Monthly_Total_Pressure,1,119,0.10862214210918755
L02,Monthly_Total_Pressure,2,118,0.17067174125011902
L02,Monthly_Total_Pressure,3,117,0.18868458994830814
L02,Monthly_Total_Pressure,4,116,0.1716415778703967
L02,Monthly_Total_Pressure,5,115,0.17455864961653772
L02,Monthly_Total_Pressure,6,114,0.1856401029527735
L02,Monthly_Total_Pressure,7,113,0.09557915879489222
L02,Monthly_Total_Pressure,8,112,0.11805503923942098
L02,Monthly_Total_Pressure,9,111,0.0975939148502821
L02,Monthly_Total_Pressure,10,110,0.11839831313188291
L02,Monthly_Total_Pressure,11,109,0.08599346578514017
L02,Monthly_Total_Pressure,12,108,0.11119845470638584
L02,Monthly_Trolley_Total,0,120,0.15631923419160113
L02,Monthly_Trolley_Total,1,119,0.1054728878848593
L02,Monthly_Trolley_Total,2,118,0.17737377795523293
L02,Monthly_Trolley_Total,3,117,0.19724718890994541
L02,Monthly_Trolley_Total,4,116,0.18173157531612472
L02,Monthly_Trolley_Total,5,115,0.18448869731601475
L02,Monthly_Trolley_Total,6,114,0.1918539502907833
L02,Monthly_Trolley_Total,7,113,0.10395604019388972
L02,Monthly_Trolley_Total,8,112,0.12817844736256273
L02,Monthly_Trolley_Total,9,111,0.10754456852332904
L02,Monthly_Trolley_Total,10,110,0.12718827594488435
L02,Monthly_Trolley_Total,11,109,0.10967569052673207
L02,Monthly_Trolley_Total,12,108,0.13080060987783912
L02,Monthly_Ward_Total,0,120,0.1250190782678627
L02,Monthly_Ward_Total,1,119,0.09234841016391049
L02,Monthly_Ward_Total,2,118,0.12142296139847483
L02,Monthly_Ward_Total,3,117,0.13190724624808084
L02,Monthly_Ward_Total,4,116,0.1153117816764532
L02,Monthly_Ward_Total,5,115,0.1177596017434121
L02,Monthly_Ward_Total,6,114,0.13385180942140534
L02,Monthly_Ward_Total,7,113,0.0583727453788999
L02,Monthly_Ward_Total,8,112,0.07232168142337907
L02,Monthly_Ward_Total,9,111,0.056519651253304395
L02,Monthly_Ward_Total,10,110,0.0752443863551259
L02,Monthly_Ward_Total,11,109,0.019424882303456615
L02,Monthly_Ward_Total,12,108,0.047592254859817586
L04,Monthly_Total_Pressure,0,120,0.16299849066167593
L04,Monthly_Total_Pressure,1,119,0.0849595818974701
L04,Monthly_Total_Pressure,2,118,0.18139740878863414
L04,Monthly_Total_Pressure,3,117,0.20570394385059865
L04,Monthly_Total_Pressure,4,116,0.16556058270072738
L04,Monthly_Total_Pressure,5,115,0.1662342724824536
L04,Monthly_Total_Pressure,6,114,0.19522085266391176
L04,Monthly_Total_Pressure,7,113,0.09741782671169359
L04,Monthly_Total_Pressure,8,112,0.14557562941736052
L04,Monthly_Total_Pressure,9,111,0.12705404680776783
L04,Monthly_Total_Pressure,10,110,0.14962155637485114
L04,Monthly_Total_Pressure,11,109,0.09245839958848952
L04,Monthly_Total_Pressure,12,108,0.13762825922445393
L04,Monthly_Trolley_Total,0,120,0.1960300713457024
L04,Monthly_Trolley_Total,1,119,0.11052660317523863
L04,Monthly_Trolley_Total,2,118,0.21593579139478605
L04,Monthly_Trolley_Total,3,117,0.23972129837081782
L04,Monthly_Trolley_Total,4,116,0.20177135983511332
L04,Monthly_Trolley_Total,5,115,0.20411789959063353
L04,Monthly_Trolley_Total,6,114,0.22763779391655858
L04,Monthly_Trolley_Total,7,113,0.13541084880164797
L04,Monthly_Trolley_Total,8,112,0.18077026176128302
L04,Monthly_Trolley_Total,9,111,0.15752284994562207
L04,Monthly_Trolley_Total,10,110,0.18016845141347165
L04,Monthly_Trolley_Total,11,109,0.1404716857144732
L04,Monthly_Trolley_Total,12,108,0.1829296574646748
L04,Monthly_Ward_Total,0,120,0.06085989256570577
L04,Monthly_Ward_Total,1,119,0.01500160535693675
L04,Monthly_Ward_Total,2,118,0.07309174175759561
L04,Monthly_Ward_Total,3,117,0.09345135495997396
L04,Monthly_Ward_Total,4,116,0.05718400628323169
L04,Monthly_Ward_Total,5,115,0.05406261787492104
L04,Monthly_Ward_Total,6,114,0.08794638561304792
L04,Monthly_Ward_Total,7,113,-0.0004850150717848525
L04,Monthly_Ward_Total,8,112,0.04284732288713291
L04,Monthly_Ward_Total,9,111,0.03782895954603266
L04,Monthly_Ward_Total,10,110,0.05535874880308557
L04,Monthly_Ward_Total,11,109,-0.025165720935108788
L04,Monthly_Ward_Total,12,108,0.015899718758958084
M01,Monthly_Total_Pressure,0,120,0.25961146891643694
M01,Monthly_Total_Pressure,1,119,0.10759385938817256
M01,Monthly_Total_Pressure,2,118,0.1805424006295213
M01,Monthly_Total_Pressure,3,117,0.1496187974972119
M01,Monthly_Total_Pressure,4,116,0.13599030261090542
M01,Monthly_Total_Pressure,5,115,0.1405586535042973
M01,Monthly_Total_Pressure,6,114,0.1974185401949074
M01,Monthly_Total_Pressure,7,113,0.09087138275924594
M01,Monthly_Total_Pressure,8,112,0.18720184630473713
M01,Monthly_Total_Pressure,9,111,0.16855517339464685
M01,Monthly_Total_Pressure,10,110,0.18870410530525084
M01,Monthly_Total_Pressure,11,109,0.11937525845758264
M01,Monthly_Total_Pressure,12,108,0.18138415196511856
M01,Monthly_Trolley_Total,0,120,0.24852820447037294
M01,Monthly_Trolley_Total,1,119,0.07623895743135276
M01,Monthly_Trolley_Total,2,118,0.1424066210770291
M01,Monthly_Trolley_Total,3,117,0.10308751005813438
M01,Monthly_Trolley_Total,4,116,0.08288293362593362
M01,Monthly_Trolley_Total,5,115,0.08461756553462406
M01,Monthly_Trolley_Total,6,114,0.1319894256547941
M01,Monthly_Trolley_Total,7,113,0.02687924038651686
M01,Monthly_Trolley_Total,8,112,0.11142552457325665
M01,Monthly_Trolley_Total,9,111,0.0861113544414995
M01,Monthly_Trolley_Total,10,110,0.09740664684491404
M01,Monthly_Trolley_Total,11,109,0.028530867948687314
M01,Monthly_Trolley_Total,12,108,0.07804412303159408
M01,Monthly_Ward_Total,0,120,0.2271070507913349
M01,Monthly_Ward_Total,1,119,0.14912255903056743
M01,Monthly_Ward_Total,2,118,0.22076290915381502
M01,Monthly_Ward_Total,3,117,0.21337567909673408
M01,Monthly_Ward_Total,4,116,0.21606979004778387
M01,Monthly_Ward_Total,5,115,0.22545643982514055
M01,Monthly_Ward_Total,6,114,0.2893373868541175
M01,Monthly_Ward_Total,7,113,0.20202605240305407
M01,Monthly_Ward_Total,8,112,0.30202419043735307
M01,Monthly_Ward_Total,9,111,0.3009885087786448
M01,Monthly_Ward_Total,10,110,0.33514808273322105
M01,Monthly_Ward_Total,11,109,0.2796151818829368
M01,Monthly_Ward_Total,12,108,0.3542027938974144
M02,Monthly_Total_Pressure,0,120,0.24642641620848946
M02,Monthly_Total_Pressure,1,119,0.22061321413370646
M02,Monthly_Total_Pressure,2,118,0.285165187048567
M02,Monthly_Total_Pressure,3,117,0.32860565226142247
M02,Monthly_Total_Pressure,4,116,0.33895146570313345
M02,Monthly_Total_Pressure,5,115,0.3417333894886611
M02,Monthly_Total_Pressure,6,114,0.3450462837827649
M02,Monthly_Total_Pressure,7,113,0.2746786946962765
M02,Monthly_Total_Pressure,8,112,0.2845920853466343
M02,Monthly_Total_Pressure,9,111,0.26548449466896157
M02,Monthly_Total_Pressure,10,110,0.26095257860583787
M02,Monthly_Total_Pressure,11,109,0.25594686716227677
M02,Monthly_Total_Pressure,12,108,0.2832614624228258
M02,Monthly_Trolley_Total,0,120,0.2556473252769906
M02,Monthly_Trolley_Total,1,119,0.23433660824629574
M02,Monthly_Trolley_Total,2,118,0.30179294136039075
M02,Monthly_Trolley_Total,3,117,0.34313833311780934
M02,Monthly_Trolley_Total,4,116,0.3551793495274931
M02,Monthly_Trolley_Total,5,115,0.3579648975312158
M02,Monthly_Trolley_Total,6,114,0.36055955014927155
M02,Monthly_Trolley_Total,7,113,0.2890232510891607
M02,Monthly_Trolley_Total,8,112,0.29768451182504113
M02,Monthly_Trolley_Total,9,111,0.27753228142225955
M02,Monthly_Trolley_Total,10,110,0.27218267610582303
M02,Monthly_Trolley_Total,11,109,0.27056051993099184
M02,Monthly_Trolley_Total,12,108,0.2934755123453021
M02,Monthly_Ward_Total,0,120,0.17522637712815967
M02,Monthly_Ward_Total,1,119,0.146482852850365
M02,Monthly_Ward_Total,2,118,0.19179479111189607
M02,Monthly_Ward_Total,3,117,0.23049888685745296
M02,Monthly_Ward_Total,4,116,0.23526004634885656
M02,Monthly_Ward_Total,5,115,0.2370934928800657
M02,Monthly_Ward_Total,6,114,0.24070024980134389
M02,Monthly_Ward_Total,7,113,0.18756570623000265
M02,Monthly_Ward_Total,8,112,0.19742134001010037
M02,Monthly_Ward_Total,9,111,0.18441238741435595
M02,Monthly_Ward_Total,10,110,0.18248311468289066
M02,Monthly_Ward_Total,11,109,0.1719142300593265
M02,Monthly_Ward_Total,12,108,0.20241747430558427
M03,Monthly_Total_Pressure,0,120,0.256506621287802
M03,Monthly_Total_Pressure,1,119,0.2385761161095034
M03,Monthly_Total_Pressure,2,118,0.2589717437210446
M03,Monthly_Total_Pressure,3,117,0.26698400972685205
M03,Monthly_Total_Pressure,4,116,0.2625630396704888
M03,Monthly_Total_Pressure,5,115,0.26349476843606
M03,Monthly_Total_Pressure,6,114,0.26705497943828543
M03,Monthly_Total_Pressure,7,113,0.23014662094903302
M03,Monthly_Total_Pressure,8,112,0.23730180460486092
M03,Monthly_Total_Pressure,9,111,0.22932130293936676
M03,Monthly_Total_Pressure,10,110,0.23406266796029296
M03,Monthly_Total_Pressure,11,109,0.2230558079241587
M03,Monthly_Total_Pressure,12,108,0.24012559889660545
M03,Monthly_Trolley_Total,0,120,0.22412106135786933
M03,Monthly_Trolley_Total,1,119,0.20992454199803473
M03,Monthly_Trolley_Total,2,118,0.23480678881463352
M03,Monthly_Trolley_Total,3,117,0.24539912838129682
M03,Monthly_Trolley_Total,4,116,0.24324246562717458
M03,Monthly_Trolley_Total,5,115,0.24639754982196213
M03,Monthly_Trolley_Total,6,114,0.2497528122521811
M03,Monthly_Trolley_Total,7,113,0.21468018787373414
M03,Monthly_Trolley_Total,8,112,0.22355180259507046
M03,Monthly_Trolley_Total,9,111,0.2178373881157883
M03,Monthly_Trolley_Total,10,110,0.2250815265622644
M03,Monthly_Trolley_Total,11,109,0.2213180374836471
M03,Monthly_Trolley_Total,12,108,0.2388995451464447
M03,Monthly_Ward_Total,0,120,0.2681986292617123
M03,Monthly_Ward_Total,1,119,0.24720827867652947
M03,Monthly_Ward_Total,2,118,0.25432923501278326
M03,Monthly_Ward_Total,3,117,0.2553974764605346
M03,Monthly_Ward_Total,4,116,0.2473306455935029
M03,Monthly_Ward_Total,5,115,0.24331512595748825
M03,Monthly_Ward_Total,6,114,0.24609976315882492
M03,Monthly_Ward_Total,7,113,0.21312663888692593
M03,Monthly_Ward_Total,8,112,0.2149394805216562
M03,Monthly_Ward_Total,9,111,0.20397755864658282
M03,Monthly_Ward_Total,10,110,0.20262112806552998
M03,Monthly_Ward_Total,11,109,0.1793784171931067
M03,Monthly_Ward_Total,12,108,0.19179620756101423
M04,Monthly_Total_Pressure,0,120,0.19308808268897718
M04,Monthly_Total_Pressure,1,119,0.18207233319481633
M04,Monthly_Total_Pressure,2,118,0.2347916852958129
M04,Monthly_Total_Pressure,3,117,0.2501130880637782
M04,Monthly_Total_Pressure,4,116,0.23559785220709473
M04,Monthly_Total_Pressure,5,115,0.23311632739004398
M04,Monthly_Total_Pressure,6,114,0.23605500340040655
M04,Monthly_Total_Pressure,7,113,0.17348282511983013
M04,Monthly_Total_Pressure,8,112,0.18414913132667696
M04,Monthly_Total_Pressure,9,111,0.16696662328041817
M04,Monthly_Total_Pressure,10,110,0.17271113809491254
M04,Monthly_Total_Pressure,11,109,0.14949119592812876
M04,Monthly_Total_Pressure,12,108,0.16203349159410294
M04,Monthly_Trolley_Total,0,120,0.18388840197515965
M04,Monthly_Trolley_Total,1,119,0.1729962930913152
M04,Monthly_Trolley_Total,2,118,0.23254274009167583
M04,Monthly_Trolley_Total,3,117,0.2506166163555905
M04,Monthly_Trolley_Total,4,116,0.2378807544680512
M04,Monthly_Trolley_Total,5,115,0.23730391740110998
M04,Monthly_Trolley_Total,6,114,0.23830390753990932
M04,Monthly_Trolley_Total,7,113,0.17757101830881367
M04,Monthly_Trolley_Total,8,112,0.1917952981558451
M04,Monthly_Trolley_Total,9,111,0.1750995056341379
M04,Monthly_Trolley_Total,10,110,0.18316952786345816
M04,Monthly_Trolley_Total,11,109,0.17123192550924426
M04,Monthly_Trolley_Total,12,108,0.1846461567846516
M04,Monthly_Ward_Total,0,120,0.17086734790561262
M04,Monthly_Ward_Total,1,119,0.16254719570247406
M04,Monthly_Ward_Total,2,118,0.19045169774633108
M04,Monthly_Ward_Total,3,117,0.1969793269572183
M04,Monthly_Ward_Total,4,116,0.18188666642774812
M04,Monthly_Ward_Total,5,115,0.17580224786108617
M04,Monthly_Ward_Total,6,114,0.18173631431124077
M04,Monthly_Ward_Total,7,113,0.1285875396237267
M04,Monthly_Ward_Total,8,112,0.12942817400583514
M04,Monthly_Ward_Total,9,111,0.11484462973937866
M04,Monthly_Ward_Total,10,110,0.11459226178657347
M04,Monthly_Ward_Total,11,109,0.07344341424093091
M04,Monthly_Ward_Total,12,108,0.0815121287330913
M05,Monthly_Total_Pressure,0,120,0.19294149394533763
M05,Monthly_Total_Pressure,1,119,0.11120885305045343
M05,Monthly_Total_Pressure,2,118,0.16290203072201517
M05,Monthly_Total_Pressure,3,117,0.15191582840933718
M05,Monthly_Total_Pressure,4,116,0.12265292080271409
M05,Monthly_Total_Pressure,5,115,0.11852734993474655
M05,Monthly_Total_Pressure,6,114,0.15045343316271442
M05,Monthly_Total_Pressure,7,113,0.0921047637811043
M05,Monthly_Total_Pressure,8,112,0.14816092350207125
M05,Monthly_Total_Pressure,9,111,0.12724164497885432
M05,Monthly_Total_Pressure,10,110,0.15082002840002148
M05,Monthly_Total_Pressure,11,109,0.08591770412878116
M05,Monthly_Total_Pressure,12,108,0.10748011717670289
M05,Monthly_Trolley_Total,0,120,0.11272195977294888
M05,Monthly_Trolley_Total,1,119,0.01624584336501689
M05,Monthly_Trolley_Total,2,118,0.06571830030227788
M05,Monthly_Trolley_Total,3,117,0.051165347007094075
M05,Monthly_Trolley_Total,4,116,0.018071311594939056
M05,Monthly_Trolley_Total,5,115,0.010020906109281823
M05,Monthly_Trolley_Total,6,114,0.03611681085834749
M05,Monthly_Trolley_Total,7,113,-0.0198241448205689
M05,Monthly_Trolley_Total,8,112,0.029403341361980345
M05,Monthly_Trolley_Total,9,111,0.004006399296844891
M05,Monthly_Trolley_Total,10,110,0.01727879628964247
M05,Monthly_Trolley_Total,11,109,-0.04764040267484771
M05,Monthly_Trolley_Total,12,108,-0.0352112344534239
M05,Monthly_Ward_Total,0,120,0.31589945152229776
M05,Monthly_Ward_Total,1,119,0.281850720094343
M05,Monthly_Ward_Total,2,118,0.32733194041662955
M05,Monthly_Ward_Total,3,117,0.32580530429202686
M05,Monthly_Ward_Total,4,116,0.31056885988788285
M05,Monthly_Ward_Total,5,115,0.3154327463612912
M05,Monthly_Ward_Total,6,114,0.35206291233058595
M05,Monthly_Ward_Total,7,113,0.3006154825700457
M05,Monthly_Ward_Total,8,112,0.3589642852412273
M05,Monthly_Ward_Total,9,111,0.35173112139416246
M05,Monthly_Ward_Total,10,110,0.39166033543932766
M05,Monthly_Ward_Total,11,109,0.3404675772760733
M05,Monthly_Ward_Total,12,108,0.37637523315342214
M09,Monthly_Total_Pressure,0,120,0.2384758393059656
M09,Monthly_Total_Pressure,1,119,0.21006668427173095
M09,Monthly_Total_Pressure,2,118,0.3121732000879098
M09,Monthly_Total_Pressure,3,117,0.32939375259091813
M09,Monthly_Total_Pressure,4,116,0.28924039895146486
M09,Monthly_Total_Pressure,5,115,0.2659905585442188
M09,Monthly_Total_Pressure,6,114,0.24139988673758023
M09,Monthly_Total_Pressure,7,113,0.10036071912934207
M09,Monthly_Total_Pressure,8,112,0.10846020077774941
M09,Monthly_Total_Pressure,9,111,0.05044757656350982
M09,Monthly_Total_Pressure,10,110,0.06120822582815293
M09,Monthly_Total_Pressure,11,109,0.003446587771811797
M09,Monthly_Total_Pressure,12,108,0.054463916315440626
M09,Monthly_Trolley_Total,0,120,0.22273146553882006
M09,Monthly_Trolley_Total,1,119,0.19054365638280193
M09,Monthly_Trolley_Total,2,118,0.3034730819196976
M09,Monthly_Trolley_Total,3,117,0.32286630379499803
M09,Monthly_Trolley_Total,4,116,0.2811727275266382
M09,Monthly_Trolley_Total,5,115,0.25661272408506547
M09,Monthly_Trolley_Total,6,114,0.2274101662638361
M09,Monthly_Trolley_Total,7,113,0.09032904344765685
M09,Monthly_Trolley_Total,8,112,0.10033508367053054
M09,Monthly_Trolley_Total,9,111,0.04149306722280711
M09,Monthly_Trolley_Total,10,110,0.05155016074497141
M09,Monthly_Trolley_Total,11,109,0.009475387512180153
M09,Monthly_Trolley_Total,12,108,0.0556065176563989
M09,Monthly_Ward_Total,0,120,0.21998799713689982
M09,Monthly_Ward_Total,1,119,0.20601995828715555
M09,Monthly_Ward_Total,2,118,0.2648754879586416
M09,Monthly_Ward_Total,3,117,0.2740870124950198
M09,Monthly_Ward_Total,4,116,0.2454864265783571
M09,Monthly_Ward_Total,5,115,0.22951694203634854
M09,Monthly_Ward_Total,6,114,0.2190903396136846
M09,Monthly_Ward_Total,7,113,0.09963261979884605
M09,Monthly_Ward_Total,8,112,0.10199440516887219
M09,Monthly_Ward_Total,9,111,0.05799412202128553
M09,Monthly_Ward_Total,10,110,0.06792500127021772
M09,Monthly_Ward_Total,11,109,-0.009594621329538741
M09,Monthly_Ward_Total,12,108,0.04059835472260294
N01,Monthly_Total_Pressure,0,120,-0.10297942093714484
N01,Monthly_Total_Pressure,1,119,-0.11555847596302533
N01,Monthly_Total_Pressure,2,118,-0.09395460738899276
N01,Monthly_Total_Pressure,3,117,-0.08097649888353126
N01,Monthly_Total_Pressure,4,116,-0.06327290738900454
N01,Monthly_Total_Pressure,5,115,-0.024744991544713973
N01,Monthly_Total_Pressure,6,114,0.00641941514586913
N01,Monthly_Total_Pressure,7,113,0.017030789530629833
N01,Monthly_Total_Pressure,8,112,0.027582770930018582
N01,Monthly_Total_Pressure,9,111,0.024849339769381525
N01,Monthly_Total_Pressure,10,110,0.018105861025051958
N01,Monthly_Total_Pressure,11,109,0.0034870557449607435
N01,Monthly_Total_Pressure,12,108,0.01022584561127887
N01,Monthly_Trolley_Total,0,120,-0.11029607002829632
N01,Monthly_Trolley_Total,1,119,-0.13161664643368534
N01,Monthly_Trolley_Total,2,118,-0.11465627808392159
N01,Monthly_Trolley_Total,3,117,-0.10321477628997772
N01,Monthly_Trolley_Total,4,116,-0.0884109555967541
N01,Monthly_Trolley_Total,5,115,-0.053094409842930054
N01,Monthly_Trolley_Total,6,114,-0.02505989281107781
N01,Monthly_Trolley_Total,7,113,-0.0170694686525178
N01,Monthly_Trolley_Total,8,112,-0.013979262054574004
N01,Monthly_Trolley_Total,9,111,-0.023321406965358702
N01,Monthly_Trolley_Total,10,110,-0.036833561279035774
N01,Monthly_Trolley_Total,11,109,-0.05934000137357072
N01,Monthly_Trolley_Total,12,108,-0.05927372157155815
N01,Monthly_Ward_Total,0,120,-0.06614737340303538
N01,Monthly_Ward_Total,1,119,-0.05861912907684493
N01,Monthly_Ward_Total,2,118,-0.03211660575350644
N01,Monthly_Ward_Total,3,117,-0.01873879405825293
N01,Monthly_Ward_Total,4,116,0.0012076699900210198
N01,Monthly_Ward_Total,5,115,0.03835310240839271
N01,Monthly_Ward_Total,6,114,0.06930102142975084
N01,Monthly_Ward_Total,7,113,0.08288075786134999
N01,Monthly_Ward_Total,8,112,0.10651441537152904
N01,Monthly_Ward_Total,9,111,0.1178933426163768
N01,Monthly_Ward_Total,10,110,0.12653727516034854
N01,Monthly_Ward_Total,11,109,0.1310486712940582
N01,Monthly_Ward_Total,12,108,0.1501122095889566
N02,Monthly_Total_Pressure,0,120,0.3581225112364614
N02,Monthly_Total_Pressure,1,119,0.3214476766485077
N02,Monthly_Total_Pressure,2,118,0.33851230607908495
N02,Monthly_Total_Pressure,3,117,0.3348061258365333
N02,Monthly_Total_Pressure,4,116,0.30334262592145833
N02,Monthly_Total_Pressure,5,115,0.2958693756990444
N02,Monthly_Total_Pressure,6,114,0.292416500451604
N02,Monthly_Total_Pressure,7,113,0.26041919894568627
N02,Monthly_Total_Pressure,8,112,0.292613687187496
N02,Monthly_Total_Pressure,9,111,0.28982124353127825
N02,Monthly_Total_Pressure,10,110,0.29608433740975604
N02,Monthly_Total_Pressure,11,109,0.27387910347384464
N02,Monthly_Total_Pressure,12,108,0.28185366746646945
N02,Monthly_Trolley_Total,0,120,0.3175909201558495
N02,Monthly_Trolley_Total,1,119,0.27386209720599086
N02,Monthly_Trolley_Total,2,118,0.29086565252271446
N02,Monthly_Trolley_Total,3,117,0.2851907603657257
N02,Monthly_Trolley_Total,4,116,0.25047967797261117
N02,Monthly_Trolley_Total,5,115,0.24168072106182903
N02,Monthly_Trolley_Total,6,114,0.23269967908380063
N02,Monthly_Trolley_Total,7,113,0.20167322587931136
N02,Monthly_Trolley_Total,8,112,0.2335340067617876
N02,Monthly_Trolley_Total,9,111,0.22858487744086478
N02,Monthly_Trolley_Total,10,110,0.23371640307779282
N02,Monthly_Trolley_Total,11,109,0.2157836692982207
N02,Monthly_Trolley_Total,12,108,0.21759801950421448
N02,Monthly_Ward_Total,0,120,0.36487417190126314
N02,Monthly_Ward_Total,1,119,0.3514160899052808
N02,Monthly_Ward_Total,2,118,0.36522612214362477
N02,Monthly_Ward_Total,3,117,0.36627433148920757
N02,Monthly_Ward_Total,4,116,0.34808029439810007
N02,Monthly_Ward_Total,5,115,0.34470217112860646
N02,Monthly_Ward_Total,6,114,0.3526660853543595
N02,Monthly_Ward_Total,7,113,0.32515004055750824
N02,Monthly_Ward_Total,8,112,0.3509784976950495
N02,Monthly_Ward_Total,9,111,0.35316592175494427
N02,Monthly_Ward_Total,10,110,0.3605578942759524
N02,Monthly_Ward_Total,11,109,0.3345299152510599
N02,Monthly_Ward_Total,12,108,0.3535174461215067
N03,Monthly_Total_Pressure,0,120,-0.3935739210859153
N03,Monthly_Total_Pressure,1,119,-0.38436116758454675
N03,Monthly_Total_Pressure,2,118,-0.3513455062627373
N03,Monthly_Total_Pressure,3,117,-0.33701548965343453
N03,Monthly_Total_Pressure,4,116,-0.30937076553534903
N03,Monthly_Total_Pressure,5,115,-0.2950099015758802
N03,Monthly_Total_Pressure,6,114,-0.25985601502863953
N03,Monthly_Total_Pressure,7,113,-0.2782572478631474
N03,Monthly_Total_Pressure,8,112,-0.2769753775592662
N03,Monthly_Total_Pressure,9,111,-0.2691530340580228
N03,Monthly_Total_Pressure,10,110,-0.255993071656612
N03,Monthly_Total_Pressure,11,109,-0.25372660128009694
N03,Monthly_Total_Pressure,12,108,-0.21959754741326168
N03,Monthly_Trolley_Total,0,120,-0.31995258730236004
N03,Monthly_Trolley_Total,1,119,-0.303152821088359
N03,Monthly_Trolley_Total,2,118,-0.2634771441386378
N03,Monthly_Trolley_Total,3,117,-0.24417280707412825
N03,Monthly_Trolley_Total,4,116,-0.21049080594248698
N03,Monthly_Trolley_Total,5,115,-0.1931690875796563
N03,Monthly_Trolley_Total,6,114,-0.15351913637207829
N03,Monthly_Trolley_Total,7,113,-0.170930573828316
N03,Monthly_Trolley_Total,8,112,-0.17106276953750088
N03,Monthly_Trolley_Total,9,111,-0.16481946962813285
N03,Monthly_Trolley_Total,10,110,-0.15374609592915758
N03,Monthly_Trolley_Total,11,109,-0.14844045362829852
N03,Monthly_Trolley_Total,12,108,-0.11164530487428119
N03,Monthly_Ward_Total,0,120,-0.4604212240416355
N03,Monthly_Ward_Total,1,119,-0.46982741413148166
N03,Monthly_Ward_Total,2,118,-0.4574884678872903
N03,Monthly_Ward_Total,3,117,-0.45621031711236676
N03,Monthly_Ward_Total,4,116,-0.4467746866871557
N03,Monthly_Ward_Total,5,115,-0.44138358813842293
N03,Monthly_Ward_Total,6,114,-0.4220940311594041
N03,Monthly_Ward_Total,7,113,-0.43815514052155163
N03,Monthly_Ward_Total,8,112,-0.43420726029425843
N03,Monthly_Ward_Total,9,111,-0.42486852238824835
N03,Monthly_Ward_Total,10,110,-0.4104995738061465
N03,Monthly_Ward_Total,11,109,-0.4150129041915154
N03,Monthly_Ward_Total,12,108,-0.39375326645317216
N04,Monthly_Total_Pressure,0,120,0.36636940910723637
N04,Monthly_Total_Pressure,1,119,0.31431646027418814
N04,Monthly_Total_Pressure,2,118,0.3836868222930894
N04,Monthly_Total_Pressure,3,117,0.3982232673443909
N04,Monthly_Total_Pressure,4,116,0.3571740590954084
N04,Monthly_Total_Pressure,5,115,0.3643095612214727
N04,Monthly_Total_Pressure,6,114,0.37540618112608193
N04,Monthly_Total_Pressure,7,113,0.2667594540366778
N04,Monthly_Total_Pressure,8,112,0.31820802180893293
N04,Monthly_Total_Pressure,9,111,0.28879519601717746
N04,Monthly_Total_Pressure,10,110,0.30214178663096497
N04,Monthly_Total_Pressure,11,109,0.23476900966948214
N04,Monthly_Total_Pressure,12,108,0.2791999767776064
N04,Monthly_Trolley_Total,0,120,0.32297854224946276
N04,Monthly_Trolley_Total,1,119,0.2610731150630202
N04,Monthly_Trolley_Total,2,118,0.334991750141945
N04,Monthly_Trolley_Total,3,117,0.3502480538066079
N04,Monthly_Trolley_Total,4,116,0.3060716202198034
N04,Monthly_Trolley_Total,5,115,0.3105950416207757
N04,Monthly_Trolley_Total,6,114,0.3155872856597812
N04,Monthly_Trolley_Total,7,113,0.20842686342077174
N04,Monthly_Trolley_Total,8,112,0.255469611436871
N04,Monthly_Trolley_Total,9,111,0.22197246786618569
N04,Monthly_Trolley_Total,10,110,0.229620011008893
N04,Monthly_Trolley_Total,11,109,0.17073867411289928
N04,Monthly_Trolley_Total,12,108,0.20415328525054718
N04,Monthly_Ward_Total,0,120,0.37721264277982686
N04,Monthly_Ward_Total,1,119,0.35732686626769294
N04,Monthly_Ward_Total,2,118,0.40312635788349943
N04,Monthly_Ward_Total,3,117,0.41313363111657786
N04,Monthly_Ward_Total,4,116,0.38711073737178187
N04,Monthly_Ward_Total,5,115,0.39785880741647606
N04,Monthly_Ward_Total,6,114,0.4183805926291189
N04,Monthly_Ward_Total,7,113,0.32931197429447834
N04,Monthly_Ward_Total,8,112,0.37859964806978547
N04,Monthly_Ward_Total,9,111,0.3637615379218307
N04,Monthly_Ward_Total,10,110,0.38607871669826405
N04,Monthly_Ward_Total,11,109,0.3158200749626524
N04,Monthly_Ward_Total,12,108,0.3734815258114712
N05,Monthly_Total_Pressure,0,120,0.0008633196411460891
N05,Monthly_Total_Pressure,1,119,-0.16566742783333435
N05,Monthly_Total_Pressure,2,118,-0.02402798146032576
N05,Monthly_Total_Pressure,3,117,-0.027145774699731777
N05,Monthly_Total_Pressure,4,116,-0.09618791330398055
N05,Monthly_Total_Pressure,5,115,-0.06757844244227382
N05,Monthly_Total_Pressure,6,114,0.0042291824183784315
N05,Monthly_Total_Pressure,7,113,-0.17106489281039
N05,Monthly_Total_Pressure,8,112,-0.05145490805904177
N05,Monthly_Total_Pressure,9,111,-0.05449917070584268
N05,Monthly_Total_Pressure,10,110,-0.007198130952900483
N05,Monthly_Total_Pressure,11,109,-0.09786440816242163
N05,Monthly_Total_Pressure,12,108,0.028681575475460082
N05,Monthly_Trolley_Total,0,120,0.006418846851975541
N05,Monthly_Trolley_Total,1,119,-0.1795759100991934
N05,Monthly_Trolley_Total,2,118,-0.028393499612188313
N05,Monthly_Trolley_Total,3,117,-0.03331998433160014
N05,Monthly_Trolley_Total,4,116,-0.10662787389930531
N05,Monthly_Trolley_Total,5,115,-0.07945148216311539
N05,Monthly_Trolley_Total,6,114,-0.01625438165017897
N05,Monthly_Trolley_Total,7,113,-0.18141131141164468
N05,Monthly_Trolley_Total,8,112,-0.06810705104808953
N05,Monthly_Trolley_Total,9,111,-0.08058252205864046
N05,Monthly_Trolley_Total,10,110,-0.04001546988581316
N05,Monthly_Trolley_Total,11,109,-0.11437273109156272
N05,Monthly_Trolley_Total,12,108,-0.004734160215035311
N05,Monthly_Ward_Total,0,120,-0.010674262903765693
N05,Monthly_Ward_Total,1,119,-0.10264362042431845
N05,Monthly_Ward_Total,2,118,-0.010109312594986973
N05,Monthly_Ward_Total,3,117,-0.008894603545776755
N05,Monthly_Ward_Total,4,116,-0.05485338034275007
N05,Monthly_Ward_Total,5,115,-0.029185314271037266
N05,Monthly_Ward_Total,6,114,0.04513523012750783
N05,Monthly_Ward_Total,7,113,-0.11393537003199977
N05,Monthly_Ward_Total,8,112,-0.006551125262206276
N05,Monthly_Ward_Total,9,111,0.010338638603528912
N05,Monthly_Ward_Total,10,110,0.06140430626369981
N05,Monthly_Ward_Total,11,109,-0.04343238268879268
N05,Monthly_Ward_Total,12,108,0.09090851940571819
N06,Monthly_Total_Pressure,0,120,0.2560289509457393
N06,Monthly_Total_Pressure,1,119,0.22862463879888198
N06,Monthly_Total_Pressure,2,118,0.2684213831814569
N06,Monthly_Total_Pressure,3,117,0.278617737356326
N06,Monthly_Total_Pressure,4,116,0.2682485412303201
N06,Monthly_Total_Pressure,5,115,0.26897440029012637
N06,Monthly_Total_Pressure,6,114,0.27938661707867574
N06,Monthly_Total_Pressure,7,113,0.23236733429571443
N06,Monthly_Total_Pressure,8,112,0.2574347313744226
N06,Monthly_Total_Pressure,9,111,0.253784601246697
N06,Monthly_Total_Pressure,10,110,0.2663553585891816
N06,Monthly_Total_Pressure,11,109,0.25230050600373455
N06,Monthly_Total_Pressure,12,108,0.27521932293805706
N06,Monthly_Trolley_Total,0,120,0.25174803456020567
N06,Monthly_Trolley_Total,1,119,0.22514888012863657
N06,Monthly_Trolley_Total,2,118,0.2694753220644814
N06,Monthly_Trolley_Total,3,117,0.2816090834840405
N06,Monthly_Trolley_Total,4,116,0.27263948766168494
N06,Monthly_Trolley_Total,5,115,0.27393328772685954
N06,Monthly_Trolley_Total,6,114,0.28225001009491885
N06,Monthly_Trolley_Total,7,113,0.23621000290989347
N06,Monthly_Trolley_Total,8,112,0.2611815218125745
N06,Monthly_Trolley_Total,9,111,0.25675743222776404
N06,Monthly_Trolley_Total,10,110,0.2690943413864512
N06,Monthly_Trolley_Total,11,109,0.2617599464893948
N06,Monthly_Trolley_Total,12,108,0.2818202419790952
N06,Monthly_Ward_Total,0,120,0.21038329128898903
N06,Monthly_Ward_Total,1,119,0.18793530768379316
N06,Monthly_Ward_Total,2,118,0.21033085322058628
N06,Monthly_Ward_Total,3,117,0.2144702183087831
N06,Monthly_Ward_Total,4,116,0.20343689768823048
N06,Monthly_Ward_Total,5,115,0.20258443071192933
N06,Monthly_Ward_Total,6,114,0.21468537244445057
N06,Monthly_Ward_Total,7,113,0.17555913005458915
N06,Monthly_Ward_Total,8,112,0.19509968831919453
N06,Monthly_Ward_Total,9,111,0.19372613819817136
N06,Monthly_Ward_Total,10,110,0.20409032130575339
N06,Monthly_Ward_Total,11,109,0.1795653688744184
N06,Monthly_Ward_Total,12,108,0.2034628133121502
N07,Monthly_Total_Pressure,0,120,0.3729172169245696
N07,Monthly_Total_Pressure,1,119,0.23627910557135617
N07,Monthly_Total_Pressure,2,118,0.26053358966806545
N07,Monthly_Total_Pressure,3,117,0.24722219479065768
N07,Monthly_Total_Pressure,4,116,0.2181651126578102
N07,Monthly_Total_Pressure,5,115,0.1864787530449367
N07,Monthly_Total_Pressure,6,114,0.2179015199695218
N07,Monthly_Total_Pressure,7,113,0.15294804118759767
N07,Monthly_Total_Pressure,8,112,0.2025527925576728
N07,Monthly_Total_Pressure,9,111,0.1848798750648541
N07,Monthly_Total_Pressure,10,110,0.1888380303133618
N07,Monthly_Total_Pressure,11,109,0.16068741038349557
N07,Monthly_Total_Pressure,12,108,0.21426498478979944
N07,Monthly_Trolley_Total,0,120,0.32608927684600864
N07,Monthly_Trolley_Total,1,119,0.18943732453993878
N07,Monthly_Trolley_Total,2,118,0.21297222324060336
N07,Monthly_Trolley_Total,3,117,0.19316773070904622
N07,Monthly_Trolley_Total,4,116,0.16428209176033592
N07,Monthly_Trolley_Total,5,115,0.13416912924832516
N07,Monthly_Trolley_Total,6,114,0.16148401989834393
N07,Monthly_Trolley_Total,7,113,0.0997125401230945
N07,Monthly_Trolley_Total,8,112,0.14763039138653788
N07,Monthly_Trolley_Total,9,111,0.1296633027941396
N07,Monthly_Trolley_Total,10,110,0.13201737954214765
N07,Monthly_Trolley_Total,11,109,0.10999525866596296
N07,Monthly_Trolley_Total,12,108,0.15756232156745412
N07,Monthly_Ward_Total,0,120,0.38939388448801243
N07,Monthly_Ward_Total,1,119,0.28253034391933235
N07,Monthly_Ward_Total,2,118,0.30332411463344494
N07,Monthly_Ward_Total,3,117,0.3059930115420174
N07,Monthly_Ward_Total,4,116,0.28271882268587445
N07,Monthly_Ward_Total,5,115,0.2543523090332104
N07,Monthly_Ward_Total,6,114,0.2871168815851403
N07,Monthly_Ward_Total,7,113,0.22911262152731807
N07,Monthly_Ward_Total,8,112,0.271569391081288
N07,Monthly_Ward_Total,9,111,0.25826160374192636
N07,Monthly_Ward_Total,10,110,0.26479091328865906
N07,Monthly_Ward_Total,11,109,0.23018520744669468
N07,Monthly_Ward_Total,12,108,0.28479984038214473
P01,Monthly_Total_Pressure,0,120,0.25590881870061566
P01,Monthly_Total_Pressure,1,119,0.20901287585051145
P01,Monthly_Total_Pressure,2,118,0.34347222310881365
P01,Monthly_Total_Pressure,3,117,0.38140861650307595
P01,Monthly_Total_Pressure,4,116,0.38796942056238404
P01,Monthly_Total_Pressure,5,115,0.4043453633409855
P01,Monthly_Total_Pressure,6,114,0.4462166831641887
P01,Monthly_Total_Pressure,7,113,0.352321398459556
P01,Monthly_Total_Pressure,8,112,0.3482673744602801
P01,Monthly_Total_Pressure,9,111,0.249541398686004
P01,Monthly_Total_Pressure,10,110,0.23677161615505718
P01,Monthly_Total_Pressure,11,109,0.17561622581570635
P01,Monthly_Total_Pressure,12,108,0.1888628672737193
P01,Monthly_Trolley_Total,0,120,0.2322285200770309
P01,Monthly_Trolley_Total,1,119,0.17838785201890148
P01,Monthly_Trolley_Total,2,118,0.31641591691690957
P01,Monthly_Trolley_Total,3,117,0.35428188963408247
P01,Monthly_Trolley_Total,4,116,0.36260261637561175
P01,Monthly_Trolley_Total,5,115,0.3790654541171396
P01,Monthly_Trolley_Total,6,114,0.4102678000376008
P01,Monthly_Trolley_Total,7,113,0.3133381841120623
P01,Monthly_Trolley_Total,8,112,0.30712775326711944
P01,Monthly_Trolley_Total,9,111,0.20826725501463392
P01,Monthly_Trolley_Total,10,110,0.19085097125043118
P01,Monthly_Trolley_Total,11,109,0.13872774322575226
P01,Monthly_Trolley_Total,12,108,0.14547371839239642
P01,Monthly_Ward_Total,0,120,0.24993636683437329
P01,Monthly_Ward_Total,1,119,0.22785336964022368
P01,Monthly_Ward_Total,2,118,0.3271218170361079
P01,Monthly_Ward_Total,3,117,0.357289563379338
P01,Monthly_Ward_Total,4,116,0.3589677033188243
P01,Monthly_Ward_Total,5,115,0.371424258529719
P01,Monthly_Ward_Total,6,114,0.42556632060418853
P01,Monthly_Ward_Total,7,113,0.35743529774995453
P01,Monthly_Ward_Total,8,112,0.35820888268251794
P01,Monthly_Ward_Total,9,111,0.2807065214826005
P01,Monthly_Ward_Total,10,110,0.2802495277931431
P01,Monthly_Ward_Total,11,109,0.21376460211735143
P01,Monthly_Ward_Total,12,108,0.23756373906691886
P02,Monthly_Total_Pressure,0,120,0.47319013773641705
P02,Monthly_Total_Pressure,1,119,0.39999700846187886
P02,Monthly_Total_Pressure,2,118,0.4054870628655931
P02,Monthly_Total_Pressure,3,117,0.36099670133320244
P02,Monthly_Total_Pressure,4,116,0.3242424522649725
P02,Monthly_Total_Pressure,5,115,0.2698369242096624
P02,Monthly_Total_Pressure,6,114,0.27349353518565794
P02,Monthly_Total_Pressure,7,113,0.21061559519994896
P02,Monthly_Total_Pressure,8,112,0.2499363341765158
P02,Monthly_Total_Pressure,9,111,0.2240578905140426
P02,Monthly_Total_Pressure,10,110,0.25903002077520854
P02,Monthly_Total_Pressure,11,109,0.2596958483714548
P02,Monthly_Total_Pressure,12,108,0.2869662316698756
P02,Monthly_Trolley_Total,0,120,0.3808970190922423
P02,Monthly_Trolley_Total,1,119,0.30739610957052754
P02,Monthly_Trolley_Total,2,118,0.3032711257661434
P02,Monthly_Trolley_Total,3,117,0.24990381685202293
P02,Monthly_Trolley_Total,4,116,0.20979554402082418
P02,Monthly_Trolley_Total,5,115,0.1489363297579617
P02,Monthly_Trolley_Total,6,114,0.14431261255560573
P02,Monthly_Trolley_Total,7,113,0.08462308535110144
P02,Monthly_Trolley_Total,8,112,0.11579742348386186
P02,Monthly_Trolley_Total,9,111,0.08981881533725063
P02,Monthly_Trolley_Total,10,110,0.11621606242739575
P02,Monthly_Trolley_Total,11,109,0.11027787058795718
P02,Monthly_Trolley_Total,12,108,0.12827248540561284
P02,Monthly_Ward_Total,0,120,0.5612831670923298
P02,Monthly_Ward_Total,1,119,0.5054553308535675
P02,Monthly_Ward_Total,2,118,0.5296342512779645
P02,Monthly_Ward_Total,3,117,0.512427230880979
P02,Monthly_Ward_Total,4,116,0.49032241498245344
P02,Monthly_Ward_Total,5,115,0.4604179777828897
P02,Monthly_Ward_Total,6,114,0.47947213573245084
P02,Monthly_Ward_Total,7,113,0.4227825718978557
P02,Monthly_Ward_Total,8,112,0.4704975995030029
P02,Monthly_Ward_Total,9,111,0.45041271259505455
P02,Monthly_Ward_Total,10,110,0.4957999184704892
P02,Monthly_Ward_Total,11,109,0.5098404759714461
P02,Monthly_Ward_Total,12,108,0.5505711096888558
P03,Monthly_Total_Pressure,0,120,0.464861074748491
P03,Monthly_Total_Pressure,1,119,0.38216366938750473
P03,Monthly_Total_Pressure,2,118,0.3726526953637219
P03,Monthly_Total_Pressure,3,117,0.3052838780531191
P03,Monthly_Total_Pressure,4,116,0.2467660606196599
P03,Monthly_Total_Pressure,5,115,0.18146900074085848
P03,Monthly_Total_Pressure,6,114,0.17505157223837736
P03,Monthly_Total_Pressure,7,113,0.09655911473047012
P03,Monthly_Total_Pressure,8,112,0.12169344555195324
P03,Monthly_Total_Pressure,9,111,0.15863047145281586
P03,Monthly_Total_Pressure,10,110,0.23086597991511504
P03,Monthly_Total_Pressure,11,109,0.24662716172129276
P03,Monthly_Total_Pressure,12,108,0.34630702955705434
P03,Monthly_Trolley_Total,0,120,0.3933306709027762
P03,Monthly_Trolley_Total,1,119,0.3165373453828853
P03,Monthly_Trolley_Total,2,118,0.30532889274153374
P03,Monthly_Trolley_Total,3,117,0.22498319530603952
P03,Monthly_Trolley_Total,4,116,0.16548954315201314
P03,Monthly_Trolley_Total,5,115,0.09800021196764831
P03,Monthly_Trolley_Total,6,114,0.09110162934173922
P03,Monthly_Trolley_Total,7,113,0.02085929080017387
P03,Monthly_Trolley_Total,8,112,0.04664047448203639
P03,Monthly_Trolley_Total,9,111,0.07526651984443165
P03,Monthly_Trolley_Total,10,110,0.13940766615401398
P03,Monthly_Trolley_Total,11,109,0.14899076517215326
P03,Monthly_Trolley_Total,12,108,0.23126079580910497
P03,Monthly_Ward_Total,0,120,0.5122896517297393
P03,Monthly_Ward_Total,1,119,0.4362753895993026
P03,Monthly_Ward_Total,2,118,0.4324181208345617
P03,Monthly_Ward_Total,3,117,0.4055028102904599
P03,Monthly_Ward_Total,4,116,0.36127550164370165
P03,Monthly_Ward_Total,5,115,0.31405363723618174
P03,Monthly_Ward_Total,6,114,0.3094744935639326
P03,Monthly_Ward_Total,7,113,0.2303557472357045
P03,Monthly_Ward_Total,8,112,0.24895710740620708
P03,Monthly_Ward_Total,9,111,0.295053441925386
P03,Monthly_Ward_Total,10,110,0.3686687553887508
P03,Monthly_Ward_Total,11,109,0.39379493058056164
P03,Monthly_Ward_Total,12,108,0.5081374695791461
R01,Monthly_Total_Pressure,0,120,0.2628964801850932
R01,Monthly_Total_Pressure,1,119,0.21640628606116766
R01,Monthly_Total_Pressure,2,118,0.25348909760391297
R01,Monthly_Total_Pressure,3,117,0.2827117177795113
R01,Monthly_Total_Pressure,4,116,0.298247492032824
R01,Monthly_Total_Pressure,5,115,0.2978082345552752
R01,Monthly_Total_Pressure,6,114,0.2954239671960469
R01,Monthly_Total_Pressure,7,113,0.28240097079374804
R01,Monthly_Total_Pressure,8,112,0.29314190154734704
R01,Monthly_Total_Pressure,9,111,0.2589777354179026
R01,Monthly_Total_Pressure,10,110,0.23365583706679063
R01,Monthly_Total_Pressure,11,109,0.1921230303073234
R01,Monthly_Total_Pressure,12,108,0.16929960651358336
R01,Monthly_Trolley_Total,0,120,0.24003624387621827
R01,Monthly_Trolley_Total,1,119,0.1913072084730139
R01,Monthly_Trolley_Total,2,118,0.2327698761159779
R01,Monthly_Trolley_Total,3,117,0.2648936861492725
R01,Monthly_Trolley_Total,4,116,0.281538914152374
R01,Monthly_Trolley_Total,5,115,0.28266140528606293
R01,Monthly_Trolley_Total,6,114,0.27433626309305464
R01,Monthly_Trolley_Total,7,113,0.255105704802199
R01,Monthly_Trolley_Total,8,112,0.2656235694339061
R01,Monthly_Trolley_Total,9,111,0.23220567289671673
R01,Monthly_Trolley_Total,10,110,0.20852304744953
R01,Monthly_Trolley_Total,11,109,0.17435755918935636
R01,Monthly_Trolley_Total,12,108,0.15081766201370408
R01,Monthly_Ward_Total,0,120,0.2537634486600251
R01,Monthly_Ward_Total,1,119,0.2224191209717658
R01,Monthly_Ward_Total,2,118,0.2429554836528641
R01,Monthly_Ward_Total,3,117,0.26016395158414135
R01,Monthly_Ward_Total,4,116,0.2702544345005162
R01,Monthly_Ward_Total,5,115,0.2664666920401749
R01,Monthly_Ward_Total,6,114,0.27621669224946843
R01,Monthly_Ward_Total,7,113,0.2784533849030012
R01,Monthly_Ward_Total,8,112,0.2870055745063507
R01,Monthly_Ward_Total,9,111,0.25853242784494546
R01,Monthly_Ward_Total,10,110,0.2353110749653706
R01,Monthly_Ward_Total,11,109,0.18772519432272136
R01,Monthly_Ward_Total,12,108,0.17123387333437987
R03,Monthly_Total_Pressure,0,120,0.26012854041835876
R03,Monthly_Total_Pressure,1,119,0.17003586849989166
R03,Monthly_Total_Pressure,2,118,0.19050871514570278
R03,Monthly_Total_Pressure,3,117,0.14089687762816605
R03,Monthly_Total_Pressure,4,116,0.0713863241649415
R03,Monthly_Total_Pressure,5,115,0.022578204024039303
R03,Monthly_Total_Pressure,6,114,0.022961292549205356
R03,Monthly_Total_Pressure,7,113,-0.03288586039018061
R03,Monthly_Total_Pressure,8,112,0.06396648298571811
R03,Monthly_Total_Pressure,9,111,0.09901385528332514
R03,Monthly_Total_Pressure,10,110,0.16730455847871453
R03,Monthly_Total_Pressure,11,109,0.13700758153509293
R03,Monthly_Total_Pressure,12,108,0.16624827185383623
R03,Monthly_Trolley_Total,0,120,0.2842984393824738
R03,Monthly_Trolley_Total,1,119,0.17948044846670005
R03,Monthly_Trolley_Total,2,118,0.2084919059341491
R03,Monthly_Trolley_Total,3,117,0.1643019787342852
R03,Monthly_Trolley_Total,4,116,0.09364309702851291
R03,Monthly_Trolley_Total,5,115,0.04696993620463935
R03,Monthly_Trolley_Total,6,114,0.04264320499348546
R03,Monthly_Trolley_Total,7,113,-0.015518924046828548
R03,Monthly_Trolley_Total,8,112,0.07919856610337196
R03,Monthly_Trolley_Total,9,111,0.10890100609724539
R03,Monthly_Trolley_Total,10,110,0.17145790178423956
R03,Monthly_Trolley_Total,11,109,0.15436127052258958
R03,Monthly_Trolley_Total,12,108,0.1757062093198505
R03,Monthly_Ward_Total,0,120,0.15546525575250705
R03,Monthly_Ward_Total,1,119,0.11521294989140352
R03,Monthly_Ward_Total,2,118,0.1140979558536969
R03,Monthly_Ward_Total,3,117,0.06379544240469687
R03,Monthly_Ward_Total,4,116,0.011097244181839114
R03,Monthly_Ward_Total,5,115,-0.03198049139040568
R03,Monthly_Ward_Total,6,114,-0.022037197611762704
R03,Monthly_Ward_Total,7,113,-0.06131866510528244
R03,Monthly_Ward_Total,8,112,0.019301749912959517
R03,Monthly_Ward_Total,9,111,0.05776714174163098
R03,Monthly_Ward_Total,10,110,0.12322198700581265
R03,Monthly_Ward_Total,11,109,0.07256170154639631
R03,Monthly_Ward_Total,12,108,0.11172177206794771
R05,Monthly_Total_Pressure,0,120,0.5933130339671556
R05,Monthly_Total_Pressure,1,119,0.5102798757191316
R05,Monthly_Total_Pressure,2,118,0.36330364099137236
R05,Monthly_Total_Pressure,3,117,0.19320045492999904
R05,Monthly_Total_Pressure,4,116,0.04477665653347693
R05,Monthly_Total_Pressure,5,115,-0.0695012045035941
R05,Monthly_Total_Pressure,6,114,-0.10898325069012367
R05,Monthly_Total_Pressure,7,113,-0.1057057192953825
R05,Monthly_Total_Pressure,8,112,0.004078962611459191
R05,Monthly_Total_Pressure,9,111,0.08416872744961298
R05,Monthly_Total_Pressure,10,110,0.14978926125621456
R05,Monthly_Total_Pressure,11,109,0.09450230471595567
R05,Monthly_Total_Pressure,12,108,0.13428799004829817
R05,Monthly_Trolley_Total,0,120,0.5462415572995025
R05,Monthly_Trolley_Total,1,119,0.4377478324327216
R05,Monthly_Trolley_Total,2,118,0.28996315685970003
R05,Monthly_Trolley_Total,3,117,0.12021081111705459
R05,Monthly_Trolley_Total,4,116,-0.032127313436617004
R05,Monthly_Trolley_Total,5,115,-0.14543395402133652
R05,Monthly_Trolley_Total,6,114,-0.1923325524015288
R05,Monthly_Trolley_Total,7,113,-0.19116406638481304
R05,Monthly_Trolley_Total,8,112,-0.08795392605719671
R05,Monthly_Trolley_Total,9,111,-0.016254804534898543
R05,Monthly_Trolley_Total,10,110,0.047118525448381916
R05,Monthly_Trolley_Total,11,109,-0.00016323121457606087
R05,Monthly_Trolley_Total,12,108,0.02942615390700146
R05,Monthly_Ward_Total,0,120,0.5634630704504399
R05,Monthly_Ward_Total,1,119,0.5517129074566434
R05,Monthly_Ward_Total,2,118,0.43729911900944524
R05,Monthly_Ward_Total,3,117,0.30185487932959026
R05,Monthly_Ward_Total,4,116,0.19241610511896495
R05,Monthly_Ward_Total,5,115,0.10017850872530298
R05,Monthly_Ward_Total,6,114,0.08405174176450408
R05,Monthly_Ward_Total,7,113,0.0906002428200312
R05,Monthly_Ward_Total,8,112,0.19097048583598464
R05,Monthly_Ward_Total,9,111,0.2712562089641407
R05,Monthly_Ward_Total,10,110,0.3277567268789934
R05,Monthly_Ward_Total,11,109,0.2678116202341561
R05,Monthly_Ward_Total,12,108,0.3201874814604255
R06,Monthly_Total_Pressure,0,120,0.17223751318642064
R06,Monthly_Total_Pressure,1,119,0.17374481412046455
R06,Monthly_Total_Pressure,2,118,0.23673380952631973
R06,Monthly_Total_Pressure,3,117,0.2938858316004025
R06,Monthly_Total_Pressure,4,116,0.33775630192507605
R06,Monthly_Total_Pressure,5,115,0.3554440989704771
R06,Monthly_Total_Pressure,6,114,0.35251290175669414
R06,Monthly_Total_Pressure,7,113,0.3303256540528116
R06,Monthly_Total_Pressure,8,112,0.30099121076386426
R06,Monthly_Total_Pressure,9,111,0.23696904241682382
R06,Monthly_Total_Pressure,10,110,0.18445424547995648
R06,Monthly_Total_Pressure,11,109,0.14161406572137183
R06,Monthly_Total_Pressure,12,108,0.13215501695552173
R06,Monthly_Trolley_Total,0,120,0.15040165890293075
R06,Monthly_Trolley_Total,1,119,0.15412511509246418
R06,Monthly_Trolley_Total,2,118,0.22176296540066454
R06,Monthly_Trolley_Total,3,117,0.2799485753893088
R06,Monthly_Trolley_Total,4,116,0.3233958869248154
R06,Monthly_Trolley_Total,5,115,0.3415739559742487
R06,Monthly_Trolley_Total,6,114,0.33454140712052816
R06,Monthly_Trolley_Total,7,113,0.3071263349205441
R06,Monthly_Trolley_Total,8,112,0.278056200963822
R06,Monthly_Trolley_Total,9,111,0.21615709908147557
R06,Monthly_Trolley_Total,10,110,0.16663591228733574
R06,Monthly_Trolley_Total,11,109,0.12878986527882258
R06,Monthly_Trolley_Total,12,108,0.12034554897025919
R06,Monthly_Ward_Total,0,120,0.18027191046853372
R06,Monthly_Ward_Total,1,119,0.17748724770409477
R06,Monthly_Ward_Total,2,118,0.21795798372762576
R06,Monthly_Ward_Total,3,117,0.26109307445460184
R06,Monthly_Ward_Total,4,116,0.29674483231513504
R06,Monthly_Ward_Total,5,115,0.30943907476608845
R06,Monthly_Ward_Total,6,114,0.3149200157050067
R06,Monthly_Ward_Total,7,113,0.307934731328431
R06,Monthly_Ward_Total,8,112,0.2838367994306919
R06,Monthly_Ward_Total,9,111,0.22903952789891427
R06,Monthly_Ward_Total,10,110,0.18162808525304833
R06,Monthly_Ward_Total,11,109,0.13781952505867326
R06,Monthly_Ward_Total,12,108,0.12831493486247209
S01,Monthly_Total_Pressure,0,120,0.3183416614917601
S01,Monthly_Total_Pressure,1,119,0.27776417855510693
S01,Monthly_Total_Pressure,2,118,0.3209008670312107
S01,Monthly_Total_Pressure,3,117,0.33543307017771407
S01,Monthly_Total_Pressure,4,116,0.3296238746631857
S01,Monthly_Total_Pressure,5,115,0.3204123188884476
S01,Monthly_Total_Pressure,6,114,0.32142648738979795
S01,Monthly_Total_Pressure,7,113,0.2745341379740234
S01,Monthly_Total_Pressure,8,112,0.2770109796298403
S01,Monthly_Total_Pressure,9,111,0.24061267415125226
S01,Monthly_Total_Pressure,10,110,0.23228888418922805
S01,Monthly_Total_Pressure,11,109,0.19697700577560517
S01,Monthly_Total_Pressure,12,108,0.18683461549280772
S01,Monthly_Trolley_Total,0,120,0.2880160327281893
S01,Monthly_Trolley_Total,1,119,0.24558974101092257
S01,Monthly_Trolley_Total,2,118,0.2915988873011813
S01,Monthly_Trolley_Total,3,117,0.30650799847331245
S01,Monthly_Trolley_Total,4,116,0.3022211000287422
S01,Monthly_Trolley_Total,5,115,0.29478215582498224
S01,Monthly_Trolley_Total,6,114,0.2919646390761655
S01,Monthly_Trolley_Total,7,113,0.24317880755747923
S01,Monthly_Trolley_Total,8,112,0.24677154194050438
S01,Monthly_Trolley_Total,9,111,0.212418682210845
S01,Monthly_Trolley_Total,10,110,0.20415435729608866
S01,Monthly_Trolley_Total,11,109,0.17720237352150348
S01,Monthly_Trolley_Total,12,108,0.16584643909577043
S01,Monthly_Ward_Total,0,120,0.3126864535225695
S01,Monthly_Ward_Total,1,119,0.28539811493462924
S01,Monthly_Ward_Total,2,118,0.31383838135500625
S01,Monthly_Ward_Total,3,117,0.3245609440033748
S01,Monthly_Ward_Total,4,116,0.3169252114932775
S01,Monthly_Ward_Total,5,115,0.305762109635226
S01,Monthly_Ward_Total,6,114,0.3138288180732438
S01,Monthly_Ward_Total,7,113,0.2805125988231441
S01,Monthly_Ward_Total,8,112,0.2798529930881814
S01,Monthly_Ward_Total,9,111,0.2469769134905336
S01,Monthly_Ward_Total,10,110,0.24036979684218485
S01,Monthly_Ward_Total,11,109,0.1956544027381352
S01,Monthly_Ward_Total,12,108,0.1901791909761033
S02,Monthly_Total_Pressure,0,120,0.3124588049533406
S02,Monthly_Total_Pressure,1,119,0.2614973838857517
S02,Monthly_Total_Pressure,2,118,0.25142366738738875
S02,Monthly_Total_Pressure,3,117,0.21485140812695416
S02,Monthly_Total_Pressure,4,116,0.1562086333605881
S02,Monthly_Total_Pressure,5,115,0.1531076730826605
S02,Monthly_Total_Pressure,6,114,0.13582401643259873
S02,Monthly_Total_Pressure,7,113,0.08373065932225848
S02,Monthly_Total_Pressure,8,112,0.12667430262803822
S02,Monthly_Total_Pressure,9,111,0.08292298289506529
S02,Monthly_Total_Pressure,10,110,0.05591567296413433
S02,Monthly_Total_Pressure,11,109,0.010532805675028676
S02,Monthly_Total_Pressure,12,108,0.0047202312042496745
S02,Monthly_Trolley_Total,0,120,0.22427126437472492
S02,Monthly_Trolley_Total,1,119,0.17271172160075776
S02,Monthly_Trolley_Total,2,118,0.1645839379480391
S02,Monthly_Trolley_Total,3,117,0.12537044807772219
S02,Monthly_Trolley_Total,4,116,0.0590103524798155
S02,Monthly_Trolley_Total,5,115,0.053986305810497896
S02,Monthly_Trolley_Total,6,114,0.02496111855059349
S02,Monthly_Trolley_Total,7,113,-0.02993748836482178
S02,Monthly_Trolley_Total,8,112,0.006859750180169954
S02,Monthly_Trolley_Total,9,111,-0.03625243336671202
S02,Monthly_Trolley_Total,10,110,-0.0645801229558847
S02,Monthly_Trolley_Total,11,109,-0.10532845790402218
S02,Monthly_Trolley_Total,12,108,-0.10979204591237769
S02,Monthly_Ward_Total,0,120,0.42630931526747395
S02,Monthly_Ward_Total,1,119,0.38811451873084657
S02,Monthly_Ward_Total,2,118,0.37629066735748357
S02,Monthly_Ward_Total,3,117,0.3526387457355679
S02,Monthly_Ward_Total,4,116,0.3220687642216646
S02,Monthly_Ward_Total,5,115,0.32360507693205454
S02,Monthly_Ward_Total,6,114,0.3334272932870923
S02,Monthly_Ward_Total,7,113,0.2975483447442457
S02,Monthly_Ward_Total,8,112,0.34419877039313485
S02,Monthly_Ward_Total,9,111,0.3085535096835074
S02,Monthly_Ward_Total,10,110,0.290285066163218
S02,Monthly_Ward_Total,11,109,0.24490447743032928
S02,Monthly_Ward_Total,12,108,0.23777430378198908
S03,Monthly_Total_Pressure,0,120,0.6697516910718107
S03,Monthly_Total_Pressure,1,119,0.601689435868911
S03,Monthly_Total_Pressure,2,118,0.571693302996414
S03,Monthly_Total_Pressure,3,117,0.5023465087852262
S03,Monthly_Total_Pressure,4,116,0.4475353075735425
S03,Monthly_Total_Pressure,5,115,0.3657218405381349
S03,Monthly_Total_Pressure,6,114,0.33738212416831104
S03,Monthly_Total_Pressure,7,113,0.26901898215698544
S03,Monthly_Total_Pressure,8,112,0.2689662940532025
S03,Monthly_Total_Pressure,9,111,0.29258567073815045
S03,Monthly_Total_Pressure,10,110,0.3552672317308923
S03,Monthly_Total_Pressure,11,109,0.3556231611993235
S03,Monthly_Total_Pressure,12,108,0.3875066282653174
S03,Monthly_Trolley_Total,0,120,0.696097943784555
S03,Monthly_Trolley_Total,1,119,0.599109195372492
S03,Monthly_Trolley_Total,2,118,0.5548186471887152
S03,Monthly_Trolley_Total,3,117,0.474936032044749
S03,Monthly_Trolley_Total,4,116,0.4122643273473295
S03,Monthly_Trolley_Total,5,115,0.3275354221680319
S03,Monthly_Trolley_Total,6,114,0.29172354202446543
S03,Monthly_Trolley_Total,7,113,0.21667517525346722
S03,Monthly_Trolley_Total,8,112,0.2088031665174724
S03,Monthly_Trolley_Total,9,111,0.22534267486771822
S03,Monthly_Trolley_Total,10,110,0.2893165330184421
S03,Monthly_Trolley_Total,11,109,0.3009181849107419
S03,Monthly_Trolley_Total,12,108,0.3227156456327761
S03,Monthly_Ward_Total,0,120,0.47361366226890567
S03,Monthly_Ward_Total,1,119,0.4811958907405873
S03,Monthly_Ward_Total,2,118,0.48699795578781196
S03,Monthly_Ward_Total,3,117,0.45361110945169325
S03,Monthly_Ward_Total,4,116,0.42634645386383335
S03,Monthly_Ward_Total,5,115,0.36724925647397716
S03,Monthly_Ward_Total,6,114,0.35947274794487655
S03,Monthly_Ward_Total,7,113,0.3188999311132703
S03,Monthly_Ward_Total,8,112,0.33456527522667356
S03,Monthly_Ward_Total,9,111,0.367603516390765
S03,Monthly_Ward_Total,10,110,0.4144719478460843
S03,Monthly_Ward_Total,11,109,0.39204315503240644
S03,Monthly_Ward_Total,12,108,0.4378975229411122
V01,Monthly_Total_Pressure,0,120,0.20039692049388935
V01,Monthly_Total_Pressure,1,119,0.1419532256769415
V01,Monthly_Total_Pressure,2,118,0.13221136673983744
V01,Monthly_Total_Pressure,3,117,0.16497940962218863
V01,Monthly_Total_Pressure,4,116,0.21113538240134777
V01,Monthly_Total_Pressure,5,115,0.27823824271216546
V01,Monthly_Total_Pressure,6,114,0.3421908343436975
V01,Monthly_Total_Pressure,7,113,0.3824961872671312
V01,Monthly_Total_Pressure,8,112,0.39857701430386144
V01,Monthly_Total_Pressure,9,111,0.37736639700753477
V01,Monthly_Total_Pressure,10,110,0.33783790093499083
V01,Monthly_Total_Pressure,11,109,0.3026935766108894
V01,Monthly_Total_Pressure,12,108,0.2597017451166327
V01,Monthly_Trolley_Total,0,120,0.19165303751687676
V01,Monthly_Trolley_Total,1,119,0.1370002874186279
V01,Monthly_Trolley_Total,2,118,0.13383131417326624
V01,Monthly_Trolley_Total,3,117,0.16859454729544993
V01,Monthly_Trolley_Total,4,116,0.21452130322463234
V01,Monthly_Trolley_Total,5,115,0.2818794167381112
V01,Monthly_Trolley_Total,6,114,0.34381260513306755
V01,Monthly_Trolley_Total,7,113,0.3800208328366607
V01,Monthly_Trolley_Total,8,112,0.3907625939479248
V01,Monthly_Trolley_Total,9,111,0.36387606736136385
V01,Monthly_Trolley_Total,10,110,0.3231626260396678
V01,Monthly_Trolley_Total,11,109,0.29009124212072823
V01,Monthly_Trolley_Total,12,108,0.24432803919751742
V01,Monthly_Ward_Total,0,120,0.1756918397320785
V01,Monthly_Ward_Total,1,119,0.12239540848612734
V01,Monthly_Ward_Total,2,118,0.10135169278846215
V01,Monthly_Ward_Total,3,117,0.12323379488266072
V01,Monthly_Ward_Total,4,116,0.16026603667236233
V01,Monthly_Ward_Total,5,115,0.21260296932379344
V01,Monthly_Ward_Total,6,114,0.2667921575508997
V01,Monthly_Ward_Total,7,113,0.3069064312228965
V01,Monthly_Ward_Total,8,112,0.3298430187023264
V01,Monthly_Ward_Total,9,111,0.32462326086416204
V01,Monthly_Ward_Total,10,110,0.2959556343339604
V01,Monthly_Ward_Total,11,109,0.2643416741407196
V01,Monthly_Ward_Total,12,108,0.2361446207556234
V03,Monthly_Total_Pressure,0,120,-0.44443028259532097
V03,Monthly_Total_Pressure,1,119,-0.49306244502657537
V03,Monthly_Total_Pressure,2,118,-0.38564445119265206
V03,Monthly_Total_Pressure,3,117,-0.35908699122559384
V03,Monthly_Total_Pressure,4,116,-0.37976524540440043
V03,Monthly_Total_Pressure,5,115,-0.36284582164523604
V03,Monthly_Total_Pressure,6,114,-0.3239705818574996
V03,Monthly_Total_Pressure,7,113,-0.38243094217057677
V03,Monthly_Total_Pressure,8,112,-0.33911772883138935
V03,Monthly_Total_Pressure,9,111,-0.3431837535291842
V03,Monthly_Total_Pressure,10,110,-0.32036007155278745
V03,Monthly_Total_Pressure,11,109,-0.3794541567927703
V03,Monthly_Total_Pressure,12,108,-0.3373657446284487
V03,Monthly_Trolley_Total,0,120,-0.4070903915335505
V03,Monthly_Trolley_Total,1,119,-0.45869435176443246
V03,Monthly_Trolley_Total,2,118,-0.3356937736057149
V03,Monthly_Trolley_Total,3,117,-0.30656904996593076
V03,Monthly_Trolley_Total,4,116,-0.3185756122493988
V03,Monthly_Trolley_Total,5,115,-0.3010711191458683
V03,Monthly_Trolley_Total,6,114,-0.26030421164348655
V03,Monthly_Trolley_Total,7,113,-0.3089429103323474
V03,Monthly_Trolley_Total,8,112,-0.2587905566438384
V03,Monthly_Trolley_Total,9,111,-0.2635503966804383
V03,Monthly_Trolley_Total,10,110,-0.2381307755437496
V03,Monthly_Trolley_Total,11,109,-0.2836567061575348
V03,Monthly_Trolley_Total,12,108,-0.24166933188169212
V03,Monthly_Ward_Total,0,120,-0.42632229043003184
V03,Monthly_Ward_Total,1,119,-0.46017477991813033
V03,Monthly_Ward_Total,2,118,-0.40723905263847426
V03,Monthly_Ward_Total,3,117,-0.39141818673223194
V03,Monthly_Ward_Total,4,116,-0.4255865064147589
V03,Monthly_Ward_Total,5,115,-0.413169487575003
V03,Monthly_Ward_Total,6,114,-0.38563177233532686
V03,Monthly_Ward_Total,7,113,-0.45146162436980725
V03,Monthly_Ward_Total,8,112,-0.43095033301613006
V03,Monthly_Ward_Total,9,111,-0.4327296941394101
V03,Monthly_Ward_Total,10,110,-0.4202609765150476
V03,Monthly_Ward_Total,11,109,-0.4947440210136848
V03,Monthly_Ward_Total,12,108,-0.46153969336672807
V04,Monthly_Total_Pressure,0,120,-0.05210395731622546
V04,Monthly_Total_Pressure,1,119,-0.09122345860968835
V04,Monthly_Total_Pressure,2,118,-0.0665215239757534
V04,Monthly_Total_Pressure,3,117,-0.08225726425567598
V04,Monthly_Total_Pressure,4,116,-0.0838875662765721
V04,Monthly_Total_Pressure,5,115,-0.05715238638822472
V04,Monthly_Total_Pressure,6,114,-0.005551694045352928
V04,Monthly_Total_Pressure,7,113,0.0006681668044757126
V04,Monthly_Total_Pressure,8,112,0.061985718424827474
V04,Monthly_Total_Pressure,9,111,0.07414484167953962
V04,Monthly_Total_Pressure,10,110,0.10065988828306
V04,Monthly_Total_Pressure,11,109,0.08581602766598732
V04,Monthly_Total_Pressure,12,108,0.11278906592805533
V04,Monthly_Trolley_Total,0,120,-0.01943595504969141
V04,Monthly_Trolley_Total,1,119,-0.07322676622221726
V04,Monthly_Trolley_Total,2,118,-0.0554045965897862
V04,Monthly_Trolley_Total,3,117,-0.07677856893901373
V04,Monthly_Trolley_Total,4,116,-0.0853311863569272
V04,Monthly_Trolley_Total,5,115,-0.06456056919623517
V04,Monthly_Trolley_Total,6,114,-0.017218322145869505
V04,Monthly_Trolley_Total,7,113,-0.010583859657404101
V04,Monthly_Trolley_Total,8,112,0.04165055937175298
V04,Monthly_Trolley_Total,9,111,0.04436535609995144
V04,Monthly_Trolley_Total,10,110,0.0571501195603997
V04,Monthly_Trolley_Total,11,109,0.030480077856637113
V04,Monthly_Trolley_Total,12,108,0.04483776561762072
V04,Monthly_Ward_Total,0,120,-0.10779973361806564
V04,Monthly_Ward_Total,1,119,-0.10890033115677872
V04,Monthly_Ward_Total,2,118,-0.07535111739838102
V04,Monthly_Ward_Total,3,117,-0.07629739583509594
V04,Monthly_Ward_Total,4,116,-0.06347562802221668
V04,Monthly_Ward_Total,5,115,-0.030062381623426206
V04,Monthly_Ward_Total,6,114,0.019423807207172118
V04,Monthly_Ward_Total,7,113,0.023440383887785406
V04,Monthly_Ward_Total,8,112,0.0903032142341445
V04,Monthly_Ward_Total,9,111,0.11915984560539312
V04,Monthly_Ward_Total,10,110,0.16816834347736778
V04,Monthly_Ward_Total,11,109,0.18064899865415962
V04,Monthly_Ward_Total,12,108,0.22779794922220817
V06,Monthly_Total_Pressure,0,120,0.38114186698829605
V06,Monthly_Total_Pressure,1,119,0.34490604565374167
V06,Monthly_Total_Pressure,2,118,0.39030899915569783
V06,Monthly_Total_Pressure,3,117,0.4109391105628326
V06,Monthly_Total_Pressure,4,116,0.4166780002966001
V06,Monthly_Total_Pressure,5,115,0.4344128951972977
V06,Monthly_Total_Pressure,6,114,0.4602453846130011
V06,Monthly_Total_Pressure,7,113,0.42666468685921743
V06,Monthly_Total_Pressure,8,112,0.48072881582300225
V06,Monthly_Total_Pressure,9,111,0.43936628466787836
V06,Monthly_Total_Pressure,10,110,0.4007384799771951
V06,Monthly_Total_Pressure,11,109,0.3364034521365955
V06,Monthly_Total_Pressure,12,108,0.35125710850526703
V06,Monthly_Trolley_Total,0,120,0.2937138190069857
V06,Monthly_Trolley_Total,1,119,0.2536770933873517
V06,Monthly_Trolley_Total,2,118,0.2962365441374206
V06,Monthly_Trolley_Total,3,117,0.31258482883079924
V06,Monthly_Trolley_Total,4,116,0.3145065488054358
V06,Monthly_Trolley_Total,5,115,0.32467762406609335
V06,Monthly_Trolley_Total,6,114,0.34207219900720026
V06,Monthly_Trolley_Total,7,113,0.3011670874044105
V06,Monthly_Trolley_Total,8,112,0.3451803644882175
V06,Monthly_Trolley_Total,9,111,0.29877493322763704
V06,Monthly_Trolley_Total,10,110,0.2552413764430839
V06,Monthly_Trolley_Total,11,109,0.19188896880708528
V06,Monthly_Trolley_Total,12,108,0.19892076761078134
V06,Monthly_Ward_Total,0,120,0.478848044224952
V06,Monthly_Ward_Total,1,119,0.4590780554568977
V06,Monthly_Ward_Total,2,118,0.500996212636207
V06,Monthly_Ward_Total,3,117,0.5259773593147226
V06,Monthly_Ward_Total,4,116,0.5384584054587525
V06,Monthly_Ward_Total,5,115,0.5677589889052048
V06,Monthly_Ward_Total,6,114,0.6044194780315585
V06,Monthly_Ward_Total,7,113,0.5922805638044102
V06,Monthly_Ward_Total,8,112,0.6551346257300248
V06,Monthly_Ward_Total,9,111,0.6328833038267371
V06,Monthly_Ward_Total,10,110,0.6128435823800393
V06,Monthly_Ward_Total,11,109,0.5602938058832606
V06,Monthly_Ward_Total,12,108,0.5882574104768132
V07 1,Monthly_Total_Pressure,0,120,0.21934322354295932
V07 1,Monthly_Total_Pressure,1,119,0.20698161253468927
V07 1,Monthly_Total_Pressure,2,118,0.23597569248374692
V07 1,Monthly_Total_Pressure,3,117,0.24486898426375753
V07 1,Monthly_Total_Pressure,4,116,0.23856266562610998
V07 1,Monthly_Total_Pressure,5,115,0.22913282703980611
V07 1,Monthly_Total_Pressure,6,114,0.2252580175935306
V07 1,Monthly_Total_Pressure,7,113,0.1896908231560719
V07 1,Monthly_Total_Pressure,8,112,0.19387106642044566
V07 1,Monthly_Total_Pressure,9,111,0.18546113273504433
V07 1,Monthly_Total_Pressure,10,110,0.18424883756745797
V07 1,Monthly_Total_Pressure,11,109,0.1803163829957803
V07 1,Monthly_Total_Pressure,12,108,0.19071182293612324
V07 1,Monthly_Trolley_Total,0,120,0.1909443283156236
V07 1,Monthly_Trolley_Total,1,119,0.18129094462541986
V07 1,Monthly_Trolley_Total,2,118,0.214154598285039
V07 1,Monthly_Trolley_Total,3,117,0.22588155829922457
V07 1,Monthly_Trolley_Total,4,116,0.22274737894849206
V07 1,Monthly_Trolley_Total,5,115,0.2161129427218422
V07 1,Monthly_Trolley_Total,6,114,0.21290119416725098
V07 1,Monthly_Trolley_Total,7,113,0.1788893761582485
V07 1,Monthly_Trolley_Total,8,112,0.18701527366548057
V07 1,Monthly_Trolley_Total,9,111,0.18068283111885564
V07 1,Monthly_Trolley_Total,10,110,0.18192675155064172
V07 1,Monthly_Trolley_Total,11,109,0.1846758147202315
V07 1,Monthly_Trolley_Total,12,108,0.19633761367877092
V07 1,Monthly_Ward_Total,0,120,0.2307830229549876
V07 1,Monthly_Ward_Total,1,119,0.21617218856591705
V07 1,Monthly_Ward_Total,2,118,0.23134110674413894
V07 1,Monthly_Ward_Total,3,117,0.23259071571813678
V07 1,Monthly_Ward_Total,4,116,0.2211728408813703
V07 1,Monthly_Ward_Total,5,115,0.2078096021352316
V07 1,Monthly_Ward_Total,6,114,0.20301713194373605
V07 1,Monthly_Ward_Total,7,113,0.1716994039035718
V07 1,Monthly_Ward_Total,8,112,0.16667044631696848
V07 1,Monthly_Ward_Total,9,111,0.15576008852545084
V07 1,Monthly_Ward_Total,10,110,0.14979564134306472
V07 1,Monthly_Ward_Total,11,109,0.1332367530420126
V07 1,Monthly_Ward_Total,12,108,0.13883889495553772
V07 2,Monthly_Total_Pressure,0,120,0.22894985293908596
V07 2,Monthly_Total_Pressure,1,119,0.21113178878417174
V07 2,Monthly_Total_Pressure,2,118,0.24489351404469123
V07 2,Monthly_Total_Pressure,3,117,0.2550100924993338
V07 2,Monthly_Total_Pressure,4,116,0.2466481562485813
V07 2,Monthly_Total_Pressure,5,115,0.23161353924837727
V07 2,Monthly_Total_Pressure,6,114,0.23902805236547434
V07 2,Monthly_Total_Pressure,7,113,0.192069406161759
V07 2,Monthly_Total_Pressure,8,112,0.19691272854547912
V07 2,Monthly_Total_Pressure,9,111,0.18332234352579355
V07 2,Monthly_Total_Pressure,10,110,0.17579473972049828
V07 2,Monthly_Total_Pressure,11,109,0.1592418446177779
V07 2,Monthly_Total_Pressure,12,108,0.18219925435536208
V07 2,Monthly_Trolley_Total,0,120,0.20051035196487835
V07 2,Monthly_Trolley_Total,1,119,0.18672067151635718
V07 2,Monthly_Trolley_Total,2,118,0.22584953860107126
V07 2,Monthly_Trolley_Total,3,117,0.24000047481715123
V07 2,Monthly_Trolley_Total,4,116,0.23416067210763078
V07 2,Monthly_Trolley_Total,5,115,0.22113027971122354
V07 2,Monthly_Trolley_Total,6,114,0.2278817328151908
V07 2,Monthly_Trolley_Total,7,113,0.1808174108586229
V07 2,Monthly_Trolley_Total,8,112,0.18735500965441834
V07 2,Monthly_Trolley_Total,9,111,0.17384442915090795
V07 2,Monthly_Trolley_Total,10,110,0.16925284228842627
V07 2,Monthly_Trolley_Total,11,109,0.15789384697562653
V07 2,Monthly_Trolley_Total,12,108,0.17910042570812465
V07 2,Monthly_Ward_Total,0,120,0.23843165698191238
V07 2,Monthly_Ward_Total,1,119,0.21684245899111043
V07 2,Monthly_Ward_Total,2,118,0.23273158518318812
V07 2,Monthly_Ward_Total,3,117,0.2325040868149944
V07 2,Monthly_Ward_Total,4,116,0.2207828345507246
V07 2,Monthly_Ward_Total,5,115,0.20458871577231696
V07 2,Monthly_Ward_Total,6,114,0.2114161792174395
V07 2,Monthly_Ward_Total,7,113,0.17449405422823933
V07 2,Monthly_Ward_Total,8,112,0.1745781695816883
V07 2,Monthly_Ward_Total,9,111,0.1636695751962507
V07 2,Monthly_Ward_Total,10,110,0.15176447185267777
V07 2,Monthly_Ward_Total,11,109,0.12827939735503088
V07 2,Monthly_Ward_Total,12,108,0.14996084418709887
V07 3,Monthly_Total_Pressure,0,120,0.2685082891218539
V07 3,Monthly_Total_Pressure,1,119,0.1850599071154424
V07 3,Monthly_Total_Pressure,2,118,0.16063332498818797
V07 3,Monthly_Total_Pressure,3,117,0.08238548977224133
V07 3,Monthly_Total_Pressure,4,116,0.022431681717718633
V07 3,Monthly_Total_Pressure,5,115,-0.02493319734161542
V07 3,Monthly_Total_Pressure,6,114,-0.026132507093622633
V07 3,Monthly_Total_Pressure,7,113,-0.038696799390790536
V07 3,Monthly_Total_Pressure,8,112,0.042334607108500066
V07 3,Monthly_Total_Pressure,9,111,0.06989974870407956
V07 3,Monthly_Total_Pressure,10,110,0.1257956289261697
V07 3,Monthly_Total_Pressure,11,109,0.11340905904504539
V07 3,Monthly_Total_Pressure,12,108,0.11983190818415713
V07 3,Monthly_Trolley_Total,0,120,0.2340509970298852
V07 3,Monthly_Trolley_Total,1,119,0.12914667679339015
V07 3,Monthly_Trolley_Total,2,118,0.09472431753460249
V07 3,Monthly_Trolley_Total,3,117,0.012602225484763982
V07 3,Monthly_Trolley_Total,4,116,-0.053044880741516254
V07 3,Monthly_Trolley_Total,5,115,-0.10128743765071745
V07 3,Monthly_Trolley_Total,6,114,-0.10674009912035888
V07 3,Monthly_Trolley_Total,7,113,-0.12157520638992679
V07 3,Monthly_Trolley_Total,8,112,-0.04971141516529481
V07 3,Monthly_Trolley_Total,9,111,-0.029901248522078334
V07 3,Monthly_Trolley_Total,10,110,0.015599457719178597
V07 3,Monthly_Trolley_Total,11,109,-0.001366297542734433
V07 3,Monthly_Trolley_Total,12,108,-0.002732182856542847
V07 3,Monthly_Ward_Total,0,120,0.2818845973028782
V07 3,Monthly_Ward_Total,1,119,0.2605378735931612
V07 3,Monthly_Ward_Total,2,118,0.2616957062945708
V07 3,Monthly_Ward_Total,3,117,0.20758495287067047
V07 3,Monthly_Ward_Total,4,116,0.17181002332445705
V07 3,Monthly_Ward_Total,5,115,0.1362859338411742
V07 3,Monthly_Ward_Total,6,114,0.14385379966686976
V07 3,Monthly_Ward_Total,7,113,0.13822997719880373
V07 3,Monthly_Ward_Total,8,112,0.2211256414180051
V07 3,Monthly_Ward_Total,9,111,0.25875203443532124
V07 3,Monthly_Ward_Total,10,110,0.3242479931057351
V07 3,Monthly_Ward_Total,11,109,0.3237818862710139
V07 3,Monthly_Ward_Total,12,108,0.344973701613126
V07 4,Monthly_Total_Pressure,0,120,0.3188736624709952
V07 4,Monthly_Total_Pressure,1,119,0.23676089004683137
V07 4,Monthly_Total_Pressure,2,118,0.24836878277869837
V07 4,Monthly_Total_Pressure,3,117,0.24942533582953336
V07 4,Monthly_Total_Pressure,4,116,0.2566575918348571
V07 4,Monthly_Total_Pressure,5,115,0.22910174552174775
V07 4,Monthly_Total_Pressure,6,114,0.23952578699698113
V07 4,Monthly_Total_Pressure,7,113,0.193282684483209
V07 4,Monthly_Total_Pressure,8,112,0.19460613546700914
V07 4,Monthly_Total_Pressure,9,111,0.1475096303329982
V07 4,Monthly_Total_Pressure,10,110,0.10841689744020037
V07 4,Monthly_Total_Pressure,11,109,0.08282334059331109
V07 4,Monthly_Total_Pressure,12,108,0.11100730003189402
V07 4,Monthly_Trolley_Total,0,120,0.272210296767774
V07 4,Monthly_Trolley_Total,1,119,0.2020956726843941
V07 4,Monthly_Trolley_Total,2,118,0.21507009629082877
V07 4,Monthly_Trolley_Total,3,117,0.2110818458796156
V07 4,Monthly_Trolley_Total,4,116,0.21991271089091916
V07 4,Monthly_Trolley_Total,5,115,0.1974530990612629
V07 4,Monthly_Trolley_Total,6,114,0.20789358826092907
V07 4,Monthly_Trolley_Total,7,113,0.16337418343567905
V07 4,Monthly_Trolley_Total,8,112,0.1671380798060982
V07 4,Monthly_Trolley_Total,9,111,0.12447321262302853
V07 4,Monthly_Trolley_Total,10,110,0.09088698081787396
V07 4,Monthly_Trolley_Total,11,109,0.061794940938264285
V07 4,Monthly_Trolley_Total,12,108,0.08839833153772353
V07 4,Monthly_Ward_Total,0,120,0.34649584407369194
V07 4,Monthly_Ward_Total,1,119,0.25805052347978286
V07 4,Monthly_Ward_Total,2,118,0.26458039951999923
V07 4,Monthly_Ward_Total,3,117,0.27568562662606744
V07 4,Monthly_Ward_Total,4,116,0.2782179557266542
V07 4,Monthly_Ward_Total,5,115,0.24584661768443836
V07 4,Monthly_Ward_Total,6,114,0.25361079064043207
V07 4,Monthly_Ward_Total,7,113,0.21344275312835717
V07 4,Monthly_Ward_Total,8,112,0.20930083063354565
V07 4,Monthly_Ward_Total,9,111,0.16315247862479793
V07 4,Monthly_Ward_Total,10,110,0.12117825178597173
V07 4,Monthly_Ward_Total,11,109,0.10823006280844864
V07 4,Monthly_Ward_Total,12,108,0.13371751684048455
V07 5,Monthly_Total_Pressure,0,120,-0.10049494522997092
V07 5,Monthly_Total_Pressure,1,119,-0.14770113295291926
V07 5,Monthly_Total_Pressure,2,118,-0.1287476356122591
V07 5,Monthly_Total_Pressure,3,117,-0.1442783228793066
V07 5,Monthly_Total_Pressure,4,116,-0.18806761899447225
V07 5,Monthly_Total_Pressure,5,115,-0.2168514334592237
V07 5,Monthly_Total_Pressure,6,114,-0.18716963530626513
V07 5,Monthly_Total_Pressure,7,113,-0.19061591999187016
V07 5,Monthly_Total_Pressure,8,112,-0.13504257104895376
V07 5,Monthly_Total_Pressure,9,111,-0.07965785164022976
V07 5,Monthly_Total_Pressure,10,110,-0.009441902735077288
V07 5,Monthly_Total_Pressure,11,109,-0.014064811701799396
V07 5,Monthly_Total_Pressure,12,108,0.04913655747383328
V07 5,Monthly_Trolley_Total,0,120,0.019131925302915315
V07 5,Monthly_Trolley_Total,1,119,-0.035483913302794906
V07 5,Monthly_Trolley_Total,2,118,-0.01511171780913808
V07 5,Monthly_Trolley_Total,3,117,-0.027546601611167287
V07 5,Monthly_Trolley_Total,4,116,-0.06389826504970066
V07 5,Monthly_Trolley_Total,5,115,-0.08528674875035812
V07 5,Monthly_Trolley_Total,6,114,-0.05283012876283066
V07 5,Monthly_Trolley_Total,7,113,-0.04919425553800123
V07 5,Monthly_Trolley_Total,8,112,0.005657386309731784
V07 5,Monthly_Trolley_Total,9,111,0.05885385479660475
V07 5,Monthly_Trolley_Total,10,110,0.12704127105624363
V07 5,Monthly_Trolley_Total,11,109,0.13317587413089724
V07 5,Monthly_Trolley_Total,12,108,0.18557394961217888
V07 5,Monthly_Ward_Total,0,120,-0.3236328498393291
V07 5,Monthly_Ward_Total,1,119,-0.3459435378171113
V07 5,Monthly_Ward_Total,2,118,-0.33387878639831947
V07 5,Monthly_Ward_Total,3,117,-0.35236183796635123
V07 5,Monthly_Ward_Total,4,116,-0.4023429816760112
V07 5,Monthly_Ward_Total,5,115,-0.44030330151294983
V07 5,Monthly_Ward_Total,6,114,-0.4218602793064013
V07 5,Monthly_Ward_Total,7,113,-0.43841800429832645
V07 5,Monthly_Ward_Total,8,112,-0.39339794885723733
V07 5,Monthly_Ward_Total,9,111,-0.3454539690469388
V07 5,Monthly_Ward_Total,10,110,-0.28637309994104865
V07 5,Monthly_Ward_Total,11,109,-0.3117689798172204
V07 5,Monthly_Ward_Total,12,108,-0.2401322372193818
