YEAR_MONTH,ATC Class Category,ATC Class Code,Product Category,Prescribing Frequency,Prescribing Frequency Percentage of Scheme Total,Ingredient Cost,Ingredient Cost Percentage of Scheme Total,Ingredient Cost Percentage of Scheme Total
201601,Alimentary Tract and Metabolism,A01,Stomatological Preparations,6774,0.14,19505,0.03,0.03
201601,Alimentary Tract and Metabolism,A02,Drugs For Acid Related Disorders,322537,6.75,1907486,3.35,3.35
201601,Alimentary Tract and Metabolism,A03,Drugs For Functional Gastrointestinal Disorders,36323,0.76,119924,0.21,0.21
201601,Alimentary Tract and Metabolism,A04,Antiemetics and Antinauseants,2940,0.06,246125,0.43,0.43
201601,Alimentary Tract and Metabolism,A05,Bile and Liver Therapy,1543,0.03,54955,0.1,0.1
201601,Alimentary Tract and Metabolism,A06,Laxatives,70781,1.48,717358,1.26,1.26
201601,Alimentary Tract and Metabolism,A07,Antidiarrheals Intestinal Antiinflammatory/Antiinfective Agents,21874,0.46,638636,1.12,1.12
201601,Alimentary Tract and Metabolism,A09,Digestives Incl. Enzymes,1753,0.04,87242,0.15,0.15
201601,Alimentary Tract and Metabolism,A10,Drugs Used In Diabetes,61839,1.29,1233714,2.17,2.17
201601,Alimentary Tract and Metabolism,A11,Vitamins,30409,0.64,186167,0.33,0.33
201601,Alimentary Tract and Metabolism,A12,Mineral Supplements,95692,2,509581,0.9,0.9
201601,Alimentary Tract and Metabolism,A14,Anabolic Agents For Systemic Use,14,0,181,0,0
201601,Alimentary Tract and Metabolism,,,,,,,
201601,Antiinfectives For Systemic Use,J01,Antibacterials For Systemic Use,266406,5.58,1628195,2.86,2.86
201601,Antiinfectives For Systemic Use,J02,Antimycotics For Systemic Use,8944,0.19,74620,0.13,0.13
201601,Antiinfectives For Systemic Use,J04,Antimycobacterials,645,0.01,13909,0.02,0.02
201601,Antiinfectives For Systemic Use,J05,Antivirals For Systemic Use,4934,0.1,189734,0.33,0.33
201601,Antiinfectives For Systemic Use,,,,,,,
201601,Antineoplastic and Immunomodulating Agents,L01,Antineoplastic Agents,3158,0.07,168624,0.3,0.3
201601,Antineoplastic and Immunomodulating Agents,L02,Endocrine Therapy,8773,0.18,218301,0.38,0.38
201601,Antineoplastic and Immunomodulating Agents,L04,Immunosuppressive Agents,14759,0.31,133497,0.23,0.23
201601,Antineoplastic and Immunomodulating Agents,,,,,,,
201601,Antiparasitic Products Insecticides and Repellents,P01,Antiprotozoals,8982,0.19,60517,0.11,0.11
201601,Antiparasitic Products Insecticides and Repellents,P02,Anthelmintics,836,0.02,2960,0.01,0.01
201601,Antiparasitic Products Insecticides and Repellents,P03,Ectoparasiticides Incl. Scabicides Insecticides and Repellents,1830,0.04,24860,0.04,0.04
201601,Antiparasitic Products Insecticides and Repellents,,,,,,,
201601,Blood and Blood Forming Organs,B01,Antithrombotic Agents,274844,5.75,2856699,5.02,5.02
201601,Blood and Blood Forming Organs,B02,Antihemorrhagics,1391,0.03,16889,0.03,0.03
201601,Blood and Blood Forming Organs,B03,Antianemic Preparations,76233,1.6,166703,0.29,0.29
201601,Blood and Blood Forming Organs,,,,,,,
201601,Cardiovascular System,C01,Cardiac Therapy,52262,1.09,724478,1.27,1.27
201601,Cardiovascular System,C02,Antihypertensives,17256,0.36,145409,0.26,0.26
201601,Cardiovascular System,C03,Diuretics,106767,2.23,306373,0.54,0.54
201601,Cardiovascular System,C04,Peripheral Vasodilators,2730,0.06,40895,0.07,0.07
201601,Cardiovascular System,C05,Vasoprotectives,9926,0.21,72766,0.13,0.13
201601,Cardiovascular System,C07,Beta Blocking Agents,163617,3.42,489751,0.86,0.86
201601,Cardiovascular System,C08,Calcium Channel Blockers,114634,2.4,499101,0.88,0.88
201601,Cardiovascular System,C09,Agents Acting On The Renin-Angiotensin System,246347,5.16,2133893,3.75,3.75
201601,Cardiovascular System,C10,Serum Lipid Reducing Agents,279862,5.86,2119493,3.73,3.73
201601,Cardiovascular System,,,,,,,
201601,Dermatologicals,D01,Antifungals For Dermatological Use,33740,0.71,193894,0.34,0.34
201601,Dermatologicals,D02,Emollients and Protectives,20561,0.43,55555,0.1,0.1
201601,Dermatologicals,D03,Preparations For Treatment Of Wounds and Ulcers,50,0,768,0,0
201601,Dermatologicals,D04,Antipruritics Incl. Antihistamines Anesthetics Etc.,1,0,92,0,0
201601,Dermatologicals,D05,Antipsoriatics,6895,0.14,343399,0.6,0.6
201601,Dermatologicals,D06,Antibiotics and Chemotherapeutics For Dermatological Use,10555,0.22,85635,0.15,0.15
201601,Dermatologicals,D07,Corticosteroids Dermatological Preparations,45007,0.94,241699,0.42,0.42
201601,Dermatologicals,D10,Anti-Acne Preparations,8470,0.18,127949,0.22,0.22
201601,Dermatologicals,D11,Other Dermatological Preparations,2213,0.05,114655,0.2,0.2
201601,Dermatologicals,,,,,,,
201601,Genito Urinary System and Sex Hormones,G01,Gynecological Antiinfectives and Antiseptics,2034,0.04,11765,0.02,0.02
201601,Genito Urinary System and Sex Hormones,G02,Other Gynecologicals,2651,0.06,170097,0.3,0.3
201601,Genito Urinary System and Sex Hormones,G03,Sex Hormones and Modulators Of The Genital System,83439,1.75,681044,1.2,1.2
201601,Genito Urinary System and Sex Hormones,G04,Urologicals,95717,2,1943069,3.42,3.42
201601,Genito Urinary System and Sex Hormones,,,,,,,
201601,Musculo-Skeletal System,M01,Antiinflammatory and Antirheumatic Products,111868,2.34,837528,1.47,1.47
201601,Musculo-Skeletal System,M02,Topical Products For Joint and Muscular Pain,56386,1.18,375919,0.66,0.66
201601,Musculo-Skeletal System,M03,Muscle Relaxants,4789,0.1,55599,0.1,0.1
201601,Musculo-Skeletal System,M04,Antigout Preparations,27970,0.59,190017,0.33,0.33
201601,Musculo-Skeletal System,M05,Drugs For Treatment Of Bone Diseases,42120,0.88,1142919,2.01,2.01
201601,Musculo-Skeletal System,M09,Other Drugs For Disorders Of The Musculo-Skeletal System,9357,0.2,102976,0.18,0.18
201601,Musculo-Skeletal System,,,,,,,
201601,Nervous System,N01,Anesthetics,18962,0.4,1791362,3.15,3.15
201601,Nervous System,N02,Analgesics,270470,5.66,2698251,4.74,4.74
201601,Nervous System,N03,Antiepileptics,115983,2.43,3652807,6.42,6.42
201601,Nervous System,N04,Anti-Parkinson Drugs,20987,0.44,454763,0.8,0.8
201601,Nervous System,N05,Psycholeptics,306171,6.41,3162335,5.56,5.56
201601,Nervous System,N06,Psychoanaleptics,278581,5.83,3538527,6.22,6.22
201601,Nervous System,N07,Other Nervous System Drugs,32647,0.68,810815,1.43,1.43
201601,Nervous System,,,,,,,
201601,Respiratory System,R01,Nasal Preparations,40471,0.85,398603,0.7,0.7
201601,Respiratory System,R02,Throat Preparations,968,0.02,2008,0,0
201601,Respiratory System,R03,Drugs For Obstructive Airway Diseases,286715,6,6940017,12.2,12.2
201601,Respiratory System,R05,Cough and Cold Preparations,36925,0.77,147049,0.26,0.26
201601,Respiratory System,R06,Antihistamines For Systemic Use,45011,0.94,179070,0.31,0.31
201601,Respiratory System,,,,,,,
201601,Sensory Organs,S01,Ophthalmologicals,108056,2.26,951910,1.67,1.67
201601,Sensory Organs,S02,Otologicals,1988,0.04,11931,0.02,0.02
201601,Sensory Organs,S03,Ophthalmological and Otological Preparations,5613,0.12,17268,0.03,0.03
201601,Sensory Organs,,,,,,,
201601,Systemic Hormonal Preparations Excl. Sex Hormones and Insulins,H01,Pituitary and Hypothalamic Hormones and Analogues,1141,0.02,61986,0.11,0.11
201601,Systemic Hormonal Preparations Excl. Sex Hormones and Insulins,H02,Corticosteroids For Systemic Use,71742,1.5,326203,0.57,0.57
201601,Systemic Hormonal Preparations Excl. Sex Hormones and Insulins,H03,Thyroid Therapy,135595,2.84,243341,0.43,0.43
201601,Systemic Hormonal Preparations Excl. Sex Hormones and Insulins,H04,Pancreatic Hormones,392,0.01,9867,0.02,0.02
201601,Systemic Hormonal Preparations Excl. Sex Hormones and Insulins,,,,,,,
201601,Various,V01,Allergens,56,0,4887,0.01,0.01
201601,Various,V03,All Other Therapeutic Products,1843,0.04,200341,0.35,0.35
201601,Various,V04,Diagnostic Agents,18586,0.39,729797,1.28,1.28
201601,Various,V06,General Nutrients,46856,0.98,3642925,6.4,6.4
201601,Various,V07,All Other Non-Therapeutic Products,,,,,4.25
201601,Various,V07 1,Ostomy Requisites,19127,0.4,1264818,2.22,2.22
201601,Various,V07 2,Urinary Requisites,9567,0.2,780663,1.37,1.37
201601,Various,V07 3,Needles/Syringes/Lancets,14874,0.31,193136,0.34,0.34
201601,Various,V07 4,Dressings,2354,0.05,96925,0.17,0.17
201601,Various,V07 5,Miscellaneous,5266,0.11,81795,0.14,0.14
201601,Various,,,,,,,
201602,Alimentary Tract and Metabolism,A01,Stomatological Preparations,7173,0.15,20329,0.04,0.04
201602,Alimentary Tract and Metabolism,A02,Drugs For Acid Related Disorders,317940,6.73,1881962,3.33,3.33
201602,Alimentary Tract and Metabolism,A03,Drugs For Functional Gastrointestinal Disorders,35610,0.75,118060,0.21,0.21
201602,Alimentary Tract and Metabolism,A04,Antiemetics and Antinauseants,2969,0.06,247511,0.44,0.44
201602,Alimentary Tract and Metabolism,A05,Bile and Liver Therapy,1510,0.03,53308,0.09,0.09
201602,Alimentary Tract and Metabolism,A06,Laxatives,71801,1.52,731502,1.29,1.29
201602,Alimentary Tract and Metabolism,A07,Antidiarrheals Intestinal Antiinflammatory/Antiinfective Agents,21613,0.46,636129,1.13,1.13
201602,Alimentary Tract and Metabolism,A08,Antiobesity Preparations Excl. Diet Products,2,0,132,0,0
201602,Alimentary Tract and Metabolism,A09,Digestives Incl. Enzymes,1712,0.04,87553,0.15,0.15
201602,Alimentary Tract and Metabolism,A10,Drugs Used In Diabetes,60555,1.28,1224156,2.17,2.17
201602,Alimentary Tract and Metabolism,A11,Vitamins,31533,0.67,194126,0.34,0.34
201602,Alimentary Tract and Metabolism,A12,Mineral Supplements,94915,2.01,505717,0.89,0.89
201602,Alimentary Tract and Metabolism,A14,Anabolic Agents For Systemic Use,11,0,104,0,0
201602,Alimentary Tract and Metabolism,,,,,,,
201602,Antiinfectives For Systemic Use,J01,Antibacterials For Systemic Use,250431,5.3,1519732,2.69,2.69
201602,Antiinfectives For Systemic Use,J02,Antimycotics For Systemic Use,8666,0.18,74705,0.13,0.13
201602,Antiinfectives For Systemic Use,J04,Antimycobacterials,650,0.01,13955,0.02,0.02
201602,Antiinfectives For Systemic Use,J05,Antivirals For Systemic Use,5790,0.12,201366,0.36,0.36
201602,Antiinfectives For Systemic Use,,,,,,,
201602,Antineoplastic and Immunomodulating Agents,L01,Antineoplastic Agents,3035,0.06,161938,0.29,0.29
201602,Antineoplastic and Immunomodulating Agents,L02,Endocrine Therapy,8798,0.19,217120,0.38,0.38
201602,Antineoplastic and Immunomodulating Agents,L04,Immunosuppressive Agents,14439,0.31,130899,0.23,0.23
201602,Antineoplastic and Immunomodulating Agents,,,,,,,
201602,Antiparasitic Products Insecticides and Repellents,P01,Antiprotozoals,8895,0.19,60540,0.11,0.11
201602,Antiparasitic Products Insecticides and Repellents,P02,Anthelmintics,794,0.02,2224,0,0
201602,Antiparasitic Products Insecticides and Repellents,P03,Ectoparasiticides Incl. Scabicides Insecticides and Repellents,1742,0.04,23056,0.04,0.04
201602,Antiparasitic Products Insecticides and Repellents,,,,,,,
201602,Blood and Blood Forming Organs,B01,Antithrombotic Agents,271538,5.75,2880877,5.1,5.1
201602,Blood and Blood Forming Organs,B02,Antihemorrhagics,1430,0.03,17477,0.03,0.03
201602,Blood and Blood Forming Organs,B03,Antianemic Preparations,75430,1.6,173499,0.31,0.31
201602,Blood and Blood Forming Organs,,,,,,,
201602,Cardiovascular System,C01,Cardiac Therapy,51380,1.09,718019,1.27,1.27
201602,Cardiovascular System,C02,Antihypertensives,16951,0.36,128042,0.23,0.23
201602,Cardiovascular System,C03,Diuretics,104846,2.22,301207,0.53,0.53
201602,Cardiovascular System,C04,Peripheral Vasodilators,2729,0.06,39766,0.07,0.07
201602,Cardiovascular System,C05,Vasoprotectives,9792,0.21,73776,0.13,0.13
201602,Cardiovascular System,C07,Beta Blocking Agents,161456,3.42,483575,0.86,0.86
201602,Cardiovascular System,C08,Calcium Channel Blockers,113330,2.4,492783,0.87,0.87
201602,Cardiovascular System,C09,Agents Acting On The Renin-Angiotensin System,243117,5.15,2107469,3.73,3.73
201602,Cardiovascular System,C10,Serum Lipid Reducing Agents,276166,5.85,2090623,3.7,3.7
201602,Cardiovascular System,,,,,,,
201602,Dermatologicals,D01,Antifungals For Dermatological Use,33788,0.72,198424,0.35,0.35
201602,Dermatologicals,D02,Emollients and Protectives,21024,0.45,56690,0.1,0.1
201602,Dermatologicals,D03,Preparations For Treatment Of Wounds and Ulcers,44,0,868,0,0
201602,Dermatologicals,D04,Antipruritics Incl. Antihistamines Anesthetics Etc.,1,0,92,0,0
201602,Dermatologicals,D05,Antipsoriatics,6864,0.15,335964,0.59,0.59
201602,Dermatologicals,D06,Antibiotics and Chemotherapeutics For Dermatological Use,10952,0.23,88754,0.16,0.16
201602,Dermatologicals,D07,Corticosteroids Dermatological Preparations,45838,0.97,246020,0.44,0.44
201602,Dermatologicals,D10,Anti-Acne Preparations,8206,0.17,125201,0.22,0.22
201602,Dermatologicals,D11,Other Dermatological Preparations,2222,0.05,114063,0.2,0.2
201602,Dermatologicals,,,,,,,
201602,Genito Urinary System and Sex Hormones,G01,Gynecological Antiinfectives and Antiseptics,2048,0.04,11539,0.02,0.02
201602,Genito Urinary System and Sex Hormones,G02,Other Gynecologicals,2650,0.06,168910,0.3,0.3
201602,Genito Urinary System and Sex Hormones,G03,Sex Hormones and Modulators Of The Genital System,82212,1.74,656332,1.16,1.16
201602,Genito Urinary System and Sex Hormones,G04,Urologicals,95150,2.02,1935792,3.42,3.42
201602,Genito Urinary System and Sex Hormones,,,,,,,
201602,Musculo-Skeletal System,M01,Antiinflammatory and Antirheumatic Products,111760,2.37,834815,1.48,1.48
201602,Musculo-Skeletal System,M02,Topical Products For Joint and Muscular Pain,56142,1.19,374248,0.66,0.66
201602,Musculo-Skeletal System,M03,Muscle Relaxants,4829,0.1,55870,0.1,0.1
201602,Musculo-Skeletal System,M04,Antigout Preparations,27923,0.59,192626,0.34,0.34
201602,Musculo-Skeletal System,M05,Drugs For Treatment Of Bone Diseases,41369,0.88,1168258,2.07,2.07
201602,Musculo-Skeletal System,M09,Other Drugs For Disorders Of The Musculo-Skeletal System,9197,0.19,101911,0.18,0.18
201602,Musculo-Skeletal System,,,,,,,
201602,Nervous System,N01,Anesthetics,19547,0.41,1848421,3.27,3.27
201602,Nervous System,N02,Analgesics,270043,5.72,2696734,4.77,4.77
201602,Nervous System,N03,Antiepileptics,115845,2.45,3608294,6.38,6.38
201602,Nervous System,N04,Anti-Parkinson Drugs,21042,0.45,449282,0.79,0.79
201602,Nervous System,N05,Psycholeptics,304709,6.45,3165838,5.6,5.6
201602,Nervous System,N06,Psychoanaleptics,277549,5.88,3535349,6.25,6.25
201602,Nervous System,N07,Other Nervous System Drugs,32086,0.68,790895,1.4,1.4
201602,Nervous System,,,,,,,
201602,Respiratory System,R01,Nasal Preparations,40005,0.85,397288,0.7,0.7
201602,Respiratory System,R02,Throat Preparations,818,0.02,1699,0,0
201602,Respiratory System,R03,Drugs For Obstructive Airway Diseases,280967,5.95,6827319,12.08,12.08
201602,Respiratory System,R05,Cough and Cold Preparations,32619,0.69,133123,0.24,0.24
201602,Respiratory System,R06,Antihistamines For Systemic Use,45102,0.96,179578,0.32,0.32
201602,Respiratory System,,,,,,,
201602,Sensory Organs,S01,Ophthalmologicals,110329,2.34,957567,1.69,1.69
201602,Sensory Organs,S02,Otologicals,1926,0.04,11634,0.02,0.02
201602,Sensory Organs,S03,Ophthalmological and Otological Preparations,5772,0.12,17315,0.03,0.03
201602,Sensory Organs,,,,,,,
201602,Systemic Hormonal Preparations Excl. Sex Hormones and Insulins,H01,Pituitary and Hypothalamic Hormones and Analogues,1184,0.03,64823,0.11,0.11
201602,Systemic Hormonal Preparations Excl. Sex Hormones and Insulins,H02,Corticosteroids For Systemic Use,66556,1.41,311823,0.55,0.55
201602,Systemic Hormonal Preparations Excl. Sex Hormones and Insulins,H03,Thyroid Therapy,135189,2.86,242501,0.43,0.43
201602,Systemic Hormonal Preparations Excl. Sex Hormones and Insulins,H04,Pancreatic Hormones,385,0.01,9417,0.02,0.02
201602,Systemic Hormonal Preparations Excl. Sex Hormones and Insulins,,,,,,,
201602,Various,V01,Allergens,70,0,5511,0.01,0.01
201602,Various,V03,All Other Therapeutic Products,1849,0.04,200280,0.35,0.35
201602,Various,V04,Diagnostic Agents,18505,0.39,723541,1.28,1.28
201602,Various,V06,General Nutrients,47634,1.01,3665565,6.48,6.48
201602,Various,V07,All Other Non-Therapeutic Products,,,,,4.26
201602,Various,V07 1,Ostomy Requisites,19260,0.41,1252733,2.22,2.22
201602,Various,V07 2,Urinary Requisites,9422,0.2,776989,1.37,1.37
201602,Various,V07 3,Needles/Syringes/Lancets,14601,0.31,184910,0.33,0.33
201602,Various,V07 4,Dressings,2429,0.05,114826,0.2,0.2
201602,Various,V07 5,Miscellaneous,5281,0.11,81503,0.14,0.14
201602,Various,,,,,,,
201603,Alimentary Tract and Metabolism,A01,Stomatological Preparations,7477,0.15,21443,0.04,0.04
201603,Alimentary Tract and Metabolism,A02,Drugs For Acid Related Disorders,331828,6.79,1973442,3.39,3.39
201603,Alimentary Tract and Metabolism,A03,Drugs For Functional Gastrointestinal Disorders,37015,0.76,123040,0.21,0.21
201603,Alimentary Tract and Metabolism,A04,Antiemetics and Antinauseants,3174,0.06,247327,0.42,0.42
201603,Alimentary Tract and Metabolism,A05,Bile and Liver Therapy,1611,0.03,57047,0.1,0.1
201603,Alimentary Tract and Metabolism,A06,Laxatives,72708,1.49,746237,1.28,1.28
201603,Alimentary Tract and Metabolism,A07,Antidiarrheals Intestinal Antiinflammatory/Antiinfective Agents,22847,0.47,676597,1.16,1.16
201603,Alimentary Tract and Metabolism,A09,Digestives Incl. Enzymes,1779,0.04,89740,0.15,0.15
201603,Alimentary Tract and Metabolism,A10,Drugs Used In Diabetes,62724,1.28,1249929,2.15,2.15
201603,Alimentary Tract and Metabolism,A11,Vitamins,34087,0.7,210853,0.36,0.36
201603,Alimentary Tract and Metabolism,A12,Mineral Supplements,99110,2.03,528819,0.91,0.91
201603,Alimentary Tract and Metabolism,A14,Anabolic Agents For Systemic Use,15,0,161,0,0
201603,Alimentary Tract and Metabolism,,,,,,,
201603,Antiinfectives For Systemic Use,J01,Antibacterials For Systemic Use,242470,4.96,1375955,2.36,2.36
201603,Antiinfectives For Systemic Use,J02,Antimycotics For Systemic Use,8782,0.18,78929,0.14,0.14
201603,Antiinfectives For Systemic Use,J04,Antimycobacterials,630,0.01,12517,0.02,0.02
201603,Antiinfectives For Systemic Use,J05,Antivirals For Systemic Use,5632,0.12,205127,0.35,0.35
201603,Antiinfectives For Systemic Use,,,,,,,
201603,Antineoplastic and Immunomodulating Agents,L01,Antineoplastic Agents,3179,0.07,169059,0.29,0.29
201603,Antineoplastic and Immunomodulating Agents,L02,Endocrine Therapy,9181,0.19,208650,0.36,0.36
201603,Antineoplastic and Immunomodulating Agents,L04,Immunosuppressive Agents,15262,0.31,137337,0.24,0.24
201603,Antineoplastic and Immunomodulating Agents,,,,,,,
201603,Antiparasitic Products Insecticides and Repellents,P01,Antiprotozoals,9359,0.19,68481,0.12,0.12
201603,Antiparasitic Products Insecticides and Repellents,P02,Anthelmintics,691,0.01,2060,0,0
201603,Antiparasitic Products Insecticides and Repellents,P03,Ectoparasiticides Incl. Scabicides Insecticides and Repellents,1624,0.03,20935,0.04,0.04
201603,Antiparasitic Products Insecticides and Repellents,,,,,,,
201603,Blood and Blood Forming Organs,B01,Antithrombotic Agents,282942,5.79,3059842,5.26,5.26
201603,Blood and Blood Forming Organs,B02,Antihemorrhagics,1441,0.03,17460,0.03,0.03
201603,Blood and Blood Forming Organs,B03,Antianemic Preparations,79301,1.62,176703,0.3,0.3
201603,Blood and Blood Forming Organs,,,,,,,
201603,Cardiovascular System,C01,Cardiac Therapy,53684,1.1,748772,1.29,1.29
201603,Cardiovascular System,C02,Antihypertensives,17713,0.36,131219,0.23,0.23
201603,Cardiovascular System,C03,Diuretics,109989,2.25,317244,0.54,0.54
201603,Cardiovascular System,C04,Peripheral Vasodilators,2862,0.06,42921,0.07,0.07
201603,Cardiovascular System,C05,Vasoprotectives,9983,0.2,72057,0.12,0.12
201603,Cardiovascular System,C07,Beta Blocking Agents,169712,3.47,510573,0.88,0.88
201603,Cardiovascular System,C08,Calcium Channel Blockers,119642,2.45,521612,0.9,0.9
201603,Cardiovascular System,C09,Agents Acting On The Renin-Angiotensin System,255824,5.23,2225499,3.82,3.82
201603,Cardiovascular System,C10,Serum Lipid Reducing Agents,289946,5.93,2203059,3.78,3.78
201603,Cardiovascular System,,,,,,,
201603,Dermatologicals,D01,Antifungals For Dermatological Use,34405,0.7,202101,0.35,0.35
201603,Dermatologicals,D02,Emollients and Protectives,21434,0.44,57717,0.1,0.1
201603,Dermatologicals,D03,Preparations For Treatment Of Wounds and Ulcers,61,0,1211,0,0
201603,Dermatologicals,D04,Antipruritics Incl. Antihistamines Anesthetics Etc.,1,0,92,0,0
201603,Dermatologicals,D05,Antipsoriatics,7179,0.15,346957,0.6,0.6
201603,Dermatologicals,D06,Antibiotics and Chemotherapeutics For Dermatological Use,11153,0.23,88418,0.15,0.15
201603,Dermatologicals,D07,Corticosteroids Dermatological Preparations,46813,0.96,247940,0.43,0.43
201603,Dermatologicals,D10,Anti-Acne Preparations,8116,0.17,125403,0.22,0.22
201603,Dermatologicals,D11,Other Dermatological Preparations,2349,0.05,119444,0.21,0.21
201603,Dermatologicals,,,,,,,
201603,Genito Urinary System and Sex Hormones,G01,Gynecological Antiinfectives and Antiseptics,2024,0.04,11483,0.02,0.02
201603,Genito Urinary System and Sex Hormones,G02,Other Gynecologicals,2543,0.05,155328,0.27,0.27
201603,Genito Urinary System and Sex Hormones,G03,Sex Hormones and Modulators Of The Genital System,86326,1.77,690793,1.19,1.19
201603,Genito Urinary System and Sex Hormones,G04,Urologicals,98566,2.02,2014859,3.46,3.46
201603,Genito Urinary System and Sex Hormones,,,,,,,
201603,Musculo-Skeletal System,M01,Antiinflammatory and Antirheumatic Products,113426,2.32,870916,1.5,1.5
201603,Musculo-Skeletal System,M02,Topical Products For Joint and Muscular Pain,57761,1.18,387590,0.67,0.67
201603,Musculo-Skeletal System,M03,Muscle Relaxants,5023,0.1,58728,0.1,0.1
201603,Musculo-Skeletal System,M04,Antigout Preparations,29519,0.6,202109,0.35,0.35
201603,Musculo-Skeletal System,M05,Drugs For Treatment Of Bone Diseases,42917,0.88,1186761,2.04,2.04
201603,Musculo-Skeletal System,M09,Other Drugs For Disorders Of The Musculo-Skeletal System,9684,0.2,109600,0.19,0.19
201603,Musculo-Skeletal System,,,,,,,
201603,Nervous System,N01,Anesthetics,20688,0.42,1953663,3.36,3.36
201603,Nervous System,N02,Analgesics,280497,5.74,2854657,4.9,4.9
201603,Nervous System,N03,Antiepileptics,121263,2.48,3796786,6.52,6.52
201603,Nervous System,N04,Anti-Parkinson Drugs,21956,0.45,464937,0.8,0.8
201603,Nervous System,N05,Psycholeptics,316215,6.47,3024630,5.19,5.19
201603,Nervous System,N06,Psychoanaleptics,290035,5.93,3563746,6.12,6.12
201603,Nervous System,N07,Other Nervous System Drugs,32252,0.66,776159,1.33,1.33
201603,Nervous System,,,,,,,
201603,Respiratory System,R01,Nasal Preparations,41857,0.86,421617,0.72,0.72
201603,Respiratory System,R02,Throat Preparations,590,0.01,1238,0,0
201603,Respiratory System,R03,Drugs For Obstructive Airway Diseases,287285,5.88,7089009,12.17,12.17
201603,Respiratory System,R05,Cough and Cold Preparations,30479,0.62,127659,0.22,0.22
201603,Respiratory System,R06,Antihistamines For Systemic Use,48309,0.99,193980,0.33,0.33
201603,Respiratory System,,,,,,,
201603,Sensory Organs,S01,Ophthalmologicals,113705,2.33,1003621,1.72,1.72
201603,Sensory Organs,S02,Otologicals,1960,0.04,11769,0.02,0.02
201603,Sensory Organs,S03,Ophthalmological and Otological Preparations,5760,0.12,17454,0.03,0.03
201603,Sensory Organs,,,,,,,
201603,Systemic Hormonal Preparations Excl. Sex Hormones and Insulins,H01,Pituitary and Hypothalamic Hormones and Analogues,1204,0.02,67116,0.12,0.12
201603,Systemic Hormonal Preparations Excl. Sex Hormones and Insulins,H02,Corticosteroids For Systemic Use,66402,1.36,319151,0.55,0.55
201603,Systemic Hormonal Preparations Excl. Sex Hormones and Insulins,H03,Thyroid Therapy,142116,2.91,255238,0.44,0.44
201603,Systemic Hormonal Preparations Excl. Sex Hormones and Insulins,H04,Pancreatic Hormones,410,0.01,9987,0.02,0.02
201603,Systemic Hormonal Preparations Excl. Sex Hormones and Insulins,,,,,,,
201603,Various,V01,Allergens,78,0,6492,0.01,0.01
201603,Various,V03,All Other Therapeutic Products,1947,0.04,211437,0.36,0.36
201603,Various,V04,Diagnostic Agents,18569,0.38,727946,1.25,1.25
201603,Various,V06,General Nutrients,48483,0.99,3767358,6.47,6.47
201603,Various,V07,All Other Non-Therapeutic Products,,,,,4.21
201603,Various,V07 1,Ostomy Requisites,19855,0.41,1298850,2.23,2.23
201603,Various,V07 2,Urinary Requisites,9802,0.2,799415,1.37,1.37
201603,Various,V07 3,Needles/Syringes/Lancets,14333,0.29,185314,0.32,0.32
201603,Various,V07 4,Dressings,2076,0.04,86191,0.15,0.15
201603,Various,V07 5,Miscellaneous,5257,0.11,83648,0.14,0.14
201603,Various,,,,,,,
201604,Alimentary Tract and Metabolism,A01,Stomatological Preparations,7282,0.15,21235,0.04,0.04
201604,Alimentary Tract and Metabolism,A02,Drugs For Acid Related Disorders,330883,6.84,1972709,3.48,3.48
201604,Alimentary Tract and Metabolism,A03,Drugs For Functional Gastrointestinal Disorders,36708,0.76,121455,0.21,0.21
201604,Alimentary Tract and Metabolism,A04,Antiemetics and Antinauseants,3161,0.07,244581,0.43,0.43
201604,Alimentary Tract and Metabolism,A05,Bile and Liver Therapy,1597,0.03,56488,0.1,0.1
201604,Alimentary Tract and Metabolism,A06,Laxatives,73287,1.52,751017,1.32,1.32
201604,Alimentary Tract and Metabolism,A07,Antidiarrheals Intestinal Antiinflammatory/Antiinfective Agents,23338,0.48,679120,1.2,1.2
201604,Alimentary Tract and Metabolism,A09,Digestives Incl. Enzymes,1808,0.04,93747,0.17,0.17
201604,Alimentary Tract and Metabolism,A10,Drugs Used In Diabetes,61247,1.27,1225310,2.16,2.16
201604,Alimentary Tract and Metabolism,A11,Vitamins,35336,0.73,217727,0.38,0.38
201604,Alimentary Tract and Metabolism,A12,Mineral Supplements,98784,2.04,527330,0.93,0.93
201604,Alimentary Tract and Metabolism,A14,Anabolic Agents For Systemic Use,14,0,148,0,0
201604,Alimentary Tract and Metabolism,,,,,,,
201604,Antiinfectives For Systemic Use,J01,Antibacterials For Systemic Use,214249,4.43,1258619,2.22,2.22
201604,Antiinfectives For Systemic Use,J02,Antimycotics For Systemic Use,8994,0.19,81528,0.14,0.14
201604,Antiinfectives For Systemic Use,J04,Antimycobacterials,693,0.01,13886,0.02,0.02
201604,Antiinfectives For Systemic Use,J05,Antivirals For Systemic Use,5206,0.11,200057,0.35,0.35
201604,Antiinfectives For Systemic Use,,,,,,,
201604,Antineoplastic and Immunomodulating Agents,L01,Antineoplastic Agents,3298,0.07,173198,0.31,0.31
201604,Antineoplastic and Immunomodulating Agents,L02,Endocrine Therapy,9102,0.19,208165,0.37,0.37
201604,Antineoplastic and Immunomodulating Agents,L04,Immunosuppressive Agents,15452,0.32,137396,0.24,0.24
201604,Antineoplastic and Immunomodulating Agents,,,,,,,
201604,Antiparasitic Products Insecticides and Repellents,P01,Antiprotozoals,9074,0.19,54299,0.1,0.1
201604,Antiparasitic Products Insecticides and Repellents,P02,Anthelmintics,662,0.01,2137,0,0
201604,Antiparasitic Products Insecticides and Repellents,P03,Ectoparasiticides Incl. Scabicides Insecticides and Repellents,1509,0.03,20089,0.04,0.04
201604,Antiparasitic Products Insecticides and Repellents,,,,,,,
201604,Blood and Blood Forming Organs,B01,Antithrombotic Agents,280327,5.8,3108086,5.48,5.48
201604,Blood and Blood Forming Organs,B02,Antihemorrhagics,1525,0.03,18706,0.03,0.03
201604,Blood and Blood Forming Organs,B03,Antianemic Preparations,80121,1.66,178758,0.31,0.31
201604,Blood and Blood Forming Organs,B05,Blood Substitutes and Perfusion Solutions,1,0,7,0,0
201604,Blood and Blood Forming Organs,,,,,,,
201604,Cardiovascular System,C01,Cardiac Therapy,53106,1.1,742290,1.31,1.31
201604,Cardiovascular System,C02,Antihypertensives,17404,0.36,126462,0.22,0.22
201604,Cardiovascular System,C03,Diuretics,109045,2.25,313525,0.55,0.55
201604,Cardiovascular System,C04,Peripheral Vasodilators,2796,0.06,41625,0.07,0.07
201604,Cardiovascular System,C05,Vasoprotectives,10425,0.22,78552,0.14,0.14
201604,Cardiovascular System,C07,Beta Blocking Agents,167869,3.47,502807,0.89,0.89
201604,Cardiovascular System,C08,Calcium Channel Blockers,118379,2.45,514301,0.91,0.91
201604,Cardiovascular System,C09,Agents Acting On The Renin-Angiotensin System,253288,5.24,2204556,3.88,3.88
201604,Cardiovascular System,C10,Serum Lipid Reducing Agents,287653,5.95,2187652,3.85,3.85
201604,Cardiovascular System,,,,,,,
201604,Dermatologicals,D01,Antifungals For Dermatological Use,35674,0.74,212835,0.37,0.37
201604,Dermatologicals,D02,Emollients and Protectives,22463,0.46,60553,0.11,0.11
201604,Dermatologicals,D03,Preparations For Treatment Of Wounds and Ulcers,60,0,741,0,0
201604,Dermatologicals,D04,Antipruritics Incl. Antihistamines Anesthetics Etc.,1,0,92,0,0
201604,Dermatologicals,D05,Antipsoriatics,7494,0.15,352365,0.62,0.62
201604,Dermatologicals,D06,Antibiotics and Chemotherapeutics For Dermatological Use,11356,0.23,94254,0.17,0.17
201604,Dermatologicals,D07,Corticosteroids Dermatological Preparations,49845,1.03,264949,0.47,0.47
201604,Dermatologicals,D10,Anti-Acne Preparations,8451,0.17,131343,0.23,0.23
201604,Dermatologicals,D11,Other Dermatological Preparations,2596,0.05,129648,0.23,0.23
201604,Dermatologicals,,,,,,,
201604,Genito Urinary System and Sex Hormones,G01,Gynecological Antiinfectives and Antiseptics,2082,0.04,12313,0.02,0.02
201604,Genito Urinary System and Sex Hormones,G02,Other Gynecologicals,2778,0.06,183341,0.32,0.32
201604,Genito Urinary System and Sex Hormones,G03,Sex Hormones and Modulators Of The Genital System,86575,1.79,692581,1.22,1.22
201604,Genito Urinary System and Sex Hormones,G04,Urologicals,98685,2.04,2021508,3.56,3.56
201604,Genito Urinary System and Sex Hormones,,,,,,,
201604,Musculo-Skeletal System,M01,Antiinflammatory and Antirheumatic Products,114239,2.36,892368,1.57,1.57
201604,Musculo-Skeletal System,M02,Topical Products For Joint and Muscular Pain,59599,1.23,397902,0.7,0.7
201604,Musculo-Skeletal System,M03,Muscle Relaxants,5016,0.1,57579,0.1,0.1
201604,Musculo-Skeletal System,M04,Antigout Preparations,29629,0.61,205232,0.36,0.36
201604,Musculo-Skeletal System,M05,Drugs For Treatment Of Bone Diseases,42625,0.88,1254985,2.21,2.21
201604,Musculo-Skeletal System,M09,Other Drugs For Disorders Of The Musculo-Skeletal System,9705,0.2,113488,0.2,0.2
201604,Musculo-Skeletal System,,,,,,,
201604,Nervous System,N01,Anesthetics,20978,0.43,1655889,2.92,2.92
201604,Nervous System,N02,Analgesics,278232,5.75,2855681,5.03,5.03
201604,Nervous System,N03,Antiepileptics,120503,2.49,3752553,6.61,6.61
201604,Nervous System,N04,Anti-Parkinson Drugs,21357,0.44,458832,0.81,0.81
201604,Nervous System,N05,Psycholeptics,313693,6.49,2946227,5.19,5.19
201604,Nervous System,N06,Psychoanaleptics,289326,5.98,2730402,4.81,4.81
201604,Nervous System,N07,Other Nervous System Drugs,32351,0.67,786289,1.39,1.39
201604,Nervous System,,,,,,,
201604,Respiratory System,R01,Nasal Preparations,42606,0.88,434663,0.77,0.77
201604,Respiratory System,R02,Throat Preparations,350,0.01,790,0,0
201604,Respiratory System,R03,Drugs For Obstructive Airway Diseases,281949,5.83,6941813,12.23,12.23
201604,Respiratory System,R05,Cough and Cold Preparations,25068,0.52,112820,0.2,0.2
201604,Respiratory System,R06,Antihistamines For Systemic Use,51636,1.07,209023,0.37,0.37
201604,Respiratory System,,,,,,,
201604,Sensory Organs,S01,Ophthalmologicals,114564,2.37,1006317,1.77,1.77
201604,Sensory Organs,S02,Otologicals,1865,0.04,11358,0.02,0.02
201604,Sensory Organs,S03,Ophthalmological and Otological Preparations,5753,0.12,17364,0.03,0.03
201604,Sensory Organs,,,,,,,
201604,Systemic Hormonal Preparations Excl. Sex Hormones and Insulins,H01,Pituitary and Hypothalamic Hormones and Analogues,1200,0.02,66001,0.12,0.12
201604,Systemic Hormonal Preparations Excl. Sex Hormones and Insulins,H02,Corticosteroids For Systemic Use,59975,1.24,294254,0.52,0.52
201604,Systemic Hormonal Preparations Excl. Sex Hormones and Insulins,H03,Thyroid Therapy,142467,2.95,256155,0.45,0.45
201604,Systemic Hormonal Preparations Excl. Sex Hormones and Insulins,H04,Pancreatic Hormones,406,0.01,10410,0.02,0.02
201604,Systemic Hormonal Preparations Excl. Sex Hormones and Insulins,,,,,,,
201604,Various,V01,Allergens,94,0,7879,0.01,0.01
201604,Various,V03,All Other Therapeutic Products,1957,0.04,216044,0.38,0.38
201604,Various,V04,Diagnostic Agents,17339,0.36,579588,1.02,1.02
201604,Various,V06,General Nutrients,48494,1,3756814,6.62,6.62
201604,Various,V07,All Other Non-Therapeutic Products,,,,,4.4
201604,Various,V07 1,Ostomy Requisites,20268,0.42,1314562,2.32,2.32
201604,Various,V07 2,Urinary Requisites,10055,0.21,815764,1.44,1.44
201604,Various,V07 3,Needles/Syringes/Lancets,13870,0.29,180484,0.32,0.32
201604,Various,V07 4,Dressings,2241,0.05,104568,0.18,0.18
201604,Various,V07 5,Miscellaneous,5149,0.11,83184,0.15,0.15
201604,Various,,,,,,,
201605,Alimentary Tract and Metabolism,A01,Stomatological Preparations,7102,0.15,20358,0.04,0.04
201605,Alimentary Tract and Metabolism,A02,Drugs For Acid Related Disorders,325370,6.83,1940716,3.45,3.45
201605,Alimentary Tract and Metabolism,A03,Drugs For Functional Gastrointestinal Disorders,35843,0.75,120748,0.21,0.21
201605,Alimentary Tract and Metabolism,A04,Antiemetics and Antinauseants,3096,0.06,232098,0.41,0.41
201605,Alimentary Tract and Metabolism,A05,Bile and Liver Therapy,1555,0.03,54060,0.1,0.1
201605,Alimentary Tract and Metabolism,A06,Laxatives,72389,1.52,737544,1.31,1.31
201605,Alimentary Tract and Metabolism,A07,Antidiarrheals Intestinal Antiinflammatory/Antiinfective Agents,23325,0.49,672635,1.2,1.2
201605,Alimentary Tract and Metabolism,A09,Digestives Incl. Enzymes,1744,0.04,91121,0.16,0.16
201605,Alimentary Tract and Metabolism,A10,Drugs Used In Diabetes,60345,1.27,1212452,2.15,2.15
201605,Alimentary Tract and Metabolism,A11,Vitamins,36081,0.76,221156,0.39,0.39
201605,Alimentary Tract and Metabolism,A12,Mineral Supplements,96459,2.02,514652,0.91,0.91
201605,Alimentary Tract and Metabolism,A14,Anabolic Agents For Systemic Use,20,0,217,0,0
201605,Alimentary Tract and Metabolism,,,,,,,
201605,Antiinfectives For Systemic Use,J01,Antibacterials For Systemic Use,203056,4.26,1203078,2.14,2.14
201605,Antiinfectives For Systemic Use,J02,Antimycotics For Systemic Use,8390,0.18,79249,0.14,0.14
201605,Antiinfectives For Systemic Use,J04,Antimycobacterials,672,0.01,13157,0.02,0.02
201605,Antiinfectives For Systemic Use,J05,Antivirals For Systemic Use,4874,0.1,194756,0.35,0.35
201605,Antiinfectives For Systemic Use,J07,Vaccines,2,0,12,0,0
201605,Antiinfectives For Systemic Use,,,,,,,
201605,Antineoplastic and Immunomodulating Agents,L01,Antineoplastic Agents,3388,0.07,183617,0.33,0.33
201605,Antineoplastic and Immunomodulating Agents,L02,Endocrine Therapy,8922,0.19,208932,0.37,0.37
201605,Antineoplastic and Immunomodulating Agents,L04,Immunosuppressive Agents,15031,0.32,134500,0.24,0.24
201605,Antineoplastic and Immunomodulating Agents,,,,,,,
201605,Antiparasitic Products Insecticides and Repellents,P01,Antiprotozoals,9273,0.19,67590,0.12,0.12
201605,Antiparasitic Products Insecticides and Repellents,P02,Anthelmintics,685,0.01,2009,0,0
201605,Antiparasitic Products Insecticides and Repellents,P03,Ectoparasiticides Incl. Scabicides Insecticides and Repellents,1091,0.02,14275,0.03,0.03
201605,Antiparasitic Products Insecticides and Repellents,,,,,,,
201605,Blood and Blood Forming Organs,B01,Antithrombotic Agents,276444,5.8,3107821,5.52,5.52
201605,Blood and Blood Forming Organs,B02,Antihemorrhagics,1442,0.03,17519,0.03,0.03
201605,Blood and Blood Forming Organs,B03,Antianemic Preparations,80640,1.69,181521,0.32,0.32
201605,Blood and Blood Forming Organs,,,,,,,
201605,Cardiovascular System,C01,Cardiac Therapy,52827,1.11,749151,1.33,1.33
201605,Cardiovascular System,C02,Antihypertensives,17097,0.36,134970,0.24,0.24
201605,Cardiovascular System,C03,Diuretics,109553,2.3,314778,0.56,0.56
201605,Cardiovascular System,C04,Peripheral Vasodilators,2782,0.06,41315,0.07,0.07
201605,Cardiovascular System,C05,Vasoprotectives,10123,0.21,73672,0.13,0.13
201605,Cardiovascular System,C07,Beta Blocking Agents,165818,3.48,498806,0.89,0.89
201605,Cardiovascular System,C08,Calcium Channel Blockers,116595,2.45,507388,0.9,0.9
201605,Cardiovascular System,C09,Agents Acting On The Renin-Angiotensin System,249203,5.23,2238835,3.98,3.98
201605,Cardiovascular System,C10,Serum Lipid Reducing Agents,283414,5.95,2154417,3.83,3.83
201605,Cardiovascular System,,,,,,,
201605,Dermatologicals,D01,Antifungals For Dermatological Use,35126,0.74,214881,0.38,0.38
201605,Dermatologicals,D02,Emollients and Protectives,21493,0.45,57970,0.1,0.1
201605,Dermatologicals,D03,Preparations For Treatment Of Wounds and Ulcers,61,0,823,0,0
201605,Dermatologicals,D04,Antipruritics Incl. Antihistamines Anesthetics Etc.,1,0,92,0,0
201605,Dermatologicals,D05,Antipsoriatics,7188,0.15,340289,0.6,0.6
201605,Dermatologicals,D06,Antibiotics and Chemotherapeutics For Dermatological Use,11344,0.24,92414,0.16,0.16
201605,Dermatologicals,D07,Corticosteroids Dermatological Preparations,47827,1,255227,0.45,0.45
201605,Dermatologicals,D10,Anti-Acne Preparations,7727,0.16,120139,0.21,0.21
201605,Dermatologicals,D11,Other Dermatological Preparations,2519,0.05,126244,0.22,0.22
201605,Dermatologicals,,,,,,,
201605,Genito Urinary System and Sex Hormones,G01,Gynecological Antiinfectives and Antiseptics,1843,0.04,10647,0.02,0.02
201605,Genito Urinary System and Sex Hormones,G02,Other Gynecologicals,2727,0.06,181323,0.32,0.32
201605,Genito Urinary System and Sex Hormones,G03,Sex Hormones and Modulators Of The Genital System,86556,1.82,688083,1.22,1.22
201605,Genito Urinary System and Sex Hormones,G04,Urologicals,97477,2.05,1999051,3.55,3.55
201605,Genito Urinary System and Sex Hormones,,,,,,,
201605,Musculo-Skeletal System,M01,Antiinflammatory and Antirheumatic Products,111245,2.33,876545,1.56,1.56
201605,Musculo-Skeletal System,M02,Topical Products For Joint and Muscular Pain,58942,1.24,395617,0.7,0.7
201605,Musculo-Skeletal System,M03,Muscle Relaxants,5018,0.11,57341,0.1,0.1
201605,Musculo-Skeletal System,M04,Antigout Preparations,29546,0.62,205187,0.36,0.36
201605,Musculo-Skeletal System,M05,Drugs For Treatment Of Bone Diseases,41726,0.88,1260881,2.24,2.24
201605,Musculo-Skeletal System,M09,Other Drugs For Disorders Of The Musculo-Skeletal System,9667,0.2,116972,0.21,0.21
201605,Musculo-Skeletal System,,,,,,,
201605,Nervous System,N01,Anesthetics,21149,0.44,1660758,2.95,2.95
201605,Nervous System,N02,Analgesics,271677,5.7,2830130,5.03,5.03
201605,Nervous System,N03,Antiepileptics,119516,2.51,3738305,6.64,6.64
201605,Nervous System,N04,Anti-Parkinson Drugs,21585,0.45,460039,0.82,0.82
201605,Nervous System,N05,Psycholeptics,308807,6.48,2937112,5.22,5.22
201605,Nervous System,N06,Psychoanaleptics,286772,6.02,2690698,4.78,4.78
201605,Nervous System,N07,Other Nervous System Drugs,31199,0.65,738167,1.31,1.31
201605,Nervous System,,,,,,,
201605,Respiratory System,R01,Nasal Preparations,44207,0.93,457141,0.81,0.81
201605,Respiratory System,R02,Throat Preparations,62,0,126,0,0
201605,Respiratory System,R03,Drugs For Obstructive Airway Diseases,274428,5.76,6787019,12.06,12.06
201605,Respiratory System,R05,Cough and Cold Preparations,22257,0.47,103376,0.18,0.18
201605,Respiratory System,R06,Antihistamines For Systemic Use,59887,1.26,245979,0.44,0.44
201605,Respiratory System,,,,,,,
201605,Sensory Organs,S01,Ophthalmologicals,114706,2.41,1011995,1.8,1.8
201605,Sensory Organs,S02,Otologicals,1919,0.04,11726,0.02,0.02
201605,Sensory Organs,S03,Ophthalmological and Otological Preparations,5583,0.12,16855,0.03,0.03
201605,Sensory Organs,,,,,,,
201605,Systemic Hormonal Preparations Excl. Sex Hormones and Insulins,H01,Pituitary and Hypothalamic Hormones and Analogues,1130,0.02,63302,0.11,0.11
201605,Systemic Hormonal Preparations Excl. Sex Hormones and Insulins,H02,Corticosteroids For Systemic Use,57964,1.22,289130,0.51,0.51
201605,Systemic Hormonal Preparations Excl. Sex Hormones and Insulins,H03,Thyroid Therapy,140768,2.95,253929,0.45,0.45
201605,Systemic Hormonal Preparations Excl. Sex Hormones and Insulins,H04,Pancreatic Hormones,413,0.01,10410,0.02,0.02
201605,Systemic Hormonal Preparations Excl. Sex Hormones and Insulins,,,,,,,
201605,Various,V01,Allergens,84,0,7051,0.01,0.01
201605,Various,V03,All Other Therapeutic Products,1889,0.04,205039,0.36,0.36
201605,Various,V04,Diagnostic Agents,16259,0.34,541788,0.96,0.96
201605,Various,V06,General Nutrients,48695,1.02,3767182,6.69,6.69
201605,Various,V07,All Other Non-Therapeutic Products,,,,,4.46
201605,Various,V07 1,Ostomy Requisites,20399,0.43,1328735,2.36,2.36
201605,Various,V07 2,Urinary Requisites,9873,0.21,804773,1.43,1.43
201605,Various,V07 3,Needles/Syringes/Lancets,13280,0.28,174142,0.31,0.31
201605,Various,V07 4,Dressings,2597,0.05,120613,0.21,0.21
201605,Various,V07 5,Miscellaneous,5001,0.1,82095,0.15,0.15
201605,Various,,,,,,,
201606,Alimentary Tract and Metabolism,A01,Stomatological Preparations,7153,0.15,20687,0.04,0.04
201606,Alimentary Tract and Metabolism,A02,Drugs For Acid Related Disorders,325796,6.87,1951022,3.49,3.49
201606,Alimentary Tract and Metabolism,A03,Drugs For Functional Gastrointestinal Disorders,35106,0.74,118956,0.21,0.21
201606,Alimentary Tract and Metabolism,A04,Antiemetics and Antinauseants,3059,0.06,228801,0.41,0.41
201606,Alimentary Tract and Metabolism,A05,Bile and Liver Therapy,1538,0.03,53939,0.1,0.1
201606,Alimentary Tract and Metabolism,A06,Laxatives,70003,1.48,712841,1.27,1.27
201606,Alimentary Tract and Metabolism,A07,Antidiarrheals Intestinal Antiinflammatory/Antiinfective Agents,23015,0.49,671467,1.2,1.2
201606,Alimentary Tract and Metabolism,A08,Antiobesity Preparations Excl. Diet Products,1,0,62,0,0
201606,Alimentary Tract and Metabolism,A09,Digestives Incl. Enzymes,1831,0.04,96970,0.17,0.17
201606,Alimentary Tract and Metabolism,A10,Drugs Used In Diabetes,59732,1.26,1198198,2.14,2.14
201606,Alimentary Tract and Metabolism,A11,Vitamins,36676,0.77,220854,0.39,0.39
201606,Alimentary Tract and Metabolism,A12,Mineral Supplements,96718,2.04,515647,0.92,0.92
201606,Alimentary Tract and Metabolism,A14,Anabolic Agents For Systemic Use,17,0,176,0,0
201606,Alimentary Tract and Metabolism,,,,,,,
201606,Antiinfectives For Systemic Use,J01,Antibacterials For Systemic Use,187853,3.96,1130276,2.02,2.02
201606,Antiinfectives For Systemic Use,J02,Antimycotics For Systemic Use,8344,0.18,75634,0.14,0.14
201606,Antiinfectives For Systemic Use,J04,Antimycobacterials,689,0.01,13724,0.02,0.02
201606,Antiinfectives For Systemic Use,J05,Antivirals For Systemic Use,4923,0.1,196658,0.35,0.35
201606,Antiinfectives For Systemic Use,J07,Vaccines,1,0,12,0,0
201606,Antiinfectives For Systemic Use,,,,,,,
201606,Antineoplastic and Immunomodulating Agents,L01,Antineoplastic Agents,3256,0.07,168319,0.3,0.3
201606,Antineoplastic and Immunomodulating Agents,L02,Endocrine Therapy,9142,0.19,206433,0.37,0.37
201606,Antineoplastic and Immunomodulating Agents,L04,Immunosuppressive Agents,15123,0.32,133899,0.24,0.24
201606,Antineoplastic and Immunomodulating Agents,,,,,,,
201606,Antiparasitic Products Insecticides and Repellents,P01,Antiprotozoals,9829,0.21,107861,0.19,0.19
201606,Antiparasitic Products Insecticides and Repellents,P02,Anthelmintics,558,0.01,2192,0,0
201606,Antiparasitic Products Insecticides and Repellents,P03,Ectoparasiticides Incl. Scabicides Insecticides and Repellents,1032,0.02,13695,0.02,0.02
201606,Antiparasitic Products Insecticides and Repellents,,,,,,,
201606,Blood and Blood Forming Organs,B01,Antithrombotic Agents,275888,5.82,3168370,5.66,5.66
201606,Blood and Blood Forming Organs,B02,Antihemorrhagics,1437,0.03,17241,0.03,0.03
201606,Blood and Blood Forming Organs,B03,Antianemic Preparations,81692,1.72,187077,0.33,0.33
201606,Blood and Blood Forming Organs,,,,,,,
201606,Cardiovascular System,C01,Cardiac Therapy,52449,1.11,755395,1.35,1.35
201606,Cardiovascular System,C02,Antihypertensives,17266,0.36,137676,0.25,0.25
201606,Cardiovascular System,C03,Diuretics,109476,2.31,312152,0.56,0.56
201606,Cardiovascular System,C04,Peripheral Vasodilators,2768,0.06,40551,0.07,0.07
201606,Cardiovascular System,C05,Vasoprotectives,10041,0.21,75551,0.13,0.13
201606,Cardiovascular System,C07,Beta Blocking Agents,165734,3.5,495431,0.89,0.89
201606,Cardiovascular System,C08,Calcium Channel Blockers,116793,2.46,508100,0.91,0.91
201606,Cardiovascular System,C09,Agents Acting On The Renin-Angiotensin System,249863,5.27,2114593,3.78,3.78
201606,Cardiovascular System,C10,Serum Lipid Reducing Agents,283745,5.98,2169528,3.88,3.88
201606,Cardiovascular System,,,,,,,
201606,Dermatologicals,D01,Antifungals For Dermatological Use,34478,0.73,214735,0.38,0.38
201606,Dermatologicals,D02,Emollients and Protectives,20074,0.42,54334,0.1,0.1
201606,Dermatologicals,D03,Preparations For Treatment Of Wounds and Ulcers,54,0,570,0,0
201606,Dermatologicals,D04,Antipruritics Incl. Antihistamines Anesthetics Etc.,3,0,245,0,0
201606,Dermatologicals,D05,Antipsoriatics,7014,0.15,326019,0.58,0.58
201606,Dermatologicals,D06,Antibiotics and Chemotherapeutics For Dermatological Use,11088,0.23,91575,0.16,0.16
201606,Dermatologicals,D07,Corticosteroids Dermatological Preparations,46106,0.97,246359,0.44,0.44
201606,Dermatologicals,D10,Anti-Acne Preparations,7336,0.15,112411,0.2,0.2
201606,Dermatologicals,D11,Other Dermatological Preparations,2468,0.05,125028,0.22,0.22
201606,Dermatologicals,,,,,,,
201606,Genito Urinary System and Sex Hormones,G01,Gynecological Antiinfectives and Antiseptics,2019,0.04,11827,0.02,0.02
201606,Genito Urinary System and Sex Hormones,G02,Other Gynecologicals,2629,0.06,173851,0.31,0.31
201606,Genito Urinary System and Sex Hormones,G03,Sex Hormones and Modulators Of The Genital System,86891,1.83,699863,1.25,1.25
201606,Genito Urinary System and Sex Hormones,G04,Urologicals,97728,2.06,2000708,3.57,3.57
201606,Genito Urinary System and Sex Hormones,,,,,,,
201606,Musculo-Skeletal System,M01,Antiinflammatory and Antirheumatic Products,108263,2.28,856023,1.53,1.53
201606,Musculo-Skeletal System,M02,Topical Products For Joint and Muscular Pain,57668,1.22,389714,0.7,0.7
201606,Musculo-Skeletal System,M03,Muscle Relaxants,5023,0.11,57782,0.1,0.1
201606,Musculo-Skeletal System,M04,Antigout Preparations,29830,0.63,207955,0.37,0.37
201606,Musculo-Skeletal System,M05,Drugs For Treatment Of Bone Diseases,41346,0.87,1250626,2.23,2.23
201606,Musculo-Skeletal System,M09,Other Drugs For Disorders Of The Musculo-Skeletal System,9759,0.21,111870,0.2,0.2
201606,Musculo-Skeletal System,,,,,,,
201606,Nervous System,N01,Anesthetics,21404,0.45,1676087,2.99,2.99
201606,Nervous System,N02,Analgesics,268824,5.67,2826377,5.05,5.05
201606,Nervous System,N03,Antiepileptics,119540,2.52,3735124,6.67,6.67
201606,Nervous System,N04,Anti-Parkinson Drugs,21429,0.45,446188,0.8,0.8
201606,Nervous System,N05,Psycholeptics,308401,6.5,2958468,5.29,5.29
201606,Nervous System,N06,Psychoanaleptics,285998,6.03,2683198,4.79,4.79
201606,Nervous System,N07,Other Nervous System Drugs,30719,0.65,719816,1.29,1.29
201606,Nervous System,,,,,,,
201606,Respiratory System,R01,Nasal Preparations,47327,1,495459,0.89,0.89
201606,Respiratory System,R02,Throat Preparations,26,0,53,0,0
201606,Respiratory System,R03,Drugs For Obstructive Airway Diseases,272129,5.74,6735965,12.03,12.03
201606,Respiratory System,R05,Cough and Cold Preparations,19415,0.41,94027,0.17,0.17
201606,Respiratory System,R06,Antihistamines For Systemic Use,69688,1.47,292082,0.52,0.52
201606,Respiratory System,,,,,,,
201606,Sensory Organs,S01,Ophthalmologicals,117424,2.48,1035294,1.85,1.85
201606,Sensory Organs,S02,Otologicals,1931,0.04,11840,0.02,0.02
201606,Sensory Organs,S03,Ophthalmological and Otological Preparations,5437,0.11,16671,0.03,0.03
201606,Sensory Organs,,,,,,,
201606,Systemic Hormonal Preparations Excl. Sex Hormones and Insulins,H01,Pituitary and Hypothalamic Hormones and Analogues,1112,0.02,60946,0.11,0.11
201606,Systemic Hormonal Preparations Excl. Sex Hormones and Insulins,H02,Corticosteroids For Systemic Use,55788,1.18,281773,0.5,0.5
201606,Systemic Hormonal Preparations Excl. Sex Hormones and Insulins,H03,Thyroid Therapy,141929,2.99,255121,0.46,0.46
201606,Systemic Hormonal Preparations Excl. Sex Hormones and Insulins,H04,Pancreatic Hormones,398,0.01,9750,0.02,0.02
201606,Systemic Hormonal Preparations Excl. Sex Hormones and Insulins,,,,,,,
201606,Various,V01,Allergens,99,0,8272,0.01,0.01
201606,Various,V03,All Other Therapeutic Products,1906,0.04,209882,0.37,0.37
201606,Various,V04,Diagnostic Agents,15340,0.32,512016,0.91,0.91
201606,Various,V06,General Nutrients,47839,1.01,3713429,6.63,6.63
201606,Various,V07,All Other Non-Therapeutic Products,,,,,4.37
201606,Various,V07 1,Ostomy Requisites,20085,0.42,1305032,2.33,2.33
201606,Various,V07 2,Urinary Requisites,9809,0.21,810603,1.45,1.45
201606,Various,V07 3,Needles/Syringes/Lancets,12409,0.26,164139,0.29,0.29
201606,Various,V07 4,Dressings,2017,0.04,83374,0.15,0.15
201606,Various,V07 5,Miscellaneous,4974,0.1,82843,0.15,0.15
201606,Various,,,,,,,
201607,Alimentary Tract and Metabolism,A01,Stomatological Preparations,7145,0.15,20656,0.04,0.04
201607,Alimentary Tract and Metabolism,A02,Drugs For Acid Related Disorders,328231,6.94,1967878,3.52,3.52
201607,Alimentary Tract and Metabolism,A03,Drugs For Functional Gastrointestinal Disorders,35040,0.74,117540,0.21,0.21
201607,Alimentary Tract and Metabolism,A04,Antiemetics and Antinauseants,3006,0.06,231037,0.41,0.41
201607,Alimentary Tract and Metabolism,A05,Bile and Liver Therapy,1564,0.03,53894,0.1,0.1
201607,Alimentary Tract and Metabolism,A06,Laxatives,70035,1.48,715653,1.28,1.28
201607,Alimentary Tract and Metabolism,A07,Antidiarrheals Intestinal Antiinflammatory/Antiinfective Agents,22291,0.47,673369,1.21,1.21
201607,Alimentary Tract and Metabolism,A09,Digestives Incl. Enzymes,1806,0.04,93579,0.17,0.17
201607,Alimentary Tract and Metabolism,A10,Drugs Used In Diabetes,59199,1.25,1180934,2.11,2.11
201607,Alimentary Tract and Metabolism,A11,Vitamins,37696,0.8,227797,0.41,0.41
201607,Alimentary Tract and Metabolism,A12,Mineral Supplements,96711,2.05,515567,0.92,0.92
201607,Alimentary Tract and Metabolism,A14,Anabolic Agents For Systemic Use,21,0,204,0,0
201607,Alimentary Tract and Metabolism,,,,,,,
201607,Antiinfectives For Systemic Use,J01,Antibacterials For Systemic Use,184396,3.9,1127437,2.02,2.02
201607,Antiinfectives For Systemic Use,J02,Antimycotics For Systemic Use,8640,0.18,78475,0.14,0.14
201607,Antiinfectives For Systemic Use,J04,Antimycobacterials,662,0.01,12487,0.02,0.02
201607,Antiinfectives For Systemic Use,J05,Antivirals For Systemic Use,4733,0.1,190565,0.34,0.34
201607,Antiinfectives For Systemic Use,J07,Vaccines,1,0,6,0,0
201607,Antiinfectives For Systemic Use,,,,,,,
201607,Antineoplastic and Immunomodulating Agents,L01,Antineoplastic Agents,3229,0.07,173599,0.31,0.31
201607,Antineoplastic and Immunomodulating Agents,L02,Endocrine Therapy,9252,0.2,214325,0.38,0.38
201607,Antineoplastic and Immunomodulating Agents,L04,Immunosuppressive Agents,15269,0.32,139207,0.25,0.25
201607,Antineoplastic and Immunomodulating Agents,,,,,,,
201607,Antiparasitic Products Insecticides and Repellents,P01,Antiprotozoals,9786,0.21,94261,0.17,0.17
201607,Antiparasitic Products Insecticides and Repellents,P02,Anthelmintics,710,0.02,2252,0,0
201607,Antiparasitic Products Insecticides and Repellents,P03,Ectoparasiticides Incl. Scabicides Insecticides and Repellents,1246,0.03,17477,0.03,0.03
201607,Antiparasitic Products Insecticides and Repellents,,,,,,,
201607,Blood and Blood Forming Organs,B01,Antithrombotic Agents,277807,5.88,3193674,5.72,5.72
201607,Blood and Blood Forming Organs,B02,Antihemorrhagics,1426,0.03,17611,0.03,0.03
201607,Blood and Blood Forming Organs,B03,Antianemic Preparations,82079,1.74,189520,0.34,0.34
201607,Blood and Blood Forming Organs,,,,,,,
201607,Cardiovascular System,C01,Cardiac Therapy,52637,1.11,751019,1.34,1.34
201607,Cardiovascular System,C02,Antihypertensives,17087,0.36,138593,0.25,0.25
201607,Cardiovascular System,C03,Diuretics,109817,2.32,317709,0.57,0.57
201607,Cardiovascular System,C04,Peripheral Vasodilators,2766,0.06,40454,0.07,0.07
201607,Cardiovascular System,C05,Vasoprotectives,9607,0.2,73315,0.13,0.13
201607,Cardiovascular System,C07,Beta Blocking Agents,167174,3.54,501538,0.9,0.9
201607,Cardiovascular System,C08,Calcium Channel Blockers,117968,2.5,511765,0.92,0.92
201607,Cardiovascular System,C09,Agents Acting On The Renin-Angiotensin System,252109,5.33,2200228,3.94,3.94
201607,Cardiovascular System,C10,Serum Lipid Reducing Agents,286209,6.06,2189633,3.92,3.92
201607,Cardiovascular System,,,,,,,
201607,Dermatologicals,D01,Antifungals For Dermatological Use,34419,0.73,212249,0.38,0.38
201607,Dermatologicals,D02,Emollients and Protectives,19347,0.41,52309,0.09,0.09
201607,Dermatologicals,D03,Preparations For Treatment Of Wounds and Ulcers,60,0,669,0,0
201607,Dermatologicals,D04,Antipruritics Incl. Antihistamines Anesthetics Etc.,2,0,61,0,0
201607,Dermatologicals,D05,Antipsoriatics,6803,0.14,322488,0.58,0.58
201607,Dermatologicals,D06,Antibiotics and Chemotherapeutics For Dermatological Use,10890,0.23,87710,0.16,0.16
201607,Dermatologicals,D07,Corticosteroids Dermatological Preparations,43756,0.93,237323,0.42,0.42
201607,Dermatologicals,D10,Anti-Acne Preparations,7221,0.15,111584,0.2,0.2
201607,Dermatologicals,D11,Other Dermatological Preparations,2360,0.05,122145,0.22,0.22
201607,Dermatologicals,,,,,,,
201607,Genito Urinary System and Sex Hormones,G01,Gynecological Antiinfectives and Antiseptics,2043,0.04,11562,0.02,0.02
201607,Genito Urinary System and Sex Hormones,G02,Other Gynecologicals,2482,0.05,153935,0.28,0.28
201607,Genito Urinary System and Sex Hormones,G03,Sex Hormones and Modulators Of The Genital System,86270,1.83,666826,1.19,1.19
201607,Genito Urinary System and Sex Hormones,G04,Urologicals,98211,2.08,2017467,3.61,3.61
201607,Genito Urinary System and Sex Hormones,,,,,,,
201607,Musculo-Skeletal System,M01,Antiinflammatory and Antirheumatic Products,106745,2.26,850018,1.52,1.52
201607,Musculo-Skeletal System,M02,Topical Products For Joint and Muscular Pain,57996,1.23,390744,0.7,0.7
201607,Musculo-Skeletal System,M03,Muscle Relaxants,5091,0.11,58613,0.1,0.1
201607,Musculo-Skeletal System,M04,Antigout Preparations,29984,0.63,210446,0.38,0.38
201607,Musculo-Skeletal System,M05,Drugs For Treatment Of Bone Diseases,41147,0.87,1183993,2.12,2.12
201607,Musculo-Skeletal System,M09,Other Drugs For Disorders Of The Musculo-Skeletal System,10041,0.21,113584,0.2,0.2
201607,Musculo-Skeletal System,,,,,,,
201607,Nervous System,N01,Anesthetics,21507,0.46,1687465,3.02,3.02
201607,Nervous System,N02,Analgesics,269155,5.69,2835767,5.08,5.08
201607,Nervous System,N03,Antiepileptics,119953,2.54,3734957,6.68,6.68
201607,Nervous System,N04,Anti-Parkinson Drugs,21533,0.46,447861,0.8,0.8
201607,Nervous System,N05,Psycholeptics,308396,6.52,2967281,5.31,5.31
201607,Nervous System,N06,Psychoanaleptics,286903,6.07,2678397,4.79,4.79
201607,Nervous System,N07,Other Nervous System Drugs,30415,0.64,695755,1.25,1.25
201607,Nervous System,,,,,,,
201607,Respiratory System,R01,Nasal Preparations,42748,0.9,447642,0.8,0.8
201607,Respiratory System,R02,Throat Preparations,3,0,6,0,0
201607,Respiratory System,R03,Drugs For Obstructive Airway Diseases,269236,5.7,6736805,12.06,12.06
201607,Respiratory System,R05,Cough and Cold Preparations,19437,0.41,93698,0.17,0.17
201607,Respiratory System,R06,Antihistamines For Systemic Use,61521,1.3,253088,0.45,0.45
201607,Respiratory System,,,,,,,
201607,Sensory Organs,S01,Ophthalmologicals,113963,2.41,1019174,1.82,1.82
201607,Sensory Organs,S02,Otologicals,1964,0.04,12073,0.02,0.02
201607,Sensory Organs,S03,Ophthalmological and Otological Preparations,5444,0.12,16938,0.03,0.03
201607,Sensory Organs,,,,,,,
201607,Systemic Hormonal Preparations Excl. Sex Hormones and Insulins,H01,Pituitary and Hypothalamic Hormones and Analogues,1118,0.02,61802,0.11,0.11
201607,Systemic Hormonal Preparations Excl. Sex Hormones and Insulins,H02,Corticosteroids For Systemic Use,53737,1.14,271568,0.49,0.49
201607,Systemic Hormonal Preparations Excl. Sex Hormones and Insulins,H03,Thyroid Therapy,143535,3.04,256373,0.46,0.46
201607,Systemic Hormonal Preparations Excl. Sex Hormones and Insulins,H04,Pancreatic Hormones,375,0.01,9263,0.02,0.02
201607,Systemic Hormonal Preparations Excl. Sex Hormones and Insulins,,,,,,,
201607,Various,V01,Allergens,84,0,7005,0.01,0.01
201607,Various,V03,All Other Therapeutic Products,1963,0.04,216612,0.39,0.39
201607,Various,V04,Diagnostic Agents,14960,0.32,490423,0.88,0.88
201607,Various,V06,General Nutrients,48073,1.02,3696528,6.62,6.62
201607,Various,V07,All Other Non-Therapeutic Products,,,,,4.4
201607,Various,V07 1,Ostomy Requisites,19983,0.42,1310215,2.34,2.34
201607,Various,V07 2,Urinary Requisites,9978,0.21,822506,1.47,1.47
201607,Various,V07 3,Needles/Syringes/Lancets,11716,0.25,154705,0.28,0.28
201607,Various,V07 4,Dressings,2173,0.05,99203,0.18,0.18
201607,Various,V07 5,Miscellaneous,4717,0.1,74080,0.13,0.13
201607,Various,,,,,,,
201608,Alimentary Tract and Metabolism,A01,Stomatological Preparations,7150,0.15,19067,0.04,0.04
201608,Alimentary Tract and Metabolism,A02,Drugs For Acid Related Disorders,332266,6.98,1994836,3.71,3.71
201608,Alimentary Tract and Metabolism,A03,Drugs For Functional Gastrointestinal Disorders,35571,0.75,120684,0.22,0.22
201608,Alimentary Tract and Metabolism,A04,Antiemetics and Antinauseants,3054,0.06,236393,0.44,0.44
201608,Alimentary Tract and Metabolism,A05,Bile and Liver Therapy,1604,0.03,55660,0.1,0.1
201608,Alimentary Tract and Metabolism,A06,Laxatives,71981,1.51,736405,1.37,1.37
201608,Alimentary Tract and Metabolism,A07,Antidiarrheals Intestinal Antiinflammatory/Antiinfective Agents,22755,0.48,662245,1.23,1.23
201608,Alimentary Tract and Metabolism,A09,Digestives Incl. Enzymes,1879,0.04,96136,0.18,0.18
201608,Alimentary Tract and Metabolism,A10,Drugs Used In Diabetes,59070,1.24,1118333,2.08,2.08
201608,Alimentary Tract and Metabolism,A11,Vitamins,38896,0.82,232794,0.43,0.43
201608,Alimentary Tract and Metabolism,A12,Mineral Supplements,97919,2.06,514806,0.96,0.96
201608,Alimentary Tract and Metabolism,A14,Anabolic Agents For Systemic Use,27,0,231,0,0
201608,Alimentary Tract and Metabolism,,,,,,,
201608,Antiinfectives For Systemic Use,J01,Antibacterials For Systemic Use,178487,3.75,1087865,2.02,2.02
201608,Antiinfectives For Systemic Use,J02,Antimycotics For Systemic Use,8663,0.18,76784,0.14,0.14
201608,Antiinfectives For Systemic Use,J04,Antimycobacterials,668,0.01,12985,0.02,0.02
201608,Antiinfectives For Systemic Use,J05,Antivirals For Systemic Use,4817,0.1,196458,0.37,0.37
201608,Antiinfectives For Systemic Use,,,,,,,
201608,Antineoplastic and Immunomodulating Agents,L01,Antineoplastic Agents,3380,0.07,177769,0.33,0.33
201608,Antineoplastic and Immunomodulating Agents,L02,Endocrine Therapy,9160,0.19,209789,0.39,0.39
201608,Antineoplastic and Immunomodulating Agents,L04,Immunosuppressive Agents,15444,0.32,131013,0.24,0.24
201608,Antineoplastic and Immunomodulating Agents,,,,,,,
201608,Antiparasitic Products Insecticides and Repellents,P01,Antiprotozoals,9551,0.2,54935,0.1,0.1
201608,Antiparasitic Products Insecticides and Repellents,P02,Anthelmintics,675,0.01,2132,0,0
201608,Antiparasitic Products Insecticides and Repellents,P03,Ectoparasiticides Incl. Scabicides Insecticides and Repellents,1581,0.03,21487,0.04,0.04
201608,Antiparasitic Products Insecticides and Repellents,,,,,,,
201608,Blood and Blood Forming Organs,B01,Antithrombotic Agents,279740,5.88,3113730,5.79,5.79
201608,Blood and Blood Forming Organs,B02,Antihemorrhagics,1524,0.03,19110,0.04,0.04
201608,Blood and Blood Forming Organs,B03,Antianemic Preparations,83580,1.76,189646,0.35,0.35
201608,Blood and Blood Forming Organs,,,,,,,
201608,Cardiovascular System,C01,Cardiac Therapy,52948,1.11,759508,1.41,1.41
201608,Cardiovascular System,C02,Antihypertensives,17252,0.36,139434,0.26,0.26
201608,Cardiovascular System,C03,Diuretics,110189,2.32,300264,0.56,0.56
201608,Cardiovascular System,C04,Peripheral Vasodilators,2851,0.06,42080,0.08,0.08
201608,Cardiovascular System,C05,Vasoprotectives,9978,0.21,67245,0.13,0.13
201608,Cardiovascular System,C07,Beta Blocking Agents,168188,3.54,497881,0.93,0.93
201608,Cardiovascular System,C08,Calcium Channel Blockers,118224,2.49,455571,0.85,0.85
201608,Cardiovascular System,C09,Agents Acting On The Renin-Angiotensin System,252910,5.32,2099118,3.9,3.9
201608,Cardiovascular System,C10,Serum Lipid Reducing Agents,288253,6.06,2206706,4.1,4.1
201608,Cardiovascular System,,,,,,,
201608,Dermatologicals,D01,Antifungals For Dermatological Use,32180,0.68,209794,0.39,0.39
201608,Dermatologicals,D02,Emollients and Protectives,19495,0.41,53297,0.1,0.1
201608,Dermatologicals,D03,Preparations For Treatment Of Wounds and Ulcers,68,0,877,0,0
201608,Dermatologicals,D04,Antipruritics Incl. Antihistamines Anesthetics Etc.,1,0,92,0,0
201608,Dermatologicals,D05,Antipsoriatics,6928,0.15,321850,0.6,0.6
201608,Dermatologicals,D06,Antibiotics and Chemotherapeutics For Dermatological Use,11120,0.23,88297,0.16,0.16
201608,Dermatologicals,D07,Corticosteroids Dermatological Preparations,44793,0.94,232522,0.43,0.43
201608,Dermatologicals,D10,Anti-Acne Preparations,8025,0.17,117749,0.22,0.22
201608,Dermatologicals,D11,Other Dermatological Preparations,2416,0.05,120785,0.22,0.22
201608,Dermatologicals,,,,,,,
201608,Genito Urinary System and Sex Hormones,G01,Gynecological Antiinfectives and Antiseptics,2111,0.04,11962,0.02,0.02
201608,Genito Urinary System and Sex Hormones,G02,Other Gynecologicals,2614,0.05,163256,0.3,0.3
201608,Genito Urinary System and Sex Hormones,G03,Sex Hormones and Modulators Of The Genital System,87385,1.84,653314,1.22,1.22
201608,Genito Urinary System and Sex Hormones,G04,Urologicals,99972,2.1,2018655,3.76,3.76
201608,Genito Urinary System and Sex Hormones,,,,,,,
201608,Musculo-Skeletal System,M01,Antiinflammatory and Antirheumatic Products,109300,2.3,853573,1.59,1.59
201608,Musculo-Skeletal System,M02,Topical Products For Joint and Muscular Pain,59994,1.26,404662,0.75,0.75
201608,Musculo-Skeletal System,M03,Muscle Relaxants,5195,0.11,60066,0.11,0.11
201608,Musculo-Skeletal System,M04,Antigout Preparations,30450,0.64,213403,0.4,0.4
201608,Musculo-Skeletal System,M05,Drugs For Treatment Of Bone Diseases,41104,0.86,1076745,2,2
201608,Musculo-Skeletal System,M09,Other Drugs For Disorders Of The Musculo-Skeletal System,10171,0.21,114568,0.21,0.21
201608,Musculo-Skeletal System,,,,,,,
201608,Nervous System,N01,Anesthetics,22213,0.47,1739736,3.24,3.24
201608,Nervous System,N02,Analgesics,272107,5.72,2642704,4.92,4.92
201608,Nervous System,N03,Antiepileptics,121845,2.56,3165665,5.89,5.89
201608,Nervous System,N04,Anti-Parkinson Drugs,21804,0.46,437003,0.81,0.81
201608,Nervous System,N05,Psycholeptics,314974,6.62,2858757,5.32,5.32
201608,Nervous System,N06,Psychoanaleptics,291752,6.13,2596298,4.83,4.83
201608,Nervous System,N07,Other Nervous System Drugs,30888,0.65,699691,1.3,1.3
201608,Nervous System,,,,,,,
201608,Respiratory System,R01,Nasal Preparations,40594,0.85,418292,0.78,0.78
201608,Respiratory System,R03,Drugs For Obstructive Airway Diseases,266893,5.61,5995309,11.15,11.15
201608,Respiratory System,R05,Cough and Cold Preparations,18974,0.4,93300,0.17,0.17
201608,Respiratory System,R06,Antihistamines For Systemic Use,56975,1.2,228036,0.42,0.42
201608,Respiratory System,,,,,,,
201608,Sensory Organs,S01,Ophthalmologicals,113899,2.39,972508,1.81,1.81
201608,Sensory Organs,S02,Otologicals,2056,0.04,12190,0.02,0.02
201608,Sensory Organs,S03,Ophthalmological and Otological Preparations,5427,0.11,17141,0.03,0.03
201608,Sensory Organs,,,,,,,
201608,Systemic Hormonal Preparations Excl. Sex Hormones and Insulins,H01,Pituitary and Hypothalamic Hormones and Analogues,1122,0.02,61520,0.11,0.11
201608,Systemic Hormonal Preparations Excl. Sex Hormones and Insulins,H02,Corticosteroids For Systemic Use,52427,1.1,267252,0.5,0.5
201608,Systemic Hormonal Preparations Excl. Sex Hormones and Insulins,H03,Thyroid Therapy,144546,3.04,258538,0.48,0.48
201608,Systemic Hormonal Preparations Excl. Sex Hormones and Insulins,H04,Pancreatic Hormones,394,0.01,9190,0.02,0.02
201608,Systemic Hormonal Preparations Excl. Sex Hormones and Insulins,,,,,,,
201608,Various,V01,Allergens,75,0,6238,0.01,0.01
201608,Various,V03,All Other Therapeutic Products,1971,0.04,185327,0.34,0.34
201608,Various,V04,Diagnostic Agents,14811,0.31,486833,0.91,0.91
201608,Various,V06,General Nutrients,48713,1.02,3781854,7.04,7.04
201608,Various,V07,All Other Non-Therapeutic Products,,,,,4.57
201608,Various,V07 1,Ostomy Requisites,20313,0.43,1311198,2.44,2.44
201608,Various,V07 2,Urinary Requisites,10283,0.22,825868,1.54,1.54
201608,Various,V07 3,Needles/Syringes/Lancets,11170,0.23,150606,0.28,0.28
201608,Various,V07 4,Dressings,2363,0.05,100625,0.19,0.19
201608,Various,V07 5,Miscellaneous,4708,0.1,70637,0.13,0.13
201608,Various,,,,,,,
201609,Alimentary Tract and Metabolism,A01,Stomatological Preparations,7106,0.15,19266,0.04,0.04
201609,Alimentary Tract and Metabolism,A02,Drugs For Acid Related Disorders,330945,6.92,1989168,3.71,3.71
201609,Alimentary Tract and Metabolism,A03,Drugs For Functional Gastrointestinal Disorders,35677,0.75,122615,0.23,0.23
201609,Alimentary Tract and Metabolism,A04,Antiemetics and Antinauseants,3111,0.07,231571,0.43,0.43
201609,Alimentary Tract and Metabolism,A05,Bile and Liver Therapy,1599,0.03,54463,0.1,0.1
201609,Alimentary Tract and Metabolism,A06,Laxatives,71282,1.49,735085,1.37,1.37
201609,Alimentary Tract and Metabolism,A07,Antidiarrheals Intestinal Antiinflammatory/Antiinfective Agents,22352,0.47,653675,1.22,1.22
201609,Alimentary Tract and Metabolism,A09,Digestives Incl. Enzymes,1835,0.04,94714,0.18,0.18
201609,Alimentary Tract and Metabolism,A10,Drugs Used In Diabetes,58116,1.22,1096060,2.04,2.04
201609,Alimentary Tract and Metabolism,A11,Vitamins,39554,0.83,234469,0.44,0.44
201609,Alimentary Tract and Metabolism,A12,Mineral Supplements,97169,2.03,509768,0.95,0.95
201609,Alimentary Tract and Metabolism,A14,Anabolic Agents For Systemic Use,24,0,336,0,0
201609,Alimentary Tract and Metabolism,,,,,,,
201609,Antiinfectives For Systemic Use,J01,Antibacterials For Systemic Use,205679,4.3,1185966,2.21,2.21
201609,Antiinfectives For Systemic Use,J02,Antimycotics For Systemic Use,9074,0.19,78882,0.15,0.15
201609,Antiinfectives For Systemic Use,J04,Antimycobacterials,719,0.02,16780,0.03,0.03
201609,Antiinfectives For Systemic Use,J05,Antivirals For Systemic Use,4826,0.1,198049,0.37,0.37
201609,Antiinfectives For Systemic Use,,,,,,,
201609,Antineoplastic and Immunomodulating Agents,L01,Antineoplastic Agents,3395,0.07,176819,0.33,0.33
201609,Antineoplastic and Immunomodulating Agents,L02,Endocrine Therapy,9139,0.19,210371,0.39,0.39
201609,Antineoplastic and Immunomodulating Agents,L04,Immunosuppressive Agents,15311,0.32,128638,0.24,0.24
201609,Antineoplastic and Immunomodulating Agents,,,,,,,
201609,Antiparasitic Products Insecticides and Repellents,P01,Antiprotozoals,9114,0.19,47735,0.09,0.09
201609,Antiparasitic Products Insecticides and Repellents,P02,Anthelmintics,732,0.02,2478,0,0
201609,Antiparasitic Products Insecticides and Repellents,P03,Ectoparasiticides Incl. Scabicides Insecticides and Repellents,1922,0.04,25603,0.05,0.05
201609,Antiparasitic Products Insecticides and Repellents,,,,,,,
201609,Blood and Blood Forming Organs,B01,Antithrombotic Agents,276175,5.77,3079115,5.74,5.74
201609,Blood and Blood Forming Organs,B02,Antihemorrhagics,1488,0.03,17956,0.03,0.03
201609,Blood and Blood Forming Organs,B03,Antianemic Preparations,83425,1.74,186259,0.35,0.35
201609,Blood and Blood Forming Organs,,,,,,,
201609,Cardiovascular System,C01,Cardiac Therapy,52204,1.09,752347,1.4,1.4
201609,Cardiovascular System,C02,Antihypertensives,17029,0.36,133020,0.25,0.25
201609,Cardiovascular System,C03,Diuretics,108196,2.26,293812,0.55,0.55
201609,Cardiovascular System,C04,Peripheral Vasodilators,2705,0.06,38519,0.07,0.07
201609,Cardiovascular System,C05,Vasoprotectives,9956,0.21,68414,0.13,0.13
201609,Cardiovascular System,C07,Beta Blocking Agents,166692,3.49,492211,0.92,0.92
201609,Cardiovascular System,C08,Calcium Channel Blockers,117630,2.46,449529,0.84,0.84
201609,Cardiovascular System,C09,Agents Acting On The Renin-Angiotensin System,251157,5.25,2047951,3.82,3.82
201609,Cardiovascular System,C10,Serum Lipid Reducing Agents,286602,5.99,2203449,4.11,4.11
201609,Cardiovascular System,,,,,,,
201609,Dermatologicals,D01,Antifungals For Dermatological Use,32408,0.68,207468,0.39,0.39
201609,Dermatologicals,D02,Emollients and Protectives,19670,0.41,53266,0.1,0.1
201609,Dermatologicals,D03,Preparations For Treatment Of Wounds and Ulcers,53,0,696,0,0
201609,Dermatologicals,D04,Antipruritics Incl. Antihistamines Anesthetics Etc.,3,0,210,0,0
201609,Dermatologicals,D05,Antipsoriatics,6999,0.15,299720,0.56,0.56
201609,Dermatologicals,D06,Antibiotics and Chemotherapeutics For Dermatological Use,10915,0.23,92766,0.17,0.17
201609,Dermatologicals,D07,Corticosteroids Dermatological Preparations,45267,0.95,236978,0.44,0.44
201609,Dermatologicals,D10,Anti-Acne Preparations,8593,0.18,124913,0.23,0.23
201609,Dermatologicals,D11,Other Dermatological Preparations,2439,0.05,120531,0.22,0.22
201609,Dermatologicals,,,,,,,
201609,Genito Urinary System and Sex Hormones,G01,Gynecological Antiinfectives and Antiseptics,2260,0.05,12796,0.02,0.02
201609,Genito Urinary System and Sex Hormones,G02,Other Gynecologicals,2700,0.06,177814,0.33,0.33
201609,Genito Urinary System and Sex Hormones,G03,Sex Hormones and Modulators Of The Genital System,84730,1.77,653454,1.22,1.22
201609,Genito Urinary System and Sex Hormones,G04,Urologicals,99235,2.07,1998288,3.72,3.72
201609,Genito Urinary System and Sex Hormones,,,,,,,
201609,Musculo-Skeletal System,M01,Antiinflammatory and Antirheumatic Products,110696,2.31,848654,1.58,1.58
201609,Musculo-Skeletal System,M02,Topical Products For Joint and Muscular Pain,60055,1.26,410621,0.77,0.77
201609,Musculo-Skeletal System,M03,Muscle Relaxants,5089,0.11,58293,0.11,0.11
201609,Musculo-Skeletal System,M04,Antigout Preparations,30245,0.63,212757,0.4,0.4
201609,Musculo-Skeletal System,M05,Drugs For Treatment Of Bone Diseases,40905,0.86,1100439,2.05,2.05
201609,Musculo-Skeletal System,M09,Other Drugs For Disorders Of The Musculo-Skeletal System,10010,0.21,117718,0.22,0.22
201609,Musculo-Skeletal System,,,,,,,
201609,Nervous System,N01,Anesthetics,22353,0.47,1750373,3.26,3.26
201609,Nervous System,N02,Analgesics,272745,5.7,2630404,4.9,4.9
201609,Nervous System,N03,Antiepileptics,120276,2.51,3091960,5.76,5.76
201609,Nervous System,N04,Anti-Parkinson Drugs,21305,0.45,415091,0.77,0.77
201609,Nervous System,N05,Psycholeptics,310916,6.5,2838259,5.29,5.29
201609,Nervous System,N06,Psychoanaleptics,290964,6.08,2582483,4.81,4.81
201609,Nervous System,N07,Other Nervous System Drugs,31462,0.66,723296,1.35,1.35
201609,Nervous System,,,,,,,
201609,Respiratory System,R01,Nasal Preparations,41517,0.87,423353,0.79,0.79
201609,Respiratory System,R03,Drugs For Obstructive Airway Diseases,279437,5.84,6061671,11.29,11.29
201609,Respiratory System,R05,Cough and Cold Preparations,22498,0.47,98197,0.18,0.18
201609,Respiratory System,R06,Antihistamines For Systemic Use,53920,1.13,213691,0.4,0.4
201609,Respiratory System,,,,,,,
201609,Sensory Organs,S01,Ophthalmologicals,113623,2.38,973248,1.81,1.81
201609,Sensory Organs,S02,Otologicals,1906,0.04,10051,0.02,0.02
201609,Sensory Organs,S03,Ophthalmological and Otological Preparations,6184,0.13,19271,0.04,0.04
201609,Sensory Organs,,,,,,,
201609,Systemic Hormonal Preparations Excl. Sex Hormones and Insulins,H01,Pituitary and Hypothalamic Hormones and Analogues,1165,0.02,63837,0.12,0.12
201609,Systemic Hormonal Preparations Excl. Sex Hormones and Insulins,H02,Corticosteroids For Systemic Use,58909,1.23,287690,0.54,0.54
201609,Systemic Hormonal Preparations Excl. Sex Hormones and Insulins,H03,Thyroid Therapy,143672,3,254075,0.47,0.47
201609,Systemic Hormonal Preparations Excl. Sex Hormones and Insulins,H04,Pancreatic Hormones,399,0.01,9424,0.02,0.02
201609,Systemic Hormonal Preparations Excl. Sex Hormones and Insulins,,,,,,,
201609,Various,V01,Allergens,59,0,4912,0.01,0.01
201609,Various,V03,All Other Therapeutic Products,1925,0.04,181520,0.34,0.34
201609,Various,V04,Diagnostic Agents,14828,0.31,486678,0.91,0.91
201609,Various,V06,General Nutrients,48189,1.01,3732479,6.95,6.95
201609,Various,V07,All Other Non-Therapeutic Products,,,,,4.7
201609,Various,V07 1,Ostomy Requisites,20644,0.43,1340704,2.5,2.5
201609,Various,V07 2,Urinary Requisites,10153,0.21,853327,1.59,1.59
201609,Various,V07 3,Needles/Syringes/Lancets,12081,0.25,155396,0.29,0.29
201609,Various,V07 4,Dressings,2181,0.05,91636,0.17,0.17
201609,Various,V07 5,Miscellaneous,4901,0.1,80011,0.15,0.15
201609,Various,,,,,,,
201610,Alimentary Tract and Metabolism,A01,Stomatological Preparations,6962,0.15,19210,0.04,0.04
201610,Alimentary Tract and Metabolism,A02,Drugs For Acid Related Disorders,319707,6.89,1926020,3.7,3.7
201610,Alimentary Tract and Metabolism,A03,Drugs For Functional Gastrointestinal Disorders,33430,0.72,118191,0.23,0.23
201610,Alimentary Tract and Metabolism,A04,Antiemetics and Antinauseants,3003,0.06,224579,0.43,0.43
201610,Alimentary Tract and Metabolism,A05,Bile and Liver Therapy,1571,0.03,53888,0.1,0.1
201610,Alimentary Tract and Metabolism,A06,Laxatives,68746,1.48,704832,1.36,1.36
201610,Alimentary Tract and Metabolism,A07,Antidiarrheals Intestinal Antiinflammatory/Antiinfective Agents,21493,0.46,641265,1.23,1.23
201610,Alimentary Tract and Metabolism,A09,Digestives Incl. Enzymes,1795,0.04,93720,0.18,0.18
201610,Alimentary Tract and Metabolism,A10,Drugs Used In Diabetes,55650,1.2,1061278,2.04,2.04
201610,Alimentary Tract and Metabolism,A11,Vitamins,39716,0.86,235584,0.45,0.45
201610,Alimentary Tract and Metabolism,A12,Mineral Supplements,94311,2.03,494345,0.95,0.95
201610,Alimentary Tract and Metabolism,A14,Anabolic Agents For Systemic Use,20,0,255,0,0
201610,Alimentary Tract and Metabolism,,,,,,,
201610,Antiinfectives For Systemic Use,J01,Antibacterials For Systemic Use,211459,4.56,1189462,2.29,2.29
201610,Antiinfectives For Systemic Use,J02,Antimycotics For Systemic Use,8818,0.19,74936,0.14,0.14
201610,Antiinfectives For Systemic Use,J04,Antimycobacterials,673,0.01,16466,0.03,0.03
201610,Antiinfectives For Systemic Use,J05,Antivirals For Systemic Use,4664,0.1,191648,0.37,0.37
201610,Antiinfectives For Systemic Use,,,,,,,
201610,Antineoplastic and Immunomodulating Agents,L01,Antineoplastic Agents,3293,0.07,171903,0.33,0.33
201610,Antineoplastic and Immunomodulating Agents,L02,Endocrine Therapy,8823,0.19,197504,0.38,0.38
201610,Antineoplastic and Immunomodulating Agents,L04,Immunosuppressive Agents,14924,0.32,126434,0.24,0.24
201610,Antineoplastic and Immunomodulating Agents,,,,,,,
201610,Antiparasitic Products Insecticides and Repellents,P01,Antiprotozoals,8867,0.19,47517,0.09,0.09
201610,Antiparasitic Products Insecticides and Repellents,P02,Anthelmintics,741,0.02,3911,0.01,0.01
201610,Antiparasitic Products Insecticides and Repellents,P03,Ectoparasiticides Incl. Scabicides Insecticides and Repellents,1846,0.04,24660,0.05,0.05
201610,Antiparasitic Products Insecticides and Repellents,,,,,,,
201610,Blood and Blood Forming Organs,B01,Antithrombotic Agents,265926,5.73,3033833,5.83,5.83
201610,Blood and Blood Forming Organs,B02,Antihemorrhagics,1449,0.03,18159,0.03,0.03
201610,Blood and Blood Forming Organs,B03,Antianemic Preparations,80702,1.74,178931,0.34,0.34
201610,Blood and Blood Forming Organs,,,,,,,
201610,Cardiovascular System,C01,Cardiac Therapy,50273,1.08,713124,1.37,1.37
201610,Cardiovascular System,C02,Antihypertensives,16474,0.36,130067,0.25,0.25
201610,Cardiovascular System,C03,Diuretics,104066,2.24,282362,0.54,0.54
201610,Cardiovascular System,C04,Peripheral Vasodilators,2688,0.06,38364,0.07,0.07
201610,Cardiovascular System,C05,Vasoprotectives,9563,0.21,66436,0.13,0.13
201610,Cardiovascular System,C07,Beta Blocking Agents,161111,3.47,477091,0.92,0.92
201610,Cardiovascular System,C08,Calcium Channel Blockers,113787,2.45,434072,0.83,0.83
201610,Cardiovascular System,C09,Agents Acting On The Renin-Angiotensin System,242312,5.22,1974578,3.8,3.8
201610,Cardiovascular System,C10,Serum Lipid Reducing Agents,276922,5.97,2130334,4.1,4.1
201610,Cardiovascular System,,,,,,,
201610,Dermatologicals,D01,Antifungals For Dermatological Use,30491,0.66,192446,0.37,0.37
201610,Dermatologicals,D02,Emollients and Protectives,19202,0.41,51953,0.1,0.1
201610,Dermatologicals,D03,Preparations For Treatment Of Wounds and Ulcers,52,0,660,0,0
201610,Dermatologicals,D04,Antipruritics Incl. Antihistamines Anesthetics Etc.,2,0,215,0,0
201610,Dermatologicals,D05,Antipsoriatics,6905,0.15,269198,0.52,0.52
201610,Dermatologicals,D06,Antibiotics and Chemotherapeutics For Dermatological Use,10496,0.23,85487,0.16,0.16
201610,Dermatologicals,D07,Corticosteroids Dermatological Preparations,42859,0.92,224408,0.43,0.43
201610,Dermatologicals,D10,Anti-Acne Preparations,8015,0.17,116735,0.22,0.22
201610,Dermatologicals,D11,Other Dermatological Preparations,2333,0.05,116565,0.22,0.22
201610,Dermatologicals,,,,,,,
201610,Genito Urinary System and Sex Hormones,G01,Gynecological Antiinfectives and Antiseptics,2120,0.05,11254,0.02,0.02
201610,Genito Urinary System and Sex Hormones,G02,Other Gynecologicals,2628,0.06,175153,0.34,0.34
201610,Genito Urinary System and Sex Hormones,G03,Sex Hormones and Modulators Of The Genital System,80868,1.74,615626,1.18,1.18
201610,Genito Urinary System and Sex Hormones,G04,Urologicals,97072,2.09,1961265,3.77,3.77
201610,Genito Urinary System and Sex Hormones,,,,,,,
201610,Musculo-Skeletal System,M01,Antiinflammatory and Antirheumatic Products,105042,2.26,801937,1.54,1.54
201610,Musculo-Skeletal System,M02,Topical Products For Joint and Muscular Pain,57753,1.25,395555,0.76,0.76
201610,Musculo-Skeletal System,M03,Muscle Relaxants,5035,0.11,55923,0.11,0.11
201610,Musculo-Skeletal System,M04,Antigout Preparations,28937,0.62,205439,0.39,0.39
201610,Musculo-Skeletal System,M05,Drugs For Treatment Of Bone Diseases,39521,0.85,1111257,2.14,2.14
201610,Musculo-Skeletal System,M09,Other Drugs For Disorders Of The Musculo-Skeletal System,9642,0.21,110596,0.21,0.21
201610,Musculo-Skeletal System,,,,,,,
201610,Nervous System,N01,Anesthetics,22167,0.48,1736386,3.34,3.34
201610,Nervous System,N02,Analgesics,264090,5.69,2504567,4.82,4.82
201610,Nervous System,N03,Antiepileptics,116750,2.52,2983520,5.74,5.74
201610,Nervous System,N04,Anti-Parkinson Drugs,20909,0.45,405125,0.78,0.78
201610,Nervous System,N05,Psycholeptics,299566,6.46,2766090,5.32,5.32
201610,Nervous System,N06,Psychoanaleptics,281369,6.07,2491235,4.79,4.79
201610,Nervous System,N07,Other Nervous System Drugs,30314,0.65,712387,1.37,1.37
201610,Nervous System,,,,,,,
201610,Respiratory System,R01,Nasal Preparations,40052,0.86,406711,0.78,0.78
201610,Respiratory System,R03,Drugs For Obstructive Airway Diseases,274556,5.92,5924230,11.39,11.39
201610,Respiratory System,R05,Cough and Cold Preparations,25599,0.55,109860,0.21,0.21
201610,Respiratory System,R06,Antihistamines For Systemic Use,49101,1.06,194360,0.37,0.37
201610,Respiratory System,,,,,,,
201610,Sensory Organs,S01,Ophthalmologicals,109233,2.35,929603,1.79,1.79
201610,Sensory Organs,S02,Otologicals,1787,0.04,9396,0.02,0.02
201610,Sensory Organs,S03,Ophthalmological and Otological Preparations,5832,0.13,17721,0.03,0.03
201610,Sensory Organs,,,,,,,
201610,Systemic Hormonal Preparations Excl. Sex Hormones and Insulins,H01,Pituitary and Hypothalamic Hormones and Analogues,1104,0.02,61448,0.12,0.12
201610,Systemic Hormonal Preparations Excl. Sex Hormones and Insulins,H02,Corticosteroids For Systemic Use,61323,1.32,291402,0.56,0.56
201610,Systemic Hormonal Preparations Excl. Sex Hormones and Insulins,H03,Thyroid Therapy,139192,3,247325,0.48,0.48
201610,Systemic Hormonal Preparations Excl. Sex Hormones and Insulins,H04,Pancreatic Hormones,359,0.01,8260,0.02,0.02
201610,Systemic Hormonal Preparations Excl. Sex Hormones and Insulins,,,,,,,
201610,Various,V01,Allergens,43,0,3563,0.01,0.01
201610,Various,V03,All Other Therapeutic Products,1894,0.04,180750,0.35,0.35
201610,Various,V04,Diagnostic Agents,14313,0.31,470378,0.9,0.9
201610,Various,V06,General Nutrients,46365,1,3589324,6.9,6.9
201610,Various,V07,All Other Non-Therapeutic Products,,,,,4.56
201610,Various,V07 1,Ostomy Requisites,19834,0.43,1283386,2.47,2.47
201610,Various,V07 2,Urinary Requisites,8799,0.19,750777,1.44,1.44
201610,Various,V07 3,Needles/Syringes/Lancets,12119,0.26,153826,0.3,0.3
201610,Various,V07 4,Dressings,2243,0.05,108600,0.21,0.21
201610,Various,V07 5,Miscellaneous,4836,0.1,75034,0.14,0.14
201610,Various,,,,,,,
201611,Alimentary Tract and Metabolism,A01,Stomatological Preparations,7183,0.15,21230,0.04,0.04
201611,Alimentary Tract and Metabolism,A02,Drugs For Acid Related Disorders,335061,6.87,2020927,3.69,3.69
201611,Alimentary Tract and Metabolism,A03,Drugs For Functional Gastrointestinal Disorders,35401,0.73,123119,0.22,0.22
201611,Alimentary Tract and Metabolism,A04,Antiemetics and Antinauseants,3127,0.06,230159,0.42,0.42
201611,Alimentary Tract and Metabolism,A05,Bile and Liver Therapy,1653,0.03,55419,0.1,0.1
201611,Alimentary Tract and Metabolism,A06,Laxatives,72869,1.49,752693,1.38,1.38
201611,Alimentary Tract and Metabolism,A07,Antidiarrheals Intestinal Antiinflammatory/Antiinfective Agents,22866,0.47,674592,1.23,1.23
201611,Alimentary Tract and Metabolism,A09,Digestives Incl. Enzymes,1824,0.04,95222,0.17,0.17
201611,Alimentary Tract and Metabolism,A10,Drugs Used In Diabetes,57769,1.18,1090964,1.99,1.99
201611,Alimentary Tract and Metabolism,A11,Vitamins,43397,0.89,258730,0.47,0.47
201611,Alimentary Tract and Metabolism,A12,Mineral Supplements,98672,2.02,517554,0.95,0.95
201611,Alimentary Tract and Metabolism,A14,Anabolic Agents For Systemic Use,27,0,357,0,0
201611,Alimentary Tract and Metabolism,,,,,,,
201611,Antiinfectives For Systemic Use,J01,Antibacterials For Systemic Use,229406,4.7,1276687,2.33,2.33
201611,Antiinfectives For Systemic Use,J02,Antimycotics For Systemic Use,8844,0.18,80971,0.15,0.15
201611,Antiinfectives For Systemic Use,J04,Antimycobacterials,668,0.01,15345,0.03,0.03
201611,Antiinfectives For Systemic Use,J05,Antivirals For Systemic Use,5058,0.1,202820,0.37,0.37
201611,Antiinfectives For Systemic Use,,,,,,,
201611,Antineoplastic and Immunomodulating Agents,L01,Antineoplastic Agents,3500,0.07,182763,0.33,0.33
201611,Antineoplastic and Immunomodulating Agents,L02,Endocrine Therapy,9289,0.19,210797,0.39,0.39
201611,Antineoplastic and Immunomodulating Agents,L04,Immunosuppressive Agents,15673,0.32,133062,0.24,0.24
201611,Antineoplastic and Immunomodulating Agents,,,,,,,
201611,Antiparasitic Products Insecticides and Repellents,P01,Antiprotozoals,9347,0.19,54781,0.1,0.1
201611,Antiparasitic Products Insecticides and Repellents,P02,Anthelmintics,661,0.01,2662,0,0
201611,Antiparasitic Products Insecticides and Repellents,P03,Ectoparasiticides Incl. Scabicides Insecticides and Repellents,2011,0.04,28509,0.05,0.05
201611,Antiparasitic Products Insecticides and Repellents,,,,,,,
201611,Blood and Blood Forming Organs,B01,Antithrombotic Agents,277929,5.7,3206166,5.86,5.86
201611,Blood and Blood Forming Organs,B02,Antihemorrhagics,1499,0.03,18603,0.03,0.03
201611,Blood and Blood Forming Organs,B03,Antianemic Preparations,84442,1.73,186420,0.34,0.34
201611,Blood and Blood Forming Organs,,,,,,,
201611,Cardiovascular System,C01,Cardiac Therapy,52437,1.08,749836,1.37,1.37
201611,Cardiovascular System,C02,Antihypertensives,16956,0.35,133888,0.24,0.24
201611,Cardiovascular System,C03,Diuretics,107756,2.21,296017,0.54,0.54
201611,Cardiovascular System,C04,Peripheral Vasodilators,2824,0.06,41115,0.08,0.08
201611,Cardiovascular System,C05,Vasoprotectives,10285,0.21,70166,0.13,0.13
201611,Cardiovascular System,C07,Beta Blocking Agents,168199,3.45,500335,0.91,0.91
201611,Cardiovascular System,C08,Calcium Channel Blockers,119482,2.45,453957,0.83,0.83
201611,Cardiovascular System,C09,Agents Acting On The Renin-Angiotensin System,252722,5.18,2060073,3.76,3.76
201611,Cardiovascular System,C10,Serum Lipid Reducing Agents,290151,5.95,2237022,4.09,4.09
201611,Cardiovascular System,,,,,,,
201611,Dermatologicals,D01,Antifungals For Dermatological Use,31360,0.64,193831,0.35,0.35
201611,Dermatologicals,D02,Emollients and Protectives,20866,0.43,56734,0.1,0.1
201611,Dermatologicals,D03,Preparations For Treatment Of Wounds and Ulcers,44,0,570,0,0
201611,Dermatologicals,D04,Antipruritics Incl. Antihistamines Anesthetics Etc.,1,0,36,0,0
201611,Dermatologicals,D05,Antipsoriatics,7173,0.15,284432,0.52,0.52
201611,Dermatologicals,D06,Antibiotics and Chemotherapeutics For Dermatological Use,10898,0.22,86907,0.16,0.16
201611,Dermatologicals,D07,Corticosteroids Dermatological Preparations,45849,0.94,239079,0.44,0.44
201611,Dermatologicals,D10,Anti-Acne Preparations,8131,0.17,119501,0.22,0.22
201611,Dermatologicals,D11,Other Dermatological Preparations,2392,0.05,118200,0.22,0.22
201611,Dermatologicals,,,,,,,
201611,Genito Urinary System and Sex Hormones,G01,Gynecological Antiinfectives and Antiseptics,2025,0.04,11413,0.02,0.02
201611,Genito Urinary System and Sex Hormones,G02,Other Gynecologicals,2648,0.05,175433,0.32,0.32
201611,Genito Urinary System and Sex Hormones,G03,Sex Hormones and Modulators Of The Genital System,83836,1.72,637078,1.16,1.16
201611,Genito Urinary System and Sex Hormones,G04,Urologicals,101451,2.08,2045643,3.74,3.74
201611,Genito Urinary System and Sex Hormones,,,,,,,
201611,Musculo-Skeletal System,M01,Antiinflammatory and Antirheumatic Products,109757,2.25,844425,1.54,1.54
201611,Musculo-Skeletal System,M02,Topical Products For Joint and Muscular Pain,59894,1.23,412571,0.75,0.75
201611,Musculo-Skeletal System,M03,Muscle Relaxants,5372,0.11,59981,0.11,0.11
201611,Musculo-Skeletal System,M04,Antigout Preparations,30465,0.62,217770,0.4,0.4
201611,Musculo-Skeletal System,M05,Drugs For Treatment Of Bone Diseases,40921,0.84,1157129,2.11,2.11
201611,Musculo-Skeletal System,M09,Other Drugs For Disorders Of The Musculo-Skeletal System,9987,0.2,111274,0.2,0.2
201611,Musculo-Skeletal System,,,,,,,
201611,Nervous System,N01,Anesthetics,23480,0.48,1846604,3.37,3.37
201611,Nervous System,N02,Analgesics,276256,5.66,2632990,4.81,4.81
201611,Nervous System,N03,Antiepileptics,122106,2.5,3120274,5.7,5.7
201611,Nervous System,N04,Anti-Parkinson Drugs,21628,0.44,419431,0.77,0.77
201611,Nervous System,N05,Psycholeptics,314892,6.46,2920910,5.34,5.34
201611,Nervous System,N06,Psychoanaleptics,296925,6.09,2628219,4.8,4.8
201611,Nervous System,N07,Other Nervous System Drugs,30952,0.63,727333,1.33,1.33
201611,Nervous System,,,,,,,
201611,Respiratory System,R01,Nasal Preparations,42130,0.86,428013,0.78,0.78
201611,Respiratory System,R02,Throat Preparations,2,0,4,0,0
201611,Respiratory System,R03,Drugs For Obstructive Airway Diseases,293481,6.02,6249189,11.42,11.42
201611,Respiratory System,R05,Cough and Cold Preparations,28937,0.59,123785,0.23,0.23
201611,Respiratory System,R06,Antihistamines For Systemic Use,49781,1.02,198997,0.36,0.36
201611,Respiratory System,,,,,,,
201611,Sensory Organs,S01,Ophthalmologicals,114444,2.35,975437,1.78,1.78
201611,Sensory Organs,S02,Otologicals,1941,0.04,10080,0.02,0.02
201611,Sensory Organs,S03,Ophthalmological and Otological Preparations,5989,0.12,17501,0.03,0.03
201611,Sensory Organs,,,,,,,
201611,Systemic Hormonal Preparations Excl. Sex Hormones and Insulins,H01,Pituitary and Hypothalamic Hormones and Analogues,1148,0.02,63146,0.12,0.12
201611,Systemic Hormonal Preparations Excl. Sex Hormones and Insulins,H02,Corticosteroids For Systemic Use,67848,1.39,322952,0.59,0.59
201611,Systemic Hormonal Preparations Excl. Sex Hormones and Insulins,H03,Thyroid Therapy,145315,2.98,257945,0.47,0.47
201611,Systemic Hormonal Preparations Excl. Sex Hormones and Insulins,H04,Pancreatic Hormones,377,0.01,8889,0.02,0.02
201611,Systemic Hormonal Preparations Excl. Sex Hormones and Insulins,,,,,,,
201611,Various,V01,Allergens,48,0,3955,0.01,0.01
201611,Various,V03,All Other Therapeutic Products,1983,0.04,187212,0.34,0.34
201611,Various,V04,Diagnostic Agents,14749,0.3,482801,0.88,0.88
201611,Various,V06,General Nutrients,48353,0.99,3777206,6.9,6.9
201611,Various,V07,All Other Non-Therapeutic Products,,,,,4.71
201611,Various,V07 1,Ostomy Requisites,21131,0.43,1379780,2.52,2.52
201611,Various,V07 2,Urinary Requisites,10184,0.21,839133,1.53,1.53
201611,Various,V07 3,Needles/Syringes/Lancets,13186,0.27,159346,0.29,0.29
201611,Various,V07 4,Dressings,2450,0.05,121927,0.22,0.22
201611,Various,V07 5,Miscellaneous,5130,0.11,76033,0.14,0.14
201611,Various,,,,,,,
201612,Alimentary Tract and Metabolism,A01,Stomatological Preparations,6992,0.14,20085,0.04,0.04
201612,Alimentary Tract and Metabolism,A02,Drugs For Acid Related Disorders,340808,6.83,2061485,3.78,3.78
201612,Alimentary Tract and Metabolism,A03,Drugs For Functional Gastrointestinal Disorders,36705,0.74,127365,0.23,0.23
201612,Alimentary Tract and Metabolism,A04,Antiemetics and Antinauseants,3174,0.06,227220,0.42,0.42
201612,Alimentary Tract and Metabolism,A05,Bile and Liver Therapy,1668,0.03,56965,0.1,0.1
201612,Alimentary Tract and Metabolism,A06,Laxatives,72109,1.45,746177,1.37,1.37
201612,Alimentary Tract and Metabolism,A07,Antidiarrheals Intestinal Antiinflammatory/Antiinfective Agents,23583,0.47,676332,1.24,1.24
201612,Alimentary Tract and Metabolism,A09,Digestives Incl. Enzymes,1896,0.04,100038,0.18,0.18
201612,Alimentary Tract and Metabolism,A10,Drugs Used In Diabetes,57368,1.15,1101389,2.02,2.02
201612,Alimentary Tract and Metabolism,A11,Vitamins,44717,0.9,263713,0.48,0.48
201612,Alimentary Tract and Metabolism,A12,Mineral Supplements,99603,2,522906,0.96,0.96
201612,Alimentary Tract and Metabolism,A14,Anabolic Agents For Systemic Use,24,0,359,0,0
201612,Alimentary Tract and Metabolism,,,,,,,
201612,Antiinfectives For Systemic Use,J01,Antibacterials For Systemic Use,281476,5.64,1509751,2.77,2.77
201612,Antiinfectives For Systemic Use,J02,Antimycotics For Systemic Use,9008,0.18,80395,0.15,0.15
201612,Antiinfectives For Systemic Use,J04,Antimycobacterials,686,0.01,16255,0.03,0.03
201612,Antiinfectives For Systemic Use,J05,Antivirals For Systemic Use,6329,0.13,226877,0.42,0.42
201612,Antiinfectives For Systemic Use,,,,,,,
201612,Antineoplastic and Immunomodulating Agents,L01,Antineoplastic Agents,3325,0.07,175272,0.32,0.32
201612,Antineoplastic and Immunomodulating Agents,L02,Endocrine Therapy,9468,0.19,208158,0.38,0.38
201612,Antineoplastic and Immunomodulating Agents,L04,Immunosuppressive Agents,15729,0.32,133715,0.25,0.25
201612,Antineoplastic and Immunomodulating Agents,,,,,,,
201612,Antiparasitic Products Insecticides and Repellents,P01,Antiprotozoals,9187,0.18,61375,0.11,0.11
201612,Antiparasitic Products Insecticides and Repellents,P02,Anthelmintics,632,0.01,2898,0.01,0.01
201612,Antiparasitic Products Insecticides and Repellents,P03,Ectoparasiticides Incl. Scabicides Insecticides and Repellents,1654,0.03,23455,0.04,0.04
201612,Antiparasitic Products Insecticides and Repellents,,,,,,,
201612,Blood and Blood Forming Organs,B01,Antithrombotic Agents,280948,5.63,3270228,6,6
201612,Blood and Blood Forming Organs,B02,Antihemorrhagics,1428,0.03,17950,0.03,0.03
201612,Blood and Blood Forming Organs,B03,Antianemic Preparations,83616,1.68,172796,0.32,0.32
201612,Blood and Blood Forming Organs,,,,,,,
201612,Cardiovascular System,C01,Cardiac Therapy,52431,1.05,751961,1.38,1.38
201612,Cardiovascular System,C02,Antihypertensives,17342,0.35,136099,0.25,0.25
201612,Cardiovascular System,C03,Diuretics,108922,2.18,299121,0.55,0.55
201612,Cardiovascular System,C04,Peripheral Vasodilators,2833,0.06,41591,0.08,0.08
201612,Cardiovascular System,C05,Vasoprotectives,9902,0.2,67621,0.12,0.12
201612,Cardiovascular System,C07,Beta Blocking Agents,170686,3.42,505859,0.93,0.93
201612,Cardiovascular System,C08,Calcium Channel Blockers,121117,2.43,461128,0.85,0.85
201612,Cardiovascular System,C09,Agents Acting On The Renin-Angiotensin System,256343,5.14,1916594,3.51,3.51
201612,Cardiovascular System,C10,Serum Lipid Reducing Agents,294211,5.9,2266328,4.16,4.16
201612,Cardiovascular System,,,,,,,
201612,Dermatologicals,D01,Antifungals For Dermatological Use,29146,0.58,181267,0.33,0.33
201612,Dermatologicals,D02,Emollients and Protectives,19274,0.39,52233,0.1,0.1
201612,Dermatologicals,D03,Preparations For Treatment Of Wounds and Ulcers,41,0,507,0,0
201612,Dermatologicals,D04,Antipruritics Incl. Antihistamines Anesthetics Etc.,2,0,144,0,0
201612,Dermatologicals,D05,Antipsoriatics,6809,0.14,278359,0.51,0.51
201612,Dermatologicals,D06,Antibiotics and Chemotherapeutics For Dermatological Use,10138,0.2,80699,0.15,0.15
201612,Dermatologicals,D07,Corticosteroids Dermatological Preparations,41746,0.84,220802,0.4,0.4
201612,Dermatologicals,D10,Anti-Acne Preparations,7487,0.15,109984,0.2,0.2
201612,Dermatologicals,D11,Other Dermatological Preparations,2194,0.04,108570,0.2,0.2
201612,Dermatologicals,,,,,,,
201612,Genito Urinary System and Sex Hormones,G01,Gynecological Antiinfectives and Antiseptics,1875,0.04,10310,0.02,0.02
201612,Genito Urinary System and Sex Hormones,G02,Other Gynecologicals,2116,0.04,116022,0.21,0.21
201612,Genito Urinary System and Sex Hormones,G03,Sex Hormones and Modulators Of The Genital System,83114,1.67,595149,1.09,1.09
201612,Genito Urinary System and Sex Hormones,G04,Urologicals,102466,2.05,2012559,3.69,3.69
201612,Genito Urinary System and Sex Hormones,,,,,,,
201612,Musculo-Skeletal System,M01,Antiinflammatory and Antirheumatic Products,108197,2.17,832278,1.53,1.53
201612,Musculo-Skeletal System,M02,Topical Products For Joint and Muscular Pain,57041,1.14,392596,0.72,0.72
201612,Musculo-Skeletal System,M03,Muscle Relaxants,5354,0.11,59444,0.11,0.11
201612,Musculo-Skeletal System,M04,Antigout Preparations,30976,0.62,221100,0.41,0.41
201612,Musculo-Skeletal System,M05,Drugs For Treatment Of Bone Diseases,40352,0.81,1034838,1.9,1.9
201612,Musculo-Skeletal System,M09,Other Drugs For Disorders Of The Musculo-Skeletal System,10131,0.2,111878,0.21,0.21
201612,Musculo-Skeletal System,,,,,,,
201612,Nervous System,N01,Anesthetics,23628,0.47,1863169,3.42,3.42
201612,Nervous System,N02,Analgesics,283669,5.69,2686150,4.93,4.93
201612,Nervous System,N03,Antiepileptics,121892,2.44,3133991,5.75,5.75
201612,Nervous System,N04,Anti-Parkinson Drugs,21555,0.43,418254,0.77,0.77
201612,Nervous System,N05,Psycholeptics,314618,6.31,2695974,4.94,4.94
201612,Nervous System,N06,Psychoanaleptics,297372,5.96,2521888,4.62,4.62
201612,Nervous System,N07,Other Nervous System Drugs,29805,0.6,645863,1.18,1.18
201612,Nervous System,,,,,,,
201612,Respiratory System,R01,Nasal Preparations,43138,0.86,440279,0.81,0.81
201612,Respiratory System,R03,Drugs For Obstructive Airway Diseases,309929,6.21,6509761,11.94,11.94
201612,Respiratory System,R05,Cough and Cold Preparations,37654,0.75,154822,0.28,0.28
201612,Respiratory System,R06,Antihistamines For Systemic Use,49638,1,198069,0.36,0.36
201612,Respiratory System,,,,,,,
201612,Sensory Organs,S01,Ophthalmologicals,114273,2.29,978296,1.79,1.79
201612,Sensory Organs,S02,Otologicals,2546,0.05,13263,0.02,0.02
201612,Sensory Organs,S03,Ophthalmological and Otological Preparations,5652,0.11,12958,0.02,0.02
201612,Sensory Organs,,,,,,,
201612,Systemic Hormonal Preparations Excl. Sex Hormones and Insulins,H01,Pituitary and Hypothalamic Hormones and Analogues,1146,0.02,62542,0.11,0.11
201612,Systemic Hormonal Preparations Excl. Sex Hormones and Insulins,H02,Corticosteroids For Systemic Use,83174,1.67,377137,0.69,0.69
201612,Systemic Hormonal Preparations Excl. Sex Hormones and Insulins,H03,Thyroid Therapy,147563,2.96,261140,0.48,0.48
201612,Systemic Hormonal Preparations Excl. Sex Hormones and Insulins,H04,Pancreatic Hormones,400,0.01,9213,0.02,0.02
201612,Systemic Hormonal Preparations Excl. Sex Hormones and Insulins,,,,,,,
201612,Various,V01,Allergens,50,0,4154,0.01,0.01
201612,Various,V03,All Other Therapeutic Products,1972,0.04,184454,0.34,0.34
201612,Various,V04,Diagnostic Agents,14138,0.28,462437,0.85,0.85
201612,Various,V06,General Nutrients,47174,0.95,3674274,6.74,6.74
201612,Various,V07,All Other Non-Therapeutic Products,,,,,4.7
201612,Various,V07 1,Ostomy Requisites,21393,0.43,1393895,2.56,2.56
201612,Various,V07 2,Urinary Requisites,10200,0.2,844542,1.55,1.55
201612,Various,V07 3,Needles/Syringes/Lancets,13039,0.26,158543,0.29,0.29
201612,Various,V07 4,Dressings,2006,0.04,86732,0.16,0.16
201612,Various,V07 5,Miscellaneous,5297,0.11,80928,0.15,0.15
201612,Various,,,,,,,
201701,Alimentary Tract and Metabolism,A01,Stomatological Preparations,7008,0.14,20643,0.04,0.04
201701,Alimentary Tract and Metabolism,A02,Drugs For Acid Related Disorders,332950,6.86,1940145,3.62,3.62
201701,Alimentary Tract and Metabolism,A03,Drugs For Functional Gastrointestinal Disorders,35142,0.72,122158,0.23,0.23
201701,Alimentary Tract and Metabolism,A04,Antiemetics and Antinauseants,3019,0.06,219165,0.41,0.41
201701,Alimentary Tract and Metabolism,A05,Bile and Liver Therapy,1629,0.03,47665,0.09,0.09
201701,Alimentary Tract and Metabolism,A06,Laxatives,70705,1.46,734218,1.37,1.37
201701,Alimentary Tract and Metabolism,A07,Antidiarrheals Intestinal Antiinflammatory/Antiinfective Agents,22921,0.47,663585,1.24,1.24
201701,Alimentary Tract and Metabolism,A09,Digestives Incl. Enzymes,1853,0.04,97403,0.18,0.18
201701,Alimentary Tract and Metabolism,A10,Drugs Used In Diabetes,56058,1.15,1077289,2.01,2.01
201701,Alimentary Tract and Metabolism,A11,Vitamins,45430,0.94,268205,0.5,0.5
201701,Alimentary Tract and Metabolism,A12,Mineral Supplements,96937,2,508605,0.95,0.95
201701,Alimentary Tract and Metabolism,A14,Anabolic Agents For Systemic Use,28,0,402,0,0
201701,Alimentary Tract and Metabolism,,,,,,,
201701,Antiinfectives For Systemic Use,J01,Antibacterials For Systemic Use,250065,5.15,1386502,2.59,2.59
201701,Antiinfectives For Systemic Use,J02,Antimycotics For Systemic Use,9251,0.19,81373,0.15,0.15
201701,Antiinfectives For Systemic Use,J04,Antimycobacterials,660,0.01,16054,0.03,0.03
201701,Antiinfectives For Systemic Use,J05,Antivirals For Systemic Use,7519,0.15,250466,0.47,0.47
201701,Antiinfectives For Systemic Use,,,,,,,
201701,Antineoplastic and Immunomodulating Agents,L01,Antineoplastic Agents,3448,0.07,178325,0.33,0.33
201701,Antineoplastic and Immunomodulating Agents,L02,Endocrine Therapy,9208,0.19,203880,0.38,0.38
201701,Antineoplastic and Immunomodulating Agents,L04,Immunosuppressive Agents,15376,0.32,130074,0.24,0.24
201701,Antineoplastic and Immunomodulating Agents,,,,,,,
201701,Antiparasitic Products Insecticides and Repellents,P01,Antiprotozoals,9085,0.19,50226,0.09,0.09
201701,Antiparasitic Products Insecticides and Repellents,P02,Anthelmintics,683,0.01,2792,0.01,0.01
201701,Antiparasitic Products Insecticides and Repellents,P03,Ectoparasiticides Incl. Scabicides Insecticides and Repellents,1932,0.04,26382,0.05,0.05
201701,Antiparasitic Products Insecticides and Repellents,,,,,,,
201701,Blood and Blood Forming Organs,B01,Antithrombotic Agents,274056,5.64,3274609,6.11,6.11
201701,Blood and Blood Forming Organs,B02,Antihemorrhagics,1518,0.03,18920,0.04,0.04
201701,Blood and Blood Forming Organs,B03,Antianemic Preparations,83131,1.71,174882,0.33,0.33
201701,Blood and Blood Forming Organs,B05,Blood Substitutes and Perfusion Solutions,1,0,1,0,0
201701,Blood and Blood Forming Organs,,,,,,,
201701,Cardiovascular System,C01,Cardiac Therapy,51317,1.06,743315,1.39,1.39
201701,Cardiovascular System,C02,Antihypertensives,16814,0.35,131801,0.25,0.25
201701,Cardiovascular System,C03,Diuretics,105953,2.18,294024,0.55,0.55
201701,Cardiovascular System,C04,Peripheral Vasodilators,2752,0.06,40533,0.08,0.08
201701,Cardiovascular System,C05,Vasoprotectives,10016,0.21,67754,0.13,0.13
201701,Cardiovascular System,C07,Beta Blocking Agents,166317,3.43,492065,0.92,0.92
201701,Cardiovascular System,C08,Calcium Channel Blockers,118200,2.43,448265,0.84,0.84
201701,Cardiovascular System,C09,Agents Acting On The Renin-Angiotensin System,248557,5.12,1839379,3.43,3.43
201701,Cardiovascular System,C10,Serum Lipid Reducing Agents,285773,5.89,2152542,4.02,4.02
201701,Cardiovascular System,,,,,,,
201701,Dermatologicals,D01,Antifungals For Dermatological Use,30408,0.63,184467,0.34,0.34
201701,Dermatologicals,D02,Emollients and Protectives,19734,0.41,53385,0.1,0.1
201701,Dermatologicals,D03,Preparations For Treatment Of Wounds and Ulcers,50,0,570,0,0
201701,Dermatologicals,D04,Antipruritics Incl. Antihistamines Anesthetics Etc.,2,0,72,0,0
201701,Dermatologicals,D05,Antipsoriatics,7059,0.15,286704,0.54,0.54
201701,Dermatologicals,D06,Antibiotics and Chemotherapeutics For Dermatological Use,10208,0.21,83662,0.16,0.16
201701,Dermatologicals,D07,Corticosteroids Dermatological Preparations,43642,0.9,230584,0.43,0.43
201701,Dermatologicals,D10,Anti-Acne Preparations,8020,0.17,119141,0.22,0.22
201701,Dermatologicals,D11,Other Dermatological Preparations,2204,0.05,107600,0.2,0.2
201701,Dermatologicals,,,,,,,
201701,Genito Urinary System and Sex Hormones,G01,Gynecological Antiinfectives and Antiseptics,2009,0.04,11177,0.02,0.02
201701,Genito Urinary System and Sex Hormones,G02,Other Gynecologicals,2522,0.05,164479,0.31,0.31
201701,Genito Urinary System and Sex Hormones,G03,Sex Hormones and Modulators Of The Genital System,82066,1.69,630986,1.18,1.18
201701,Genito Urinary System and Sex Hormones,G04,Urologicals,100437,2.07,1968957,3.68,3.68
201701,Genito Urinary System and Sex Hormones,,,,,,,
201701,Musculo-Skeletal System,M01,Antiinflammatory and Antirheumatic Products,107784,2.22,819755,1.53,1.53
201701,Musculo-Skeletal System,M02,Topical Products For Joint and Muscular Pain,57810,1.19,398751,0.74,0.74
201701,Musculo-Skeletal System,M03,Muscle Relaxants,5254,0.11,60346,0.11,0.11
201701,Musculo-Skeletal System,M04,Antigout Preparations,30269,0.62,216034,0.4,0.4
201701,Musculo-Skeletal System,M05,Drugs For Treatment Of Bone Diseases,39054,0.8,1034306,1.93,1.93
201701,Musculo-Skeletal System,M09,Other Drugs For Disorders Of The Musculo-Skeletal System,9721,0.2,114012,0.21,0.21
201701,Musculo-Skeletal System,,,,,,,
201701,Nervous System,N01,Anesthetics,23418,0.48,1851287,3.46,3.46
201701,Nervous System,N02,Analgesics,277884,5.72,2578948,4.82,4.82
201701,Nervous System,N03,Antiepileptics,119959,2.47,3079371,5.75,5.75
201701,Nervous System,N04,Anti-Parkinson Drugs,20837,0.43,399693,0.75,0.75
201701,Nervous System,N05,Psycholeptics,312435,6.43,2676801,5,5
201701,Nervous System,N06,Psychoanaleptics,294038,6.06,2481678,4.63,4.63
201701,Nervous System,N07,Other Nervous System Drugs,32742,0.67,772380,1.44,1.44
201701,Nervous System,,,,,,,
201701,Respiratory System,R01,Nasal Preparations,42341,0.87,432940,0.81,0.81
201701,Respiratory System,R02,Throat Preparations,1,0,2,0,0
201701,Respiratory System,R03,Drugs For Obstructive Airway Diseases,289258,5.96,6258811,11.69,11.69
201701,Respiratory System,R05,Cough and Cold Preparations,35739,0.74,147886,0.28,0.28
201701,Respiratory System,R06,Antihistamines For Systemic Use,48504,1,191024,0.36,0.36
201701,Respiratory System,,,,,,,
201701,Sensory Organs,S01,Ophthalmologicals,112929,2.33,941055,1.76,1.76
201701,Sensory Organs,S02,Otologicals,2388,0.05,12308,0.02,0.02
201701,Sensory Organs,S03,Ophthalmological and Otological Preparations,5784,0.12,11872,0.02,0.02
201701,Sensory Organs,,,,,,,
201701,Systemic Hormonal Preparations Excl. Sex Hormones and Insulins,H01,Pituitary and Hypothalamic Hormones and Analogues,1102,0.02,61403,0.11,0.11
201701,Systemic Hormonal Preparations Excl. Sex Hormones and Insulins,H02,Corticosteroids For Systemic Use,73579,1.52,335809,0.63,0.63
201701,Systemic Hormonal Preparations Excl. Sex Hormones and Insulins,H03,Thyroid Therapy,144104,2.97,255526,0.48,0.48
201701,Systemic Hormonal Preparations Excl. Sex Hormones and Insulins,H04,Pancreatic Hormones,378,0.01,8668,0.02,0.02
201701,Systemic Hormonal Preparations Excl. Sex Hormones and Insulins,,,,,,,
201701,Various,V01,Allergens,70,0,5808,0.01,0.01
201701,Various,V03,All Other Therapeutic Products,1962,0.04,184563,0.34,0.34
201701,Various,V04,Diagnostic Agents,14025,0.29,459334,0.86,0.86
201701,Various,V06,General Nutrients,47739,0.98,3700950,6.91,6.91
201701,Various,V07,All Other Non-Therapeutic Products,,,,,4.7
201701,Various,V07 1,Ostomy Requisites,20851,0.43,1329794,2.48,2.48
201701,Various,V07 2,Urinary Requisites,10212,0.21,846278,1.58,1.58
201701,Various,V07 3,Needles/Syringes/Lancets,11908,0.25,150980,0.28,0.28
201701,Various,V07 4,Dressings,2311,0.05,105383,0.2,0.2
201701,Various,V07 5,Miscellaneous,5389,0.11,83494,0.16,0.16
201701,Various,,,,,,,
201702,Alimentary Tract and Metabolism,A01,Stomatological Preparations,6169,0.14,18315,0.04,0.04
201702,Alimentary Tract and Metabolism,A02,Drugs For Acid Related Disorders,309239,6.94,1803441,3.62,3.62
201702,Alimentary Tract and Metabolism,A03,Drugs For Functional Gastrointestinal Disorders,31639,0.71,112030,0.22,0.22
201702,Alimentary Tract and Metabolism,A04,Antiemetics and Antinauseants,2938,0.07,213339,0.43,0.43
201702,Alimentary Tract and Metabolism,A05,Bile and Liver Therapy,1511,0.03,44041,0.09,0.09
201702,Alimentary Tract and Metabolism,A06,Laxatives,66286,1.49,690084,1.39,1.39
201702,Alimentary Tract and Metabolism,A07,Antidiarrheals Intestinal Antiinflammatory/Antiinfective Agents,20831,0.47,626698,1.26,1.26
201702,Alimentary Tract and Metabolism,A08,Antiobesity Preparations Excl. Diet Products,1,0,31,0,0
201702,Alimentary Tract and Metabolism,A09,Digestives Incl. Enzymes,1741,0.04,89594,0.18,0.18
201702,Alimentary Tract and Metabolism,A10,Drugs Used In Diabetes,51756,1.16,996007,2,2
201702,Alimentary Tract and Metabolism,A11,Vitamins,44357,1,263985,0.53,0.53
201702,Alimentary Tract and Metabolism,A12,Mineral Supplements,90744,2.04,476654,0.96,0.96
201702,Alimentary Tract and Metabolism,A14,Anabolic Agents For Systemic Use,23,0,286,0,0
201702,Alimentary Tract and Metabolism,,,,,,,
201702,Antiinfectives For Systemic Use,J01,Antibacterials For Systemic Use,200087,4.49,1133287,2.27,2.27
201702,Antiinfectives For Systemic Use,J02,Antimycotics For Systemic Use,7678,0.17,69964,0.14,0.14
201702,Antiinfectives For Systemic Use,J04,Antimycobacterials,598,0.01,14663,0.03,0.03
201702,Antiinfectives For Systemic Use,J05,Antivirals For Systemic Use,4927,0.11,192088,0.39,0.39
201702,Antiinfectives For Systemic Use,,,,,,,
201702,Antineoplastic and Immunomodulating Agents,L01,Antineoplastic Agents,3194,0.07,168166,0.34,0.34
201702,Antineoplastic and Immunomodulating Agents,L02,Endocrine Therapy,8620,0.19,189392,0.38,0.38
201702,Antineoplastic and Immunomodulating Agents,L04,Immunosuppressive Agents,14352,0.32,121405,0.24,0.24
201702,Antineoplastic and Immunomodulating Agents,,,,,,,
201702,Antiparasitic Products Insecticides and Repellents,P01,Antiprotozoals,8455,0.19,44671,0.09,0.09
201702,Antiparasitic Products Insecticides and Repellents,P02,Anthelmintics,761,0.02,3290,0.01,0.01
201702,Antiparasitic Products Insecticides and Repellents,P03,Ectoparasiticides Incl. Scabicides Insecticides and Repellents,1533,0.03,20886,0.04,0.04
201702,Antiparasitic Products Insecticides and Repellents,,,,,,,
201702,Blood and Blood Forming Organs,B01,Antithrombotic Agents,255636,5.74,3092150,6.21,6.21
201702,Blood and Blood Forming Organs,B02,Antihemorrhagics,1318,0.03,17174,0.03,0.03
201702,Blood and Blood Forming Organs,B03,Antianemic Preparations,78706,1.77,166843,0.33,0.33
201702,Blood and Blood Forming Organs,,,,,,,
201702,Cardiovascular System,C01,Cardiac Therapy,47742,1.07,694173,1.39,1.39
201702,Cardiovascular System,C02,Antihypertensives,15657,0.35,124648,0.25,0.25
201702,Cardiovascular System,C03,Diuretics,97931,2.2,272314,0.55,0.55
201702,Cardiovascular System,C04,Peripheral Vasodilators,2676,0.06,38952,0.08,0.08
201702,Cardiovascular System,C05,Vasoprotectives,9458,0.21,64523,0.13,0.13
201702,Cardiovascular System,C07,Beta Blocking Agents,154888,3.48,460015,0.92,0.92
201702,Cardiovascular System,C08,Calcium Channel Blockers,110974,2.49,421634,0.85,0.85
201702,Cardiovascular System,C09,Agents Acting On The Renin-Angiotensin System,233037,5.23,1730691,3.47,3.47
201702,Cardiovascular System,C10,Serum Lipid Reducing Agents,267609,6.01,2024827,4.06,4.06
201702,Cardiovascular System,,,,,,,
201702,Dermatologicals,D01,Antifungals For Dermatological Use,28161,0.63,174825,0.35,0.35
201702,Dermatologicals,D02,Emollients and Protectives,18652,0.42,49955,0.1,0.1
201702,Dermatologicals,D03,Preparations For Treatment Of Wounds and Ulcers,36,0,416,0,0
201702,Dermatologicals,D04,Antipruritics Incl. Antihistamines Anesthetics Etc.,1,0,36,0,0
201702,Dermatologicals,D05,Antipsoriatics,6507,0.15,261452,0.52,0.52
201702,Dermatologicals,D06,Antibiotics and Chemotherapeutics For Dermatological Use,9520,0.21,82824,0.17,0.17
201702,Dermatologicals,D07,Corticosteroids Dermatological Preparations,41628,0.93,218876,0.44,0.44
201702,Dermatologicals,D10,Anti-Acne Preparations,7189,0.16,108580,0.22,0.22
201702,Dermatologicals,D11,Other Dermatological Preparations,2116,0.05,101399,0.2,0.2
201702,Dermatologicals,,,,,,,
201702,Genito Urinary System and Sex Hormones,G01,Gynecological Antiinfectives and Antiseptics,1776,0.04,9913,0.02,0.02
201702,Genito Urinary System and Sex Hormones,G02,Other Gynecologicals,2532,0.06,173111,0.35,0.35
201702,Genito Urinary System and Sex Hormones,G03,Sex Hormones and Modulators Of The Genital System,75258,1.69,590045,1.18,1.18
201702,Genito Urinary System and Sex Hormones,G04,Urologicals,95071,2.13,1866698,3.75,3.75
201702,Genito Urinary System and Sex Hormones,,,,,,,
201702,Musculo-Skeletal System,M01,Antiinflammatory and Antirheumatic Products,97036,2.18,751552,1.51,1.51
201702,Musculo-Skeletal System,M02,Topical Products For Joint and Muscular Pain,54216,1.22,377011,0.76,0.76
201702,Musculo-Skeletal System,M03,Muscle Relaxants,4886,0.11,55385,0.11,0.11
201702,Musculo-Skeletal System,M04,Antigout Preparations,28273,0.63,203239,0.41,0.41
201702,Musculo-Skeletal System,M05,Drugs For Treatment Of Bone Diseases,36739,0.82,1022697,2.05,2.05
201702,Musculo-Skeletal System,M09,Other Drugs For Disorders Of The Musculo-Skeletal System,9077,0.2,107740,0.22,0.22
201702,Musculo-Skeletal System,,,,,,,
201702,Nervous System,N01,Anesthetics,22480,0.5,1773142,3.56,3.56
201702,Nervous System,N02,Analgesics,251231,5.64,2401078,4.82,4.82
201702,Nervous System,N03,Antiepileptics,111666,2.51,2841801,5.7,5.7
201702,Nervous System,N04,Anti-Parkinson Drugs,19616,0.44,376416,0.76,0.76
201702,Nervous System,N05,Psycholeptics,286025,6.42,2484721,4.99,4.99
201702,Nervous System,N06,Psychoanaleptics,273559,6.14,2319770,4.66,4.66
201702,Nervous System,N07,Other Nervous System Drugs,30267,0.68,717196,1.44,1.44
201702,Nervous System,,,,,,,
201702,Respiratory System,R01,Nasal Preparations,39093,0.88,403021,0.81,0.81
201702,Respiratory System,R02,Throat Preparations,1,0,2,0,0
201702,Respiratory System,R03,Drugs For Obstructive Airway Diseases,262835,5.9,5732367,11.51,11.51
201702,Respiratory System,R05,Cough and Cold Preparations,24212,0.54,108503,0.22,0.22
201702,Respiratory System,R06,Antihistamines For Systemic Use,45339,1.02,179619,0.36,0.36
201702,Respiratory System,,,,,,,
201702,Sensory Organs,S01,Ophthalmologicals,108012,2.42,899939,1.81,1.81
201702,Sensory Organs,S02,Otologicals,2021,0.05,10452,0.02,0.02
201702,Sensory Organs,S03,Ophthalmological and Otological Preparations,5468,0.12,11055,0.02,0.02
201702,Sensory Organs,,,,,,,
201702,Systemic Hormonal Preparations Excl. Sex Hormones and Insulins,H01,Pituitary and Hypothalamic Hormones and Analogues,1066,0.02,58695,0.12,0.12
201702,Systemic Hormonal Preparations Excl. Sex Hormones and Insulins,H02,Corticosteroids For Systemic Use,58077,1.3,280414,0.56,0.56
201702,Systemic Hormonal Preparations Excl. Sex Hormones and Insulins,H03,Thyroid Therapy,135075,3.03,240399,0.48,0.48
201702,Systemic Hormonal Preparations Excl. Sex Hormones and Insulins,H04,Pancreatic Hormones,335,0.01,8205,0.02,0.02
201702,Systemic Hormonal Preparations Excl. Sex Hormones and Insulins,,,,,,,
201702,Various,V01,Allergens,78,0,6965,0.01,0.01
201702,Various,V03,All Other Therapeutic Products,1778,0.04,170328,0.34,0.34
201702,Various,V04,Diagnostic Agents,13299,0.3,430683,0.86,0.86
201702,Various,V06,General Nutrients,44199,0.99,3426496,6.88,6.88
201702,Various,V07,All Other Non-Therapeutic Products,,,,,4.78
201702,Various,V07 1,Ostomy Requisites,19892,0.45,1269539,2.55,2.55
201702,Various,V07 2,Urinary Requisites,9565,0.21,783396,1.57,1.57
201702,Various,V07 3,Needles/Syringes/Lancets,11013,0.25,141314,0.28,0.28
201702,Various,V07 4,Dressings,2364,0.05,111387,0.22,0.22
201702,Various,V07 5,Miscellaneous,4992,0.11,76828,0.15,0.15
201702,Various,,,,,,,
201703,Alimentary Tract and Metabolism,A01,Stomatological Preparations,7056,0.14,21104,0.04,0.04
201703,Alimentary Tract and Metabolism,A02,Drugs For Acid Related Disorders,343130,6.94,2000401,3.66,3.66
201703,Alimentary Tract and Metabolism,A03,Drugs For Functional Gastrointestinal Disorders,35387,0.72,126043,0.23,0.23
201703,Alimentary Tract and Metabolism,A04,Antiemetics and Antinauseants,3322,0.07,245262,0.45,0.45
201703,Alimentary Tract and Metabolism,A05,Bile and Liver Therapy,1690,0.03,49214,0.09,0.09
201703,Alimentary Tract and Metabolism,A06,Laxatives,73285,1.48,765990,1.4,1.4
201703,Alimentary Tract and Metabolism,A07,Antidiarrheals Intestinal Antiinflammatory/Antiinfective Agents,23270,0.47,687174,1.26,1.26
201703,Alimentary Tract and Metabolism,A09,Digestives Incl. Enzymes,1896,0.04,99004,0.18,0.18
201703,Alimentary Tract and Metabolism,A10,Drugs Used In Diabetes,56401,1.14,1075345,1.97,1.97
201703,Alimentary Tract and Metabolism,A11,Vitamins,51518,1.04,308067,0.56,0.56
201703,Alimentary Tract and Metabolism,A12,Mineral Supplements,100477,2.03,528051,0.97,0.97
201703,Alimentary Tract and Metabolism,A14,Anabolic Agents For Systemic Use,27,0,334,0,0
201703,Alimentary Tract and Metabolism,,,,,,,
201703,Antiinfectives For Systemic Use,J01,Antibacterials For Systemic Use,220737,4.47,1255660,2.29,2.29
201703,Antiinfectives For Systemic Use,J02,Antimycotics For Systemic Use,8664,0.18,80973,0.15,0.15
201703,Antiinfectives For Systemic Use,J04,Antimycobacterials,739,0.01,16658,0.03,0.03
201703,Antiinfectives For Systemic Use,J05,Antivirals For Systemic Use,5218,0.11,211453,0.39,0.39
201703,Antiinfectives For Systemic Use,,,,,,,
201703,Antineoplastic and Immunomodulating Agents,L01,Antineoplastic Agents,3537,0.07,183962,0.34,0.34
201703,Antineoplastic and Immunomodulating Agents,L02,Endocrine Therapy,9583,0.19,201520,0.37,0.37
201703,Antineoplastic and Immunomodulating Agents,L04,Immunosuppressive Agents,15795,0.32,133290,0.24,0.24
201703,Antineoplastic and Immunomodulating Agents,,,,,,,
201703,Antiparasitic Products Insecticides and Repellents,P01,Antiprotozoals,9376,0.19,52817,0.1,0.1
201703,Antiparasitic Products Insecticides and Repellents,P02,Anthelmintics,704,0.01,3255,0.01,0.01
201703,Antiparasitic Products Insecticides and Repellents,P03,Ectoparasiticides Incl. Scabicides Insecticides and Repellents,1703,0.03,22615,0.04,0.04
201703,Antiparasitic Products Insecticides and Repellents,,,,,,,
201703,Blood and Blood Forming Organs,B01,Antithrombotic Agents,281892,5.7,3442369,6.29,6.29
201703,Blood and Blood Forming Organs,B02,Antihemorrhagics,1578,0.03,19869,0.04,0.04
201703,Blood and Blood Forming Organs,B03,Antianemic Preparations,87880,1.78,184537,0.34,0.34
201703,Blood and Blood Forming Organs,B05,Blood Substitutes and Perfusion Solutions,4,0,86,0,0
201703,Blood and Blood Forming Organs,,,,,,,
201703,Cardiovascular System,C01,Cardiac Therapy,52612,1.06,785100,1.43,1.43
201703,Cardiovascular System,C02,Antihypertensives,17176,0.35,137268,0.25,0.25
201703,Cardiovascular System,C03,Diuretics,108422,2.19,304201,0.56,0.56
201703,Cardiovascular System,C04,Peripheral Vasodilators,2888,0.06,43191,0.08,0.08
201703,Cardiovascular System,C05,Vasoprotectives,10503,0.21,70760,0.13,0.13
201703,Cardiovascular System,C07,Beta Blocking Agents,170802,3.46,505644,0.92,0.92
201703,Cardiovascular System,C08,Calcium Channel Blockers,123017,2.49,467592,0.85,0.85
201703,Cardiovascular System,C09,Agents Acting On The Renin-Angiotensin System,258204,5.22,1911575,3.49,3.49
201703,Cardiovascular System,C10,Serum Lipid Reducing Agents,296813,6,2243536,4.1,4.1
201703,Cardiovascular System,,,,,,,
201703,Dermatologicals,D01,Antifungals For Dermatological Use,32287,0.65,198047,0.36,0.36
201703,Dermatologicals,D02,Emollients and Protectives,21130,0.43,56889,0.1,0.1
201703,Dermatologicals,D03,Preparations For Treatment Of Wounds and Ulcers,50,0,678,0,0
201703,Dermatologicals,D04,Antipruritics Incl. Antihistamines Anesthetics Etc.,3,0,108,0,0
201703,Dermatologicals,D05,Antipsoriatics,7364,0.15,289555,0.53,0.53
201703,Dermatologicals,D06,Antibiotics and Chemotherapeutics For Dermatological Use,11274,0.23,91204,0.17,0.17
201703,Dermatologicals,D07,Corticosteroids Dermatological Preparations,47582,0.96,249042,0.46,0.46
201703,Dermatologicals,D10,Anti-Acne Preparations,8339,0.17,125148,0.23,0.23
201703,Dermatologicals,D11,Other Dermatological Preparations,2483,0.05,118248,0.22,0.22
201703,Dermatologicals,,,,,,,
201703,Genito Urinary System and Sex Hormones,G01,Gynecological Antiinfectives and Antiseptics,1901,0.04,10414,0.02,0.02
201703,Genito Urinary System and Sex Hormones,G02,Other Gynecologicals,2751,0.06,181968,0.33,0.33
201703,Genito Urinary System and Sex Hormones,G03,Sex Hormones and Modulators Of The Genital System,84003,1.7,644969,1.18,1.18
201703,Genito Urinary System and Sex Hormones,G04,Urologicals,104229,2.11,2052153,3.75,3.75
201703,Genito Urinary System and Sex Hormones,,,,,,,
201703,Musculo-Skeletal System,M01,Antiinflammatory and Antirheumatic Products,110253,2.23,851165,1.56,1.56
201703,Musculo-Skeletal System,M02,Topical Products For Joint and Muscular Pain,61086,1.24,426795,0.78,0.78
201703,Musculo-Skeletal System,M03,Muscle Relaxants,5552,0.11,60441,0.11,0.11
201703,Musculo-Skeletal System,M04,Antigout Preparations,31646,0.64,226888,0.41,0.41
201703,Musculo-Skeletal System,M05,Drugs For Treatment Of Bone Diseases,40333,0.82,1143403,2.09,2.09
201703,Musculo-Skeletal System,M09,Other Drugs For Disorders Of The Musculo-Skeletal System,9931,0.2,111207,0.2,0.2
201703,Musculo-Skeletal System,,,,,,,
201703,Nervous System,N01,Anesthetics,25277,0.51,1979016,3.62,3.62
201703,Nervous System,N02,Analgesics,281428,5.69,2690913,4.92,4.92
201703,Nervous System,N03,Antiepileptics,123155,2.49,3134398,5.73,5.73
201703,Nervous System,N04,Anti-Parkinson Drugs,21668,0.44,409594,0.75,0.75
201703,Nervous System,N05,Psycholeptics,317060,6.41,2461379,4.5,4.5
201703,Nervous System,N06,Psychoanaleptics,303231,6.13,2453821,4.48,4.48
201703,Nervous System,N07,Other Nervous System Drugs,33136,0.67,801500,1.46,1.46
201703,Nervous System,,,,,,,
201703,Respiratory System,R01,Nasal Preparations,43985,0.89,453236,0.83,0.83
201703,Respiratory System,R03,Drugs For Obstructive Airway Diseases,289744,5.86,6347071,11.6,11.6
201703,Respiratory System,R05,Cough and Cold Preparations,25242,0.51,116626,0.21,0.21
201703,Respiratory System,R06,Antihistamines For Systemic Use,52989,1.07,211404,0.39,0.39
201703,Respiratory System,,,,,,,
201703,Sensory Organs,S01,Ophthalmologicals,120387,2.44,996733,1.82,1.82
201703,Sensory Organs,S02,Otologicals,2199,0.04,11418,0.02,0.02
201703,Sensory Organs,S03,Ophthalmological and Otological Preparations,5361,0.11,10509,0.02,0.02
201703,Sensory Organs,,,,,,,
201703,Systemic Hormonal Preparations Excl. Sex Hormones and Insulins,H01,Pituitary and Hypothalamic Hormones and Analogues,1191,0.02,64477,0.12,0.12
201703,Systemic Hormonal Preparations Excl. Sex Hormones and Insulins,H02,Corticosteroids For Systemic Use,63004,1.27,306115,0.56,0.56
201703,Systemic Hormonal Preparations Excl. Sex Hormones and Insulins,H03,Thyroid Therapy,149954,3.03,266775,0.49,0.49
201703,Systemic Hormonal Preparations Excl. Sex Hormones and Insulins,H04,Pancreatic Hormones,340,0.01,7736,0.01,0.01
201703,Systemic Hormonal Preparations Excl. Sex Hormones and Insulins,,,,,,,
201703,Various,V01,Allergens,83,0,6833,0.01,0.01
201703,Various,V03,All Other Therapeutic Products,2004,0.04,191235,0.35,0.35
201703,Various,V04,Diagnostic Agents,13852,0.28,447666,0.82,0.82
201703,Various,V06,General Nutrients,48764,0.99,3753281,6.86,6.86
201703,Various,V07,All Other Non-Therapeutic Products,,,,,4.7
201703,Various,V07 1,Ostomy Requisites,21779,0.44,1377435,2.52,2.52
201703,Various,V07 2,Urinary Requisites,10400,0.21,865496,1.58,1.58
201703,Various,V07 3,Needles/Syringes/Lancets,11657,0.24,147266,0.27,0.27
201703,Various,V07 4,Dressings,2124,0.04,98228,0.18,0.18
201703,Various,V07 5,Miscellaneous,5274,0.11,81548,0.15,0.15
201703,Various,,,,,,,
201704,Alimentary Tract and Metabolism,A01,Stomatological Preparations,6242,0.14,18582,0.04,0.04
201704,Alimentary Tract and Metabolism,A02,Drugs For Acid Related Disorders,315983,6.97,1848797,3.7,3.7
201704,Alimentary Tract and Metabolism,A03,Drugs For Functional Gastrointestinal Disorders,31492,0.69,114422,0.23,0.23
201704,Alimentary Tract and Metabolism,A04,Antiemetics and Antinauseants,3017,0.07,217428,0.43,0.43
201704,Alimentary Tract and Metabolism,A05,Bile and Liver Therapy,1570,0.03,45976,0.09,0.09
201704,Alimentary Tract and Metabolism,A06,Laxatives,66428,1.47,702661,1.41,1.41
201704,Alimentary Tract and Metabolism,A07,Antidiarrheals Intestinal Antiinflammatory/Antiinfective Agents,21263,0.47,634609,1.27,1.27
201704,Alimentary Tract and Metabolism,A09,Digestives Incl. Enzymes,1820,0.04,94450,0.19,0.19
201704,Alimentary Tract and Metabolism,A10,Drugs Used In Diabetes,51895,1.14,983811,1.97,1.97
201704,Alimentary Tract and Metabolism,A11,Vitamins,48441,1.07,288420,0.58,0.58
201704,Alimentary Tract and Metabolism,A12,Mineral Supplements,93613,2.06,490992,0.98,0.98
201704,Alimentary Tract and Metabolism,A14,Anabolic Agents For Systemic Use,32,0,367,0,0
201704,Alimentary Tract and Metabolism,,,,,,,
201704,Antiinfectives For Systemic Use,J01,Antibacterials For Systemic Use,192673,4.25,1110814,2.22,2.22
201704,Antiinfectives For Systemic Use,J02,Antimycotics For Systemic Use,7817,0.17,73353,0.15,0.15
201704,Antiinfectives For Systemic Use,J04,Antimycobacterials,619,0.01,15038,0.03,0.03
201704,Antiinfectives For Systemic Use,J05,Antivirals For Systemic Use,4631,0.1,185255,0.37,0.37
201704,Antiinfectives For Systemic Use,,,,,,,
201704,Antineoplastic and Immunomodulating Agents,L01,Antineoplastic Agents,3151,0.07,168098,0.34,0.34
201704,Antineoplastic and Immunomodulating Agents,L02,Endocrine Therapy,8947,0.2,187473,0.37,0.37
201704,Antineoplastic and Immunomodulating Agents,L04,Immunosuppressive Agents,14750,0.33,127723,0.26,0.26
201704,Antineoplastic and Immunomodulating Agents,,,,,,,
201704,Antiparasitic Products Insecticides and Repellents,P01,Antiprotozoals,8514,0.19,47241,0.09,0.09
201704,Antiparasitic Products Insecticides and Repellents,P02,Anthelmintics,571,0.01,3264,0.01,0.01
201704,Antiparasitic Products Insecticides and Repellents,P03,Ectoparasiticides Incl. Scabicides Insecticides and Repellents,1384,0.03,19449,0.04,0.04
201704,Antiparasitic Products Insecticides and Repellents,,,,,,,
201704,Blood and Blood Forming Organs,B01,Antithrombotic Agents,262169,5.78,3236663,6.47,6.47
201704,Blood and Blood Forming Organs,B02,Antihemorrhagics,1321,0.03,16680,0.03,0.03
201704,Blood and Blood Forming Organs,B03,Antianemic Preparations,81100,1.79,171907,0.34,0.34
201704,Blood and Blood Forming Organs,B05,Blood Substitutes and Perfusion Solutions,1,0,67,0,0
201704,Blood and Blood Forming Organs,,,,,,,
201704,Cardiovascular System,C01,Cardiac Therapy,48967,1.08,737743,1.48,1.48
201704,Cardiovascular System,C02,Antihypertensives,16041,0.35,129382,0.26,0.26
201704,Cardiovascular System,C03,Diuretics,101152,2.23,282361,0.56,0.56
201704,Cardiovascular System,C04,Peripheral Vasodilators,2689,0.06,40785,0.08,0.08
201704,Cardiovascular System,C05,Vasoprotectives,9128,0.2,64310,0.13,0.13
201704,Cardiovascular System,C07,Beta Blocking Agents,158975,3.51,466380,0.93,0.93
201704,Cardiovascular System,C08,Calcium Channel Blockers,114910,2.53,434813,0.87,0.87
201704,Cardiovascular System,C09,Agents Acting On The Renin-Angiotensin System,239586,5.28,1663329,3.33,3.33
201704,Cardiovascular System,C10,Serum Lipid Reducing Agents,275711,6.08,2093423,4.19,4.19
201704,Cardiovascular System,,,,,,,
201704,Dermatologicals,D01,Antifungals For Dermatological Use,28132,0.62,176117,0.35,0.35
201704,Dermatologicals,D02,Emollients and Protectives,18783,0.41,51066,0.1,0.1
201704,Dermatologicals,D03,Preparations For Treatment Of Wounds and Ulcers,36,0,416,0,0
201704,Dermatologicals,D04,Antipruritics Incl. Antihistamines Anesthetics Etc.,1,0,36,0,0
201704,Dermatologicals,D05,Antipsoriatics,6693,0.15,270069,0.54,0.54
201704,Dermatologicals,D06,Antibiotics and Chemotherapeutics For Dermatological Use,9711,0.21,83505,0.17,0.17
201704,Dermatologicals,D07,Corticosteroids Dermatological Preparations,41943,0.93,220863,0.44,0.44
201704,Dermatologicals,D10,Anti-Acne Preparations,7201,0.16,107839,0.22,0.22
201704,Dermatologicals,D11,Other Dermatological Preparations,2271,0.05,108159,0.22,0.22
201704,Dermatologicals,,,,,,,
201704,Genito Urinary System and Sex Hormones,G01,Gynecological Antiinfectives and Antiseptics,1723,0.04,9260,0.02,0.02
201704,Genito Urinary System and Sex Hormones,G02,Other Gynecologicals,2295,0.05,147537,0.3,0.3
201704,Genito Urinary System and Sex Hormones,G03,Sex Hormones and Modulators Of The Genital System,76867,1.7,583602,1.17,1.17
201704,Genito Urinary System and Sex Hormones,G04,Urologicals,91989,2.03,1675556,3.35,3.35
201704,Genito Urinary System and Sex Hormones,,,,,,,
201704,Musculo-Skeletal System,M01,Antiinflammatory and Antirheumatic Products,98984,2.18,776933,1.55,1.55
201704,Musculo-Skeletal System,M02,Topical Products For Joint and Muscular Pain,56204,1.24,395062,0.79,0.79
201704,Musculo-Skeletal System,M03,Muscle Relaxants,5029,0.11,56228,0.11,0.11
201704,Musculo-Skeletal System,M04,Antigout Preparations,29539,0.65,215087,0.43,0.43
201704,Musculo-Skeletal System,M05,Drugs For Treatment Of Bone Diseases,37080,0.82,1036244,2.07,2.07
201704,Musculo-Skeletal System,M09,Other Drugs For Disorders Of The Musculo-Skeletal System,9299,0.21,105319,0.21,0.21
201704,Musculo-Skeletal System,,,,,,,
201704,Nervous System,N01,Anesthetics,23578,0.52,1860794,3.72,3.72
201704,Nervous System,N02,Analgesics,257634,5.68,2449232,4.9,4.9
201704,Nervous System,N03,Antiepileptics,113483,2.5,2892206,5.78,5.78
201704,Nervous System,N04,Anti-Parkinson Drugs,20067,0.44,379129,0.76,0.76
201704,Nervous System,N05,Psycholeptics,289654,6.39,2244052,4.49,4.49
201704,Nervous System,N06,Psychoanaleptics,278648,6.15,2179830,4.36,4.36
201704,Nervous System,N07,Other Nervous System Drugs,29400,0.65,694298,1.39,1.39
201704,Nervous System,,,,,,,
201704,Respiratory System,R01,Nasal Preparations,41471,0.91,434403,0.87,0.87
201704,Respiratory System,R03,Drugs For Obstructive Airway Diseases,264761,5.84,5839222,11.68,11.68
201704,Respiratory System,R05,Cough and Cold Preparations,21717,0.48,103217,0.21,0.21
201704,Respiratory System,R06,Antihistamines For Systemic Use,52362,1.15,209302,0.42,0.42
201704,Respiratory System,,,,,,,
201704,Sensory Organs,S01,Ophthalmologicals,110775,2.44,930515,1.86,1.86
201704,Sensory Organs,S02,Otologicals,1952,0.04,10112,0.02,0.02
201704,Sensory Organs,S03,Ophthalmological and Otological Preparations,4101,0.09,8006,0.02,0.02
201704,Sensory Organs,,,,,,,
201704,Systemic Hormonal Preparations Excl. Sex Hormones and Insulins,H01,Pituitary and Hypothalamic Hormones and Analogues,1054,0.02,57380,0.11,0.11
201704,Systemic Hormonal Preparations Excl. Sex Hormones and Insulins,H02,Corticosteroids For Systemic Use,56359,1.24,276873,0.55,0.55
201704,Systemic Hormonal Preparations Excl. Sex Hormones and Insulins,H03,Thyroid Therapy,139788,3.08,249503,0.5,0.5
201704,Systemic Hormonal Preparations Excl. Sex Hormones and Insulins,H04,Pancreatic Hormones,289,0.01,6681,0.01,0.01
201704,Systemic Hormonal Preparations Excl. Sex Hormones and Insulins,,,,,,,
201704,Various,V01,Allergens,76,0,6670,0.01,0.01
201704,Various,V03,All Other Therapeutic Products,1885,0.04,182711,0.37,0.37
201704,Various,V04,Diagnostic Agents,12705,0.28,410173,0.82,0.82
201704,Various,V06,General Nutrients,44517,0.98,3446516,6.89,6.89
201704,Various,V07,All Other Non-Therapeutic Products,,,,,4.79
201704,Various,V07 1,Ostomy Requisites,20548,0.45,1299302,2.6,2.6
201704,Various,V07 2,Urinary Requisites,9369,0.21,792638,1.59,1.59
201704,Various,V07 3,Needles/Syringes/Lancets,10299,0.23,132475,0.26,0.26
201704,Various,V07 4,Dressings,2180,0.05,95499,0.19,0.19
201704,Various,V07 5,Miscellaneous,4821,0.11,74560,0.15,0.15
201704,Various,,,,,,,
201705,Alimentary Tract and Metabolism,A01,Stomatological Preparations,7083,0.15,21377,0.04,0.04
201705,Alimentary Tract and Metabolism,A02,Drugs For Acid Related Disorders,337742,6.93,1974122,3.65,3.65
201705,Alimentary Tract and Metabolism,A03,Drugs For Functional Gastrointestinal Disorders,34622,0.71,124112,0.23,0.23
201705,Alimentary Tract and Metabolism,A04,Antiemetics and Antinauseants,3450,0.07,252674,0.47,0.47
201705,Alimentary Tract and Metabolism,A05,Bile and Liver Therapy,1683,0.03,49426,0.09,0.09
201705,Alimentary Tract and Metabolism,A06,Laxatives,72615,1.49,761828,1.41,1.41
201705,Alimentary Tract and Metabolism,A07,Antidiarrheals Intestinal Antiinflammatory/Antiinfective Agents,23455,0.48,682302,1.26,1.26
201705,Alimentary Tract and Metabolism,A09,Digestives Incl. Enzymes,1875,0.04,98857,0.18,0.18
201705,Alimentary Tract and Metabolism,A10,Drugs Used In Diabetes,54609,1.12,1045048,1.93,1.93
201705,Alimentary Tract and Metabolism,A11,Vitamins,53020,1.09,311835,0.58,0.58
201705,Alimentary Tract and Metabolism,A12,Mineral Supplements,99695,2.05,524542,0.97,0.97
201705,Alimentary Tract and Metabolism,A14,Anabolic Agents For Systemic Use,25,0,364,0,0
201705,Alimentary Tract and Metabolism,,,,,,,
201705,Antiinfectives For Systemic Use,J01,Antibacterials For Systemic Use,203248,4.17,1173248,2.17,2.17
201705,Antiinfectives For Systemic Use,J02,Antimycotics For Systemic Use,8633,0.18,83240,0.15,0.15
201705,Antiinfectives For Systemic Use,J04,Antimycobacterials,662,0.01,14523,0.03,0.03
201705,Antiinfectives For Systemic Use,J05,Antivirals For Systemic Use,5108,0.1,210962,0.39,0.39
201705,Antiinfectives For Systemic Use,,,,,,,
201705,Antineoplastic and Immunomodulating Agents,L01,Antineoplastic Agents,3608,0.07,184960,0.34,0.34
201705,Antineoplastic and Immunomodulating Agents,L02,Endocrine Therapy,9487,0.19,199991,0.37,0.37
201705,Antineoplastic and Immunomodulating Agents,L04,Immunosuppressive Agents,15715,0.32,140187,0.26,0.26
201705,Antineoplastic and Immunomodulating Agents,,,,,,,
201705,Antiparasitic Products Insecticides and Repellents,P01,Antiprotozoals,9329,0.19,56199,0.1,0.1
201705,Antiparasitic Products Insecticides and Repellents,P02,Anthelmintics,624,0.01,2236,0,0
201705,Antiparasitic Products Insecticides and Repellents,P03,Ectoparasiticides Incl. Scabicides Insecticides and Repellents,1296,0.03,18137,0.03,0.03
201705,Antiparasitic Products Insecticides and Repellents,,,,,,,
201705,Blood and Blood Forming Organs,B01,Antithrombotic Agents,277773,5.7,3524000,6.52,6.52
201705,Blood and Blood Forming Organs,B02,Antihemorrhagics,1478,0.03,19085,0.04,0.04
201705,Blood and Blood Forming Organs,B03,Antianemic Preparations,87763,1.8,194195,0.36,0.36
201705,Blood and Blood Forming Organs,B05,Blood Substitutes and Perfusion Solutions,3,0,134,0,0
201705,Blood and Blood Forming Organs,,,,,,,
201705,Cardiovascular System,C01,Cardiac Therapy,52045,1.07,785842,1.45,1.45
201705,Cardiovascular System,C02,Antihypertensives,16820,0.35,136656,0.25,0.25
201705,Cardiovascular System,C03,Diuretics,108705,2.23,301696,0.56,0.56
201705,Cardiovascular System,C04,Peripheral Vasodilators,2711,0.06,41812,0.08,0.08
201705,Cardiovascular System,C05,Vasoprotectives,10292,0.21,69253,0.13,0.13
201705,Cardiovascular System,C07,Beta Blocking Agents,168104,3.45,496105,0.92,0.92
201705,Cardiovascular System,C08,Calcium Channel Blockers,121450,2.49,456817,0.84,0.84
201705,Cardiovascular System,C09,Agents Acting On The Renin-Angiotensin System,253540,5.2,1754367,3.24,3.24
201705,Cardiovascular System,C10,Serum Lipid Reducing Agents,291558,5.98,2210271,4.09,4.09
201705,Cardiovascular System,,,,,,,
201705,Dermatologicals,D01,Antifungals For Dermatological Use,32954,0.68,210275,0.39,0.39
201705,Dermatologicals,D02,Emollients and Protectives,21031,0.43,57213,0.11,0.11
201705,Dermatologicals,D03,Preparations For Treatment Of Wounds and Ulcers,62,0,687,0,0
201705,Dermatologicals,D04,Antipruritics Incl. Antihistamines Anesthetics Etc.,2,0,72,0,0
201705,Dermatologicals,D05,Antipsoriatics,7490,0.15,294665,0.54,0.54
201705,Dermatologicals,D06,Antibiotics and Chemotherapeutics For Dermatological Use,11357,0.23,91922,0.17,0.17
201705,Dermatologicals,D07,Corticosteroids Dermatological Preparations,47763,0.98,252340,0.47,0.47
201705,Dermatologicals,D10,Anti-Acne Preparations,7619,0.16,114745,0.21,0.21
201705,Dermatologicals,D11,Other Dermatological Preparations,2648,0.05,127114,0.24,0.24
201705,Dermatologicals,,,,,,,
201705,Genito Urinary System and Sex Hormones,G01,Gynecological Antiinfectives and Antiseptics,1958,0.04,10938,0.02,0.02
201705,Genito Urinary System and Sex Hormones,G02,Other Gynecologicals,2662,0.05,182376,0.34,0.34
201705,Genito Urinary System and Sex Hormones,G03,Sex Hormones and Modulators Of The Genital System,83017,1.7,577438,1.07,1.07
201705,Genito Urinary System and Sex Hormones,G04,Urologicals,98856,2.03,1788804,3.31,3.31
201705,Genito Urinary System and Sex Hormones,,,,,,,
201705,Musculo-Skeletal System,M01,Antiinflammatory and Antirheumatic Products,107251,2.2,840998,1.56,1.56
201705,Musculo-Skeletal System,M02,Topical Products For Joint and Muscular Pain,62301,1.28,440066,0.81,0.81
201705,Musculo-Skeletal System,M03,Muscle Relaxants,5512,0.11,59725,0.11,0.11
201705,Musculo-Skeletal System,M04,Antigout Preparations,31505,0.65,228406,0.42,0.42
201705,Musculo-Skeletal System,M05,Drugs For Treatment Of Bone Diseases,39632,0.81,1207439,2.23,2.23
201705,Musculo-Skeletal System,M09,Other Drugs For Disorders Of The Musculo-Skeletal System,10181,0.21,125811,0.23,0.23
201705,Musculo-Skeletal System,,,,,,,
201705,Nervous System,N01,Anesthetics,26075,0.53,2044859,3.78,3.78
201705,Nervous System,N02,Analgesics,276514,5.67,2644119,4.89,4.89
201705,Nervous System,N03,Antiepileptics,121933,2.5,3093588,5.72,5.72
201705,Nervous System,N04,Anti-Parkinson Drugs,21703,0.45,402731,0.74,0.74
201705,Nervous System,N05,Psycholeptics,310032,6.36,2421829,4.48,4.48
201705,Nervous System,N06,Psychoanaleptics,299652,6.15,2337719,4.32,4.32
201705,Nervous System,N07,Other Nervous System Drugs,31531,0.65,752480,1.39,1.39
201705,Nervous System,,,,,,,
201705,Respiratory System,R01,Nasal Preparations,47683,0.98,500508,0.93,0.93
201705,Respiratory System,R03,Drugs For Obstructive Airway Diseases,284075,5.83,6249751,11.56,11.56
201705,Respiratory System,R05,Cough and Cold Preparations,21858,0.45,106518,0.2,0.2
201705,Respiratory System,R06,Antihistamines For Systemic Use,64958,1.33,262215,0.48,0.48
201705,Respiratory System,,,,,,,
201705,Sensory Organs,S01,Ophthalmologicals,120981,2.48,1005684,1.86,1.86
201705,Sensory Organs,S02,Otologicals,2284,0.05,11828,0.02,0.02
201705,Sensory Organs,S03,Ophthalmological and Otological Preparations,3899,0.08,7685,0.01,0.01
201705,Sensory Organs,,,,,,,
201705,Systemic Hormonal Preparations Excl. Sex Hormones and Insulins,H01,Pituitary and Hypothalamic Hormones and Analogues,1133,0.02,62171,0.11,0.11
201705,Systemic Hormonal Preparations Excl. Sex Hormones and Insulins,H02,Corticosteroids For Systemic Use,60671,1.24,298481,0.55,0.55
201705,Systemic Hormonal Preparations Excl. Sex Hormones and Insulins,H03,Thyroid Therapy,148581,3.05,264401,0.49,0.49
201705,Systemic Hormonal Preparations Excl. Sex Hormones and Insulins,H04,Pancreatic Hormones,347,0.01,7961,0.01,0.01
201705,Systemic Hormonal Preparations Excl. Sex Hormones and Insulins,,,,,,,
201705,Various,V01,Allergens,85,0,7060,0.01,0.01
201705,Various,V03,All Other Therapeutic Products,1981,0.04,170208,0.31,0.31
201705,Various,V04,Diagnostic Agents,13649,0.28,442921,0.82,0.82
201705,Various,V06,General Nutrients,49744,1.02,3828788,7.08,7.08
201705,Various,V07,All Other Non-Therapeutic Products,,,,,4.86
201705,Various,V07 1,Ostomy Requisites,22520,0.46,1411738,2.61,2.61
201705,Various,V07 2,Urinary Requisites,10397,0.21,867785,1.6,1.6
201705,Various,V07 3,Needles/Syringes/Lancets,10934,0.22,137160,0.25,0.25
201705,Various,V07 4,Dressings,2752,0.06,127895,0.24,0.24
201705,Various,V07 5,Miscellaneous,5270,0.11,82577,0.15,0.15
201705,Various,,,,,,,
201706,Alimentary Tract and Metabolism,A01,Stomatological Preparations,6706,0.14,20159,0.04,0.04
201706,Alimentary Tract and Metabolism,A02,Drugs For Acid Related Disorders,334751,6.98,1962034,3.68,3.68
201706,Alimentary Tract and Metabolism,A03,Drugs For Functional Gastrointestinal Disorders,33478,0.7,124132,0.23,0.23
201706,Alimentary Tract and Metabolism,A04,Antiemetics and Antinauseants,3339,0.07,244154,0.46,0.46
201706,Alimentary Tract and Metabolism,A05,Bile and Liver Therapy,1638,0.03,48063,0.09,0.09
201706,Alimentary Tract and Metabolism,A06,Laxatives,70412,1.47,738209,1.38,1.38
201706,Alimentary Tract and Metabolism,A07,Antidiarrheals Intestinal Antiinflammatory/Antiinfective Agents,23007,0.48,694141,1.3,1.3
201706,Alimentary Tract and Metabolism,A09,Digestives Incl. Enzymes,1887,0.04,102470,0.19,0.19
201706,Alimentary Tract and Metabolism,A10,Drugs Used In Diabetes,53402,1.11,1014594,1.9,1.9
201706,Alimentary Tract and Metabolism,A11,Vitamins,52992,1.1,308325,0.58,0.58
201706,Alimentary Tract and Metabolism,A12,Mineral Supplements,99088,2.07,521516,0.98,0.98
201706,Alimentary Tract and Metabolism,A14,Anabolic Agents For Systemic Use,30,0,395,0,0
201706,Alimentary Tract and Metabolism,,,,,,,
201706,Antiinfectives For Systemic Use,J01,Antibacterials For Systemic Use,185649,3.87,1101285,2.06,2.06
201706,Antiinfectives For Systemic Use,J02,Antimycotics For Systemic Use,8296,0.17,80549,0.15,0.15
201706,Antiinfectives For Systemic Use,J04,Antimycobacterials,685,0.01,16325,0.03,0.03
201706,Antiinfectives For Systemic Use,J05,Antivirals For Systemic Use,5103,0.11,210672,0.39,0.39
201706,Antiinfectives For Systemic Use,,,,,,,
201706,Antineoplastic and Immunomodulating Agents,L01,Antineoplastic Agents,3511,0.07,180109,0.34,0.34
201706,Antineoplastic and Immunomodulating Agents,L02,Endocrine Therapy,9386,0.2,199714,0.37,0.37
201706,Antineoplastic and Immunomodulating Agents,L04,Immunosuppressive Agents,15695,0.33,146775,0.28,0.28
201706,Antineoplastic and Immunomodulating Agents,,,,,,,
201706,Antiparasitic Products Insecticides and Repellents,P01,Antiprotozoals,9834,0.21,80250,0.15,0.15
201706,Antiparasitic Products Insecticides and Repellents,P02,Anthelmintics,625,0.01,2506,0,0
201706,Antiparasitic Products Insecticides and Repellents,P03,Ectoparasiticides Incl. Scabicides Insecticides and Repellents,1071,0.02,13954,0.03,0.03
201706,Antiparasitic Products Insecticides and Repellents,,,,,,,
201706,Blood and Blood Forming Organs,B01,Antithrombotic Agents,274860,5.73,3525174,6.61,6.61
201706,Blood and Blood Forming Organs,B02,Antihemorrhagics,1448,0.03,18201,0.03,0.03
201706,Blood and Blood Forming Organs,B03,Antianemic Preparations,88753,1.85,194966,0.37,0.37
201706,Blood and Blood Forming Organs,B05,Blood Substitutes and Perfusion Solutions,4,0,71,0,0
201706,Blood and Blood Forming Organs,,,,,,,
201706,Cardiovascular System,C01,Cardiac Therapy,51182,1.07,766230,1.44,1.44
201706,Cardiovascular System,C02,Antihypertensives,16823,0.35,137763,0.26,0.26
201706,Cardiovascular System,C03,Diuretics,107384,2.24,299434,0.56,0.56
201706,Cardiovascular System,C04,Peripheral Vasodilators,2669,0.06,42636,0.08,0.08
201706,Cardiovascular System,C05,Vasoprotectives,9707,0.2,65201,0.12,0.12
201706,Cardiovascular System,C07,Beta Blocking Agents,166503,3.47,461927,0.87,0.87
201706,Cardiovascular System,C08,Calcium Channel Blockers,120111,2.5,451061,0.85,0.85
201706,Cardiovascular System,C09,Agents Acting On The Renin-Angiotensin System,251709,5.25,1744784,3.27,3.27
201706,Cardiovascular System,C10,Serum Lipid Reducing Agents,289452,6.04,2198020,4.12,4.12
201706,Cardiovascular System,,,,,,,
201706,Dermatologicals,D01,Antifungals For Dermatological Use,31514,0.66,200598,0.38,0.38
201706,Dermatologicals,D02,Emollients and Protectives,19985,0.42,54544,0.1,0.1
201706,Dermatologicals,D03,Preparations For Treatment Of Wounds and Ulcers,43,0,524,0,0
201706,Dermatologicals,D04,Antipruritics Incl. Antihistamines Anesthetics Etc.,1,0,36,0,0
201706,Dermatologicals,D05,Antipsoriatics,7127,0.15,302129,0.57,0.57
201706,Dermatologicals,D06,Antibiotics and Chemotherapeutics For Dermatological Use,11113,0.23,94998,0.18,0.18
201706,Dermatologicals,D07,Corticosteroids Dermatological Preparations,45058,0.94,237910,0.45,0.45
201706,Dermatologicals,D10,Anti-Acne Preparations,7299,0.15,109063,0.2,0.2
201706,Dermatologicals,D11,Other Dermatological Preparations,2540,0.05,123249,0.23,0.23
201706,Dermatologicals,,,,,,,
201706,Genito Urinary System and Sex Hormones,G01,Gynecological Antiinfectives and Antiseptics,1867,0.04,10496,0.02,0.02
201706,Genito Urinary System and Sex Hormones,G02,Other Gynecologicals,2569,0.05,170815,0.32,0.32
201706,Genito Urinary System and Sex Hormones,G03,Sex Hormones and Modulators Of The Genital System,82610,1.72,561991,1.05,1.05
201706,Genito Urinary System and Sex Hormones,G04,Urologicals,98535,2.05,1770670,3.32,3.32
201706,Genito Urinary System and Sex Hormones,,,,,,,
201706,Musculo-Skeletal System,M01,Antiinflammatory and Antirheumatic Products,102442,2.14,810533,1.52,1.52
201706,Musculo-Skeletal System,M02,Topical Products For Joint and Muscular Pain,60554,1.26,428076,0.8,0.8
201706,Musculo-Skeletal System,M03,Muscle Relaxants,5492,0.11,60635,0.11,0.11
201706,Musculo-Skeletal System,M04,Antigout Preparations,31594,0.66,232085,0.43,0.43
201706,Musculo-Skeletal System,M05,Drugs For Treatment Of Bone Diseases,38743,0.81,1123146,2.11,2.11
201706,Musculo-Skeletal System,M09,Other Drugs For Disorders Of The Musculo-Skeletal System,10226,0.21,116329,0.22,0.22
201706,Musculo-Skeletal System,,,,,,,
201706,Nervous System,N01,Anesthetics,25792,0.54,2034885,3.81,3.81
201706,Nervous System,N02,Analgesics,270085,5.63,2624723,4.92,4.92
201706,Nervous System,N03,Antiepileptics,120182,2.51,3055316,5.73,5.73
201706,Nervous System,N04,Anti-Parkinson Drugs,21155,0.44,394599,0.74,0.74
201706,Nervous System,N05,Psycholeptics,303516,6.33,2387941,4.48,4.48
201706,Nervous System,N06,Psychoanaleptics,294989,6.15,2303260,4.32,4.32
201706,Nervous System,N07,Other Nervous System Drugs,31150,0.65,731986,1.37,1.37
201706,Nervous System,,,,,,,
201706,Respiratory System,R01,Nasal Preparations,49424,1.03,525288,0.98,0.98
201706,Respiratory System,R03,Drugs For Obstructive Airway Diseases,279493,5.83,6183255,11.59,11.59
201706,Respiratory System,R05,Cough and Cold Preparations,19225,0.4,97352,0.18,0.18
201706,Respiratory System,R06,Antihistamines For Systemic Use,71204,1.48,293162,0.55,0.55
201706,Respiratory System,,,,,,,
201706,Sensory Organs,S01,Ophthalmologicals,122576,2.56,1021305,1.91,1.91
201706,Sensory Organs,S02,Otologicals,2078,0.04,10793,0.02,0.02
201706,Sensory Organs,S03,Ophthalmological and Otological Preparations,4736,0.1,8877,0.02,0.02
201706,Sensory Organs,,,,,,,
201706,Systemic Hormonal Preparations Excl. Sex Hormones and Insulins,H01,Pituitary and Hypothalamic Hormones and Analogues,1188,0.02,65498,0.12,0.12
201706,Systemic Hormonal Preparations Excl. Sex Hormones and Insulins,H02,Corticosteroids For Systemic Use,55863,1.16,283267,0.53,0.53
201706,Systemic Hormonal Preparations Excl. Sex Hormones and Insulins,H03,Thyroid Therapy,148343,3.09,264605,0.5,0.5
201706,Systemic Hormonal Preparations Excl. Sex Hormones and Insulins,H04,Pancreatic Hormones,360,0.01,8324,0.02,0.02
201706,Systemic Hormonal Preparations Excl. Sex Hormones and Insulins,,,,,,,
201706,Various,V01,Allergens,83,0,7037,0.01,0.01
201706,Various,V03,All Other Therapeutic Products,1967,0.04,171703,0.32,0.32
201706,Various,V04,Diagnostic Agents,13217,0.28,427172,0.8,0.8
201706,Various,V06,General Nutrients,47962,1,3730435,6.99,6.99
201706,Various,V07,All Other Non-Therapeutic Products,,,,,4.87
201706,Various,V07 1,Ostomy Requisites,22557,0.47,1394167,2.61,2.61
201706,Various,V07 2,Urinary Requisites,10640,0.22,886794,1.66,1.66
201706,Various,V07 3,Needles/Syringes/Lancets,10302,0.21,131497,0.25,0.25
201706,Various,V07 4,Dressings,2374,0.05,108864,0.2,0.2
201706,Various,V07 5,Miscellaneous,5045,0.11,77561,0.15,0.15
201706,Various,,,,,,,
201707,Alimentary Tract and Metabolism,A01,Stomatological Preparations,6643,0.14,19787,0.04,0.04
201707,Alimentary Tract and Metabolism,A02,Drugs For Acid Related Disorders,327143,7.02,1914969,3.72,3.72
201707,Alimentary Tract and Metabolism,A03,Drugs For Functional Gastrointestinal Disorders,32948,0.71,122760,0.24,0.24
201707,Alimentary Tract and Metabolism,A04,Antiemetics and Antinauseants,3258,0.07,236335,0.46,0.46
201707,Alimentary Tract and Metabolism,A05,Bile and Liver Therapy,1634,0.04,47752,0.09,0.09
201707,Alimentary Tract and Metabolism,A06,Laxatives,69988,1.5,730913,1.42,1.42
201707,Alimentary Tract and Metabolism,A07,Antidiarrheals Intestinal Antiinflammatory/Antiinfective Agents,22631,0.49,673297,1.31,1.31
201707,Alimentary Tract and Metabolism,A09,Digestives Incl. Enzymes,1846,0.04,98211,0.19,0.19
201707,Alimentary Tract and Metabolism,A10,Drugs Used In Diabetes,51846,1.11,973313,1.89,1.89
201707,Alimentary Tract and Metabolism,A11,Vitamins,52584,1.13,300182,0.58,0.58
201707,Alimentary Tract and Metabolism,A12,Mineral Supplements,97082,2.08,510349,0.99,0.99
201707,Alimentary Tract and Metabolism,A14,Anabolic Agents For Systemic Use,27,0,315,0,0
201707,Alimentary Tract and Metabolism,,,,,,,
201707,Antiinfectives For Systemic Use,J01,Antibacterials For Systemic Use,169818,3.65,1032287,2,2
201707,Antiinfectives For Systemic Use,J02,Antimycotics For Systemic Use,8048,0.17,78269,0.15,0.15
201707,Antiinfectives For Systemic Use,J04,Antimycobacterials,647,0.01,15212,0.03,0.03
201707,Antiinfectives For Systemic Use,J05,Antivirals For Systemic Use,4926,0.11,205551,0.4,0.4
201707,Antiinfectives For Systemic Use,,,,,,,
201707,Antineoplastic and Immunomodulating Agents,L01,Antineoplastic Agents,3317,0.07,169664,0.33,0.33
201707,Antineoplastic and Immunomodulating Agents,L02,Endocrine Therapy,9295,0.2,196499,0.38,0.38
201707,Antineoplastic and Immunomodulating Agents,L04,Immunosuppressive Agents,15622,0.34,151526,0.29,0.29
201707,Antineoplastic and Immunomodulating Agents,,,,,,,
201707,Antiparasitic Products Insecticides and Repellents,P01,Antiprotozoals,9543,0.2,77521,0.15,0.15
201707,Antiparasitic Products Insecticides and Repellents,P02,Anthelmintics,573,0.01,2485,0,0
201707,Antiparasitic Products Insecticides and Repellents,P03,Ectoparasiticides Incl. Scabicides Insecticides and Repellents,1212,0.03,15864,0.03,0.03
201707,Antiparasitic Products Insecticides and Repellents,,,,,,,
201707,Blood and Blood Forming Organs,B01,Antithrombotic Agents,269013,5.78,3457275,6.71,6.71
201707,Blood and Blood Forming Organs,B02,Antihemorrhagics,1470,0.03,18366,0.04,0.04
201707,Blood and Blood Forming Organs,B03,Antianemic Preparations,87783,1.88,180821,0.35,0.35
201707,Blood and Blood Forming Organs,B05,Blood Substitutes and Perfusion Solutions,2,0,67,0,0
201707,Blood and Blood Forming Organs,,,,,,,
201707,Cardiovascular System,C01,Cardiac Therapy,49901,1.07,733210,1.42,1.42
201707,Cardiovascular System,C02,Antihypertensives,16250,0.35,134489,0.26,0.26
201707,Cardiovascular System,C03,Diuretics,104843,2.25,285490,0.55,0.55
201707,Cardiovascular System,C04,Peripheral Vasodilators,2728,0.06,47594,0.09,0.09
201707,Cardiovascular System,C05,Vasoprotectives,9386,0.2,64133,0.12,0.12
201707,Cardiovascular System,C07,Beta Blocking Agents,162676,3.49,451580,0.88,0.88
201707,Cardiovascular System,C08,Calcium Channel Blockers,117518,2.52,436956,0.85,0.85
201707,Cardiovascular System,C09,Agents Acting On The Renin-Angiotensin System,245666,5.27,1680555,3.26,3.26
201707,Cardiovascular System,C10,Serum Lipid Reducing Agents,284326,6.1,2156360,4.19,4.19
201707,Cardiovascular System,,,,,,,
201707,Dermatologicals,D01,Antifungals For Dermatological Use,31398,0.67,201003,0.39,0.39
201707,Dermatologicals,D02,Emollients and Protectives,18835,0.4,50871,0.1,0.1
201707,Dermatologicals,D03,Preparations For Treatment Of Wounds and Ulcers,54,0,805,0,0
201707,Dermatologicals,D04,Antipruritics Incl. Antihistamines Anesthetics Etc.,1,0,36,0,0
201707,Dermatologicals,D05,Antipsoriatics,6905,0.15,293421,0.57,0.57
201707,Dermatologicals,D06,Antibiotics and Chemotherapeutics For Dermatological Use,10723,0.23,86781,0.17,0.17
201707,Dermatologicals,D07,Corticosteroids Dermatological Preparations,42843,0.92,226547,0.44,0.44
201707,Dermatologicals,D10,Anti-Acne Preparations,7122,0.15,105650,0.21,0.21
201707,Dermatologicals,D11,Other Dermatological Preparations,2386,0.05,113825,0.22,0.22
201707,Dermatologicals,,,,,,,
201707,Genito Urinary System and Sex Hormones,G01,Gynecological Antiinfectives and Antiseptics,1720,0.04,9758,0.02,0.02
201707,Genito Urinary System and Sex Hormones,G02,Other Gynecologicals,2415,0.05,154303,0.3,0.3
201707,Genito Urinary System and Sex Hormones,G03,Sex Hormones and Modulators Of The Genital System,80600,1.73,551046,1.07,1.07
201707,Genito Urinary System and Sex Hormones,G04,Urologicals,97656,2.1,1728527,3.36,3.36
201707,Genito Urinary System and Sex Hormones,,,,,,,
201707,Musculo-Skeletal System,M01,Antiinflammatory and Antirheumatic Products,99373,2.13,784425,1.52,1.52
201707,Musculo-Skeletal System,M02,Topical Products For Joint and Muscular Pain,60067,1.29,425553,0.83,0.83
201707,Musculo-Skeletal System,M03,Muscle Relaxants,5436,0.12,59304,0.12,0.12
201707,Musculo-Skeletal System,M04,Antigout Preparations,31034,0.67,229055,0.44,0.44
201707,Musculo-Skeletal System,M05,Drugs For Treatment Of Bone Diseases,37717,0.81,1083960,2.1,2.1
201707,Musculo-Skeletal System,M09,Other Drugs For Disorders Of The Musculo-Skeletal System,10173,0.22,113035,0.22,0.22
201707,Musculo-Skeletal System,,,,,,,
201707,Nervous System,N01,Anesthetics,25525,0.55,2005504,3.89,3.89
201707,Nervous System,N02,Analgesics,264753,5.68,2483745,4.82,4.82
201707,Nervous System,N03,Antiepileptics,117185,2.52,2979219,5.79,5.79
201707,Nervous System,N04,Anti-Parkinson Drugs,20887,0.45,385192,0.75,0.75
201707,Nervous System,N05,Psycholeptics,296378,6.36,2312100,4.49,4.49
201707,Nervous System,N06,Psychoanaleptics,288611,6.2,2240184,4.35,4.35
201707,Nervous System,N07,Other Nervous System Drugs,30064,0.65,700470,1.36,1.36
201707,Nervous System,,,,,,,
201707,Respiratory System,R01,Nasal Preparations,43435,0.93,467179,0.91,0.91
201707,Respiratory System,R03,Drugs For Obstructive Airway Diseases,267832,5.75,5704861,11.08,11.08
201707,Respiratory System,R05,Cough and Cold Preparations,17472,0.38,92460,0.18,0.18
201707,Respiratory System,R06,Antihistamines For Systemic Use,62957,1.35,255837,0.5,0.5
201707,Respiratory System,,,,,,,
201707,Sensory Organs,S01,Ophthalmologicals,116578,2.5,978538,1.9,1.9
201707,Sensory Organs,S02,Otologicals,2223,0.05,11486,0.02,0.02
201707,Sensory Organs,S03,Ophthalmological and Otological Preparations,4369,0.09,8217,0.02,0.02
201707,Sensory Organs,,,,,,,
201707,Systemic Hormonal Preparations Excl. Sex Hormones and Insulins,H01,Pituitary and Hypothalamic Hormones and Analogues,1160,0.02,63302,0.12,0.12
201707,Systemic Hormonal Preparations Excl. Sex Hormones and Insulins,H02,Corticosteroids For Systemic Use,51396,1.1,263520,0.51,0.51
201707,Systemic Hormonal Preparations Excl. Sex Hormones and Insulins,H03,Thyroid Therapy,145052,3.11,259331,0.5,0.5
201707,Systemic Hormonal Preparations Excl. Sex Hormones and Insulins,H04,Pancreatic Hormones,309,0.01,7099,0.01,0.01
201707,Systemic Hormonal Preparations Excl. Sex Hormones and Insulins,,,,,,,
201707,Various,V01,Allergens,78,0,6553,0.01,0.01
201707,Various,V03,All Other Therapeutic Products,1947,0.04,166216,0.32,0.32
201707,Various,V04,Diagnostic Agents,12887,0.28,411922,0.8,0.8
201707,Various,V06,General Nutrients,47866,1.03,3710268,7.2,7.2
201707,Various,V07,All Other Non-Therapeutic Products,,,,,4.95
201707,Various,V07 1,Ostomy Requisites,22514,0.48,1386436,2.69,2.69
201707,Various,V07 2,Urinary Requisites,10498,0.23,860555,1.67,1.67
201707,Various,V07 3,Needles/Syringes/Lancets,9712,0.21,125505,0.24,0.24
201707,Various,V07 4,Dressings,2162,0.05,93327,0.18,0.18
201707,Various,V07 5,Miscellaneous,5042,0.11,81107,0.16,0.16
201707,Various,,,,,,,
201708,Alimentary Tract and Metabolism,A01,Stomatological Preparations,6809,0.14,20353,0.04,0.04
201708,Alimentary Tract and Metabolism,A02,Drugs For Acid Related Disorders,341941,7.07,1933884,3.61,3.61
201708,Alimentary Tract and Metabolism,A03,Drugs For Functional Gastrointestinal Disorders,34590,0.72,130869,0.24,0.24
201708,Alimentary Tract and Metabolism,A04,Antiemetics and Antinauseants,3435,0.07,244828,0.46,0.46
201708,Alimentary Tract and Metabolism,A05,Bile and Liver Therapy,1707,0.04,50050,0.09,0.09
201708,Alimentary Tract and Metabolism,A06,Laxatives,72735,1.5,764817,1.43,1.43
201708,Alimentary Tract and Metabolism,A07,Antidiarrheals Intestinal Antiinflammatory/Antiinfective Agents,23094,0.48,700022,1.31,1.31
201708,Alimentary Tract and Metabolism,A09,Digestives Incl. Enzymes,1964,0.04,106771,0.2,0.2
201708,Alimentary Tract and Metabolism,A10,Drugs Used In Diabetes,53587,1.11,1019832,1.9,1.9
201708,Alimentary Tract and Metabolism,A11,Vitamins,54949,1.14,309633,0.58,0.58
201708,Alimentary Tract and Metabolism,A12,Mineral Supplements,100423,2.08,529789,0.99,0.99
201708,Alimentary Tract and Metabolism,A14,Anabolic Agents For Systemic Use,21,0,243,0,0
201708,Alimentary Tract and Metabolism,,,,,,,
201708,Antiinfectives For Systemic Use,J01,Antibacterials For Systemic Use,176132,3.64,1074290,2,2
201708,Antiinfectives For Systemic Use,J02,Antimycotics For Systemic Use,8532,0.18,81993,0.15,0.15
201708,Antiinfectives For Systemic Use,J04,Antimycobacterials,695,0.01,16929,0.03,0.03
201708,Antiinfectives For Systemic Use,J05,Antivirals For Systemic Use,5021,0.1,212404,0.4,0.4
201708,Antiinfectives For Systemic Use,,,,,,,
201708,Antineoplastic and Immunomodulating Agents,L01,Antineoplastic Agents,3474,0.07,175768,0.33,0.33
201708,Antineoplastic and Immunomodulating Agents,L02,Endocrine Therapy,9603,0.2,203582,0.38,0.38
201708,Antineoplastic and Immunomodulating Agents,L04,Immunosuppressive Agents,16145,0.33,163887,0.31,0.31
201708,Antineoplastic and Immunomodulating Agents,,,,,,,
201708,Antiparasitic Products Insecticides and Repellents,P01,Antiprotozoals,9637,0.2,64291,0.12,0.12
201708,Antiparasitic Products Insecticides and Repellents,P02,Anthelmintics,723,0.01,2652,0,0
201708,Antiparasitic Products Insecticides and Repellents,P03,Ectoparasiticides Incl. Scabicides Insecticides and Repellents,1449,0.03,19253,0.04,0.04
201708,Antiparasitic Products Insecticides and Repellents,,,,,,,
201708,Blood and Blood Forming Organs,B01,Antithrombotic Agents,278389,5.76,3650128,6.81,6.81
201708,Blood and Blood Forming Organs,B02,Antihemorrhagics,1520,0.03,19416,0.04,0.04
201708,Blood and Blood Forming Organs,B03,Antianemic Preparations,90682,1.88,189112,0.35,0.35
201708,Blood and Blood Forming Organs,B05,Blood Substitutes and Perfusion Solutions,3,0,75,0,0
201708,Blood and Blood Forming Organs,,,,,,,
201708,Cardiovascular System,C01,Cardiac Therapy,51745,1.07,780786,1.46,1.46
201708,Cardiovascular System,C02,Antihypertensives,16807,0.35,139615,0.26,0.26
201708,Cardiovascular System,C03,Diuretics,108000,2.23,298190,0.56,0.56
201708,Cardiovascular System,C04,Peripheral Vasodilators,2855,0.06,53336,0.1,0.1
201708,Cardiovascular System,C05,Vasoprotectives,9807,0.2,69526,0.13,0.13
201708,Cardiovascular System,C07,Beta Blocking Agents,169181,3.5,468292,0.87,0.87
201708,Cardiovascular System,C08,Calcium Channel Blockers,122033,2.52,453533,0.85,0.85
201708,Cardiovascular System,C09,Agents Acting On The Renin-Angiotensin System,255249,5.28,1745658,3.26,3.26
201708,Cardiovascular System,C10,Serum Lipid Reducing Agents,295314,6.11,2252251,4.2,4.2
201708,Cardiovascular System,,,,,,,
201708,Dermatologicals,D01,Antifungals For Dermatological Use,32634,0.67,204540,0.38,0.38
201708,Dermatologicals,D02,Emollients and Protectives,19510,0.4,52978,0.1,0.1
201708,Dermatologicals,D03,Preparations For Treatment Of Wounds and Ulcers,55,0,768,0,0
201708,Dermatologicals,D04,Antipruritics Incl. Antihistamines Anesthetics Etc.,2,0,72,0,0
201708,Dermatologicals,D05,Antipsoriatics,7245,0.15,315167,0.59,0.59
201708,Dermatologicals,D06,Antibiotics and Chemotherapeutics For Dermatological Use,11142,0.23,90979,0.17,0.17
201708,Dermatologicals,D07,Corticosteroids Dermatological Preparations,43588,0.9,230786,0.43,0.43
201708,Dermatologicals,D10,Anti-Acne Preparations,7680,0.16,113711,0.21,0.21
201708,Dermatologicals,D11,Other Dermatological Preparations,2484,0.05,117644,0.22,0.22
201708,Dermatologicals,,,,,,,
201708,Genito Urinary System and Sex Hormones,G01,Gynecological Antiinfectives and Antiseptics,1890,0.04,10927,0.02,0.02
201708,Genito Urinary System and Sex Hormones,G02,Other Gynecologicals,2510,0.05,167719,0.31,0.31
201708,Genito Urinary System and Sex Hormones,G03,Sex Hormones and Modulators Of The Genital System,84220,1.74,584644,1.09,1.09
201708,Genito Urinary System and Sex Hormones,G04,Urologicals,101701,2.1,1810039,3.38,3.38
201708,Genito Urinary System and Sex Hormones,,,,,,,
201708,Musculo-Skeletal System,M01,Antiinflammatory and Antirheumatic Products,103420,2.14,811740,1.51,1.51
201708,Musculo-Skeletal System,M02,Topical Products For Joint and Muscular Pain,63050,1.3,446994,0.83,0.83
201708,Musculo-Skeletal System,M03,Muscle Relaxants,5754,0.12,61990,0.12,0.12
201708,Musculo-Skeletal System,M04,Antigout Preparations,32068,0.66,238311,0.44,0.44
201708,Musculo-Skeletal System,M05,Drugs For Treatment Of Bone Diseases,38686,0.8,1098405,2.05,2.05
201708,Musculo-Skeletal System,M09,Other Drugs For Disorders Of The Musculo-Skeletal System,10482,0.22,119785,0.22,0.22
201708,Musculo-Skeletal System,,,,,,,
201708,Nervous System,N01,Anesthetics,26499,0.55,2109292,3.94,3.94
201708,Nervous System,N02,Analgesics,275925,5.71,2502243,4.67,4.67
201708,Nervous System,N03,Antiepileptics,122501,2.53,3104046,5.79,5.79
201708,Nervous System,N04,Anti-Parkinson Drugs,21740,0.45,394540,0.74,0.74
201708,Nervous System,N05,Psycholeptics,311425,6.44,2447824,4.57,4.57
201708,Nervous System,N06,Psychoanaleptics,301925,6.24,2344413,4.38,4.38
201708,Nervous System,N07,Other Nervous System Drugs,31186,0.64,713821,1.33,1.33
201708,Nervous System,,,,,,,
201708,Respiratory System,R01,Nasal Preparations,42908,0.89,461996,0.86,0.86
201708,Respiratory System,R03,Drugs For Obstructive Airway Diseases,277182,5.73,5908243,11.03,11.03
201708,Respiratory System,R05,Cough and Cold Preparations,18772,0.39,97343,0.18,0.18
201708,Respiratory System,R06,Antihistamines For Systemic Use,59778,1.24,231091,0.43,0.43
201708,Respiratory System,,,,,,,
201708,Sensory Organs,S01,Ophthalmologicals,119073,2.46,1008225,1.88,1.88
201708,Sensory Organs,S02,Otologicals,2348,0.05,12119,0.02,0.02
201708,Sensory Organs,S03,Ophthalmological and Otological Preparations,4684,0.1,10335,0.02,0.02
201708,Sensory Organs,,,,,,,
201708,Systemic Hormonal Preparations Excl. Sex Hormones and Insulins,H01,Pituitary and Hypothalamic Hormones and Analogues,1202,0.02,64801,0.12,0.12
201708,Systemic Hormonal Preparations Excl. Sex Hormones and Insulins,H02,Corticosteroids For Systemic Use,53408,1.1,275075,0.51,0.51
201708,Systemic Hormonal Preparations Excl. Sex Hormones and Insulins,H03,Thyroid Therapy,150862,3.12,270020,0.5,0.5
201708,Systemic Hormonal Preparations Excl. Sex Hormones and Insulins,H04,Pancreatic Hormones,332,0.01,7831,0.01,0.01
201708,Systemic Hormonal Preparations Excl. Sex Hormones and Insulins,,,,,,,
201708,Various,V01,Allergens,57,0,4682,0.01,0.01
201708,Various,V03,All Other Therapeutic Products,1964,0.04,170599,0.32,0.32
201708,Various,V04,Diagnostic Agents,13139,0.27,425687,0.79,0.79
201708,Various,V06,General Nutrients,50041,1.03,3871330,7.23,7.23
201708,Various,V07,All Other Non-Therapeutic Products,,,,,5.08
201708,Various,V07 1,Ostomy Requisites,23539,0.49,1461440,2.73,2.73
201708,Various,V07 2,Urinary Requisites,11072,0.23,928488,1.73,1.73
201708,Various,V07 3,Needles/Syringes/Lancets,9907,0.2,127069,0.24,0.24
201708,Various,V07 4,Dressings,2644,0.05,121306,0.23,0.23
201708,Various,V07 5,Miscellaneous,5202,0.11,84004,0.16,0.16
201708,Various,,,,,,,
201709,Alimentary Tract and Metabolism,A01,Stomatological Preparations,6740,0.14,20295,0.04,0.04
201709,Alimentary Tract and Metabolism,A02,Drugs For Acid Related Disorders,332000,7,1877304,3.63,3.63
201709,Alimentary Tract and Metabolism,A03,Drugs For Functional Gastrointestinal Disorders,33412,0.7,127080,0.25,0.25
201709,Alimentary Tract and Metabolism,A04,Antiemetics and Antinauseants,3258,0.07,238152,0.46,0.46
201709,Alimentary Tract and Metabolism,A05,Bile and Liver Therapy,1687,0.04,49186,0.1,0.1
201709,Alimentary Tract and Metabolism,A06,Laxatives,70327,1.48,739085,1.43,1.43
201709,Alimentary Tract and Metabolism,A07,Antidiarrheals Intestinal Antiinflammatory/Antiinfective Agents,22088,0.47,668257,1.29,1.29
201709,Alimentary Tract and Metabolism,A09,Digestives Incl. Enzymes,1906,0.04,102985,0.2,0.2
201709,Alimentary Tract and Metabolism,A10,Drugs Used In Diabetes,51546,1.09,987501,1.91,1.91
201709,Alimentary Tract and Metabolism,A11,Vitamins,53924,1.14,295110,0.57,0.57
201709,Alimentary Tract and Metabolism,A12,Mineral Supplements,98095,2.07,517370,1,1
201709,Alimentary Tract and Metabolism,A14,Anabolic Agents For Systemic Use,28,0,308,0,0
201709,Alimentary Tract and Metabolism,,,,,,,
201709,Antiinfectives For Systemic Use,J01,Antibacterials For Systemic Use,204109,4.3,1170623,2.26,2.26
201709,Antiinfectives For Systemic Use,J02,Antimycotics For Systemic Use,8541,0.18,81780,0.16,0.16
201709,Antiinfectives For Systemic Use,J04,Antimycobacterials,697,0.01,16962,0.03,0.03
201709,Antiinfectives For Systemic Use,J05,Antivirals For Systemic Use,4925,0.1,203197,0.39,0.39
201709,Antiinfectives For Systemic Use,,,,,,,
201709,Antineoplastic and Immunomodulating Agents,L01,Antineoplastic Agents,3353,0.07,164664,0.32,0.32
201709,Antineoplastic and Immunomodulating Agents,L02,Endocrine Therapy,9433,0.2,200563,0.39,0.39
201709,Antineoplastic and Immunomodulating Agents,L04,Immunosuppressive Agents,15569,0.33,162310,0.31,0.31
201709,Antineoplastic and Immunomodulating Agents,,,,,,,
201709,Antiparasitic Products Insecticides and Repellents,P01,Antiprotozoals,8985,0.19,47430,0.09,0.09
201709,Antiparasitic Products Insecticides and Repellents,P02,Anthelmintics,679,0.01,2977,0.01,0.01
201709,Antiparasitic Products Insecticides and Repellents,P03,Ectoparasiticides Incl. Scabicides Insecticides and Repellents,1727,0.04,23590,0.05,0.05
201709,Antiparasitic Products Insecticides and Repellents,,,,,,,
201709,Blood and Blood Forming Organs,B01,Antithrombotic Agents,269638,5.68,3558649,6.89,6.89
201709,Blood and Blood Forming Organs,B02,Antihemorrhagics,1596,0.03,20285,0.04,0.04
201709,Blood and Blood Forming Organs,B03,Antianemic Preparations,88346,1.86,184333,0.36,0.36
201709,Blood and Blood Forming Organs,B05,Blood Substitutes and Perfusion Solutions,1,0,7,0,0
201709,Blood and Blood Forming Organs,,,,,,,
201709,Cardiovascular System,C01,Cardiac Therapy,49687,1.05,757822,1.47,1.47
201709,Cardiovascular System,C02,Antihypertensives,16430,0.35,135196,0.26,0.26
201709,Cardiovascular System,C03,Diuretics,103667,2.18,284534,0.55,0.55
201709,Cardiovascular System,C04,Peripheral Vasodilators,2842,0.06,54277,0.11,0.11
201709,Cardiovascular System,C05,Vasoprotectives,9744,0.21,66482,0.13,0.13
201709,Cardiovascular System,C07,Beta Blocking Agents,163495,3.45,451399,0.87,0.87
201709,Cardiovascular System,C08,Calcium Channel Blockers,118625,2.5,438530,0.85,0.85
201709,Cardiovascular System,C09,Agents Acting On The Renin-Angiotensin System,247435,5.21,1693754,3.28,3.28
201709,Cardiovascular System,C10,Serum Lipid Reducing Agents,286355,6.03,2177063,4.21,4.21
201709,Cardiovascular System,,,,,,,
201709,Dermatologicals,D01,Antifungals For Dermatological Use,31680,0.67,197251,0.38,0.38
201709,Dermatologicals,D02,Emollients and Protectives,18979,0.4,51206,0.1,0.1
201709,Dermatologicals,D03,Preparations For Treatment Of Wounds and Ulcers,36,0,506,0,0
201709,Dermatologicals,D05,Antipsoriatics,7006,0.15,304627,0.59,0.59
201709,Dermatologicals,D06,Antibiotics and Chemotherapeutics For Dermatological Use,10725,0.23,90279,0.17,0.17
201709,Dermatologicals,D07,Corticosteroids Dermatological Preparations,42326,0.89,224684,0.43,0.43
201709,Dermatologicals,D10,Anti-Acne Preparations,7858,0.17,115680,0.22,0.22
201709,Dermatologicals,D11,Other Dermatological Preparations,2442,0.05,113415,0.22,0.22
201709,Dermatologicals,,,,,,,
201709,Genito Urinary System and Sex Hormones,G01,Gynecological Antiinfectives and Antiseptics,1789,0.04,10137,0.02,0.02
201709,Genito Urinary System and Sex Hormones,G02,Other Gynecologicals,2569,0.05,174138,0.34,0.34
201709,Genito Urinary System and Sex Hormones,G03,Sex Hormones and Modulators Of The Genital System,80809,1.7,568266,1.1,1.1
201709,Genito Urinary System and Sex Hormones,G04,Urologicals,99629,2.1,1764602,3.41,3.41
201709,Genito Urinary System and Sex Hormones,,,,,,,
201709,Musculo-Skeletal System,M01,Antiinflammatory and Antirheumatic Products,102237,2.15,773775,1.5,1.5
201709,Musculo-Skeletal System,M02,Topical Products For Joint and Muscular Pain,62638,1.32,450673,0.87,0.87
201709,Musculo-Skeletal System,M03,Muscle Relaxants,5502,0.12,60555,0.12,0.12
201709,Musculo-Skeletal System,M04,Antigout Preparations,31063,0.65,232137,0.45,0.45
201709,Musculo-Skeletal System,M05,Drugs For Treatment Of Bone Diseases,37574,0.79,1157358,2.24,2.24
201709,Musculo-Skeletal System,M09,Other Drugs For Disorders Of The Musculo-Skeletal System,10356,0.22,116240,0.22,0.22
201709,Musculo-Skeletal System,,,,,,,
201709,Nervous System,N01,Anesthetics,17630,0.37,1485269,2.87,2.87
201709,Nervous System,N02,Analgesics,270035,5.69,2406608,4.66,4.66
201709,Nervous System,N03,Antiepileptics,117567,2.48,2994562,5.79,5.79
201709,Nervous System,N04,Anti-Parkinson Drugs,20786,0.44,380898,0.74,0.74
201709,Nervous System,N05,Psycholeptics,298762,6.3,2325192,4.5,4.5
201709,Nervous System,N06,Psychoanaleptics,291845,6.15,2267863,4.39,4.39
201709,Nervous System,N07,Other Nervous System Drugs,30587,0.64,702401,1.36,1.36
201709,Nervous System,,,,,,,
201709,Respiratory System,R01,Nasal Preparations,43091,0.91,460179,0.89,0.89
201709,Respiratory System,R02,Throat Preparations,1,0,2,0,0
201709,Respiratory System,R03,Drugs For Obstructive Airway Diseases,283717,5.98,5860500,11.34,11.34
201709,Respiratory System,R05,Cough and Cold Preparations,23616,0.5,111024,0.21,0.21
201709,Respiratory System,R06,Antihistamines For Systemic Use,55541,1.17,214712,0.42,0.42
201709,Respiratory System,,,,,,,
201709,Sensory Organs,S01,Ophthalmologicals,116225,2.45,982276,1.9,1.9
201709,Sensory Organs,S02,Otologicals,2035,0.04,10662,0.02,0.02
201709,Sensory Organs,S03,Ophthalmological and Otological Preparations,5462,0.12,12733,0.02,0.02
201709,Sensory Organs,,,,,,,
201709,Systemic Hormonal Preparations Excl. Sex Hormones and Insulins,H01,Pituitary and Hypothalamic Hormones and Analogues,1158,0.02,62614,0.12,0.12
201709,Systemic Hormonal Preparations Excl. Sex Hormones and Insulins,H02,Corticosteroids For Systemic Use,61055,1.29,302671,0.59,0.59
201709,Systemic Hormonal Preparations Excl. Sex Hormones and Insulins,H03,Thyroid Therapy,146118,3.08,260560,0.5,0.5
201709,Systemic Hormonal Preparations Excl. Sex Hormones and Insulins,H04,Pancreatic Hormones,334,0.01,7815,0.02,0.02
201709,Systemic Hormonal Preparations Excl. Sex Hormones and Insulins,,,,,,,
201709,Various,V01,Allergens,54,0,4435,0.01,0.01
201709,Various,V03,All Other Therapeutic Products,1881,0.04,161422,0.31,0.31
201709,Various,V04,Diagnostic Agents,12812,0.27,410293,0.79,0.79
201709,Various,V06,General Nutrients,47913,1.01,3713720,7.19,7.19
201709,Various,V07,All Other Non-Therapeutic Products,,,,,5.07
201709,Various,V07 1,Ostomy Requisites,22753,0.48,1411124,2.73,2.73
201709,Various,V07 2,Urinary Requisites,10644,0.22,891246,1.72,1.72
201709,Various,V07 3,Needles/Syringes/Lancets,10675,0.22,129758,0.25,0.25
201709,Various,V07 4,Dressings,2355,0.05,109531,0.21,0.21
201709,Various,V07 5,Miscellaneous,5090,0.11,78886,0.15,0.15
201709,Various,,,,,,,
201710,Alimentary Tract and Metabolism,A01,Stomatological Preparations,6512,0.14,19462,0.04,0.04
201710,Alimentary Tract and Metabolism,A02,Drugs For Acid Related Disorders,331159,7.01,1871306,3.64,3.64
201710,Alimentary Tract and Metabolism,A03,Drugs For Functional Gastrointestinal Disorders,32674,0.69,126218,0.25,0.25
201710,Alimentary Tract and Metabolism,A04,Antiemetics and Antinauseants,3332,0.07,248548,0.48,0.48
201710,Alimentary Tract and Metabolism,A05,Bile and Liver Therapy,1652,0.03,47926,0.09,0.09
201710,Alimentary Tract and Metabolism,A06,Laxatives,71455,1.51,745863,1.45,1.45
201710,Alimentary Tract and Metabolism,A07,Antidiarrheals Intestinal Antiinflammatory/Antiinfective Agents,21872,0.46,679124,1.32,1.32
201710,Alimentary Tract and Metabolism,A08,Antiobesity Preparations Excl. Diet Products,1,0,45,0,0
201710,Alimentary Tract and Metabolism,A09,Digestives Incl. Enzymes,1876,0.04,99242,0.19,0.19
201710,Alimentary Tract and Metabolism,A10,Drugs Used In Diabetes,50864,1.08,972308,1.89,1.89
201710,Alimentary Tract and Metabolism,A11,Vitamins,55614,1.18,306959,0.6,0.6
201710,Alimentary Tract and Metabolism,A12,Mineral Supplements,98479,2.08,519840,1.01,1.01
201710,Alimentary Tract and Metabolism,A14,Anabolic Agents For Systemic Use,30,0,409,0,0
201710,Alimentary Tract and Metabolism,,,,,,,
201710,Antiinfectives For Systemic Use,J01,Antibacterials For Systemic Use,198729,4.21,1148838,2.23,2.23
201710,Antiinfectives For Systemic Use,J02,Antimycotics For Systemic Use,8470,0.18,79893,0.16,0.16
201710,Antiinfectives For Systemic Use,J04,Antimycobacterials,671,0.01,17803,0.03,0.03
201710,Antiinfectives For Systemic Use,J05,Antivirals For Systemic Use,4849,0.1,203828,0.4,0.4
201710,Antiinfectives For Systemic Use,,,,,,,
201710,Antineoplastic and Immunomodulating Agents,L01,Antineoplastic Agents,3345,0.07,165537,0.32,0.32
201710,Antineoplastic and Immunomodulating Agents,L02,Endocrine Therapy,9386,0.2,198632,0.39,0.39
201710,Antineoplastic and Immunomodulating Agents,L04,Immunosuppressive Agents,15759,0.33,166982,0.32,0.32
201710,Antineoplastic and Immunomodulating Agents,,,,,,,
201710,Antiparasitic Products Insecticides and Repellents,P01,Antiprotozoals,8771,0.19,47737,0.09,0.09
201710,Antiparasitic Products Insecticides and Repellents,P02,Anthelmintics,675,0.01,2201,0,0
201710,Antiparasitic Products Insecticides and Repellents,P03,Ectoparasiticides Incl. Scabicides Insecticides and Repellents,1626,0.03,22311,0.04,0.04
201710,Antiparasitic Products Insecticides and Repellents,,,,,,,
201710,Blood and Blood Forming Organs,B01,Antithrombotic Agents,269468,5.7,3605001,7,7
201710,Blood and Blood Forming Organs,B02,Antihemorrhagics,1436,0.03,18576,0.04,0.04
201710,Blood and Blood Forming Organs,B03,Antianemic Preparations,88352,1.87,183668,0.36,0.36
201710,Blood and Blood Forming Organs,B05,Blood Substitutes and Perfusion Solutions,2,0,15,0,0
201710,Blood and Blood Forming Organs,,,,,,,
201710,Cardiovascular System,C01,Cardiac Therapy,49499,1.05,743725,1.45,1.45
201710,Cardiovascular System,C02,Antihypertensives,16201,0.34,136052,0.26,0.26
201710,Cardiovascular System,C03,Diuretics,103191,2.18,285747,0.56,0.56
201710,Cardiovascular System,C04,Peripheral Vasodilators,2781,0.06,53030,0.1,0.1
201710,Cardiovascular System,C05,Vasoprotectives,9432,0.2,63936,0.12,0.12
201710,Cardiovascular System,C07,Beta Blocking Agents,163339,3.46,455774,0.89,0.89
201710,Cardiovascular System,C08,Calcium Channel Blockers,119122,2.52,439538,0.85,0.85
201710,Cardiovascular System,C09,Agents Acting On The Renin-Angiotensin System,246428,5.22,1684396,3.27,3.27
201710,Cardiovascular System,C10,Serum Lipid Reducing Agents,286262,6.06,2173521,4.22,4.22
201710,Cardiovascular System,,,,,,,
201710,Dermatologicals,D01,Antifungals For Dermatological Use,30877,0.65,192352,0.37,0.37
201710,Dermatologicals,D02,Emollients and Protectives,18972,0.4,51446,0.1,0.1
201710,Dermatologicals,D03,Preparations For Treatment Of Wounds and Ulcers,27,0,334,0,0
201710,Dermatologicals,D04,Antipruritics Incl. Antihistamines Anesthetics Etc.,1,0,36,0,0
201710,Dermatologicals,D05,Antipsoriatics,6986,0.15,299673,0.58,0.58
201710,Dermatologicals,D06,Antibiotics and Chemotherapeutics For Dermatological Use,10174,0.22,84215,0.16,0.16
201710,Dermatologicals,D07,Corticosteroids Dermatological Preparations,41163,0.87,217788,0.42,0.42
201710,Dermatologicals,D10,Anti-Acne Preparations,7682,0.16,113908,0.22,0.22
201710,Dermatologicals,D11,Other Dermatological Preparations,2324,0.05,108874,0.21,0.21
201710,Dermatologicals,,,,,,,
201710,Genito Urinary System and Sex Hormones,G01,Gynecological Antiinfectives and Antiseptics,1819,0.04,10210,0.02,0.02
201710,Genito Urinary System and Sex Hormones,G02,Other Gynecologicals,2377,0.05,156792,0.3,0.3
201710,Genito Urinary System and Sex Hormones,G03,Sex Hormones and Modulators Of The Genital System,79667,1.69,558012,1.08,1.08
201710,Genito Urinary System and Sex Hormones,G04,Urologicals,99730,2.11,1770402,3.44,3.44
201710,Genito Urinary System and Sex Hormones,,,,,,,
201710,Musculo-Skeletal System,M01,Antiinflammatory and Antirheumatic Products,98457,2.08,756438,1.47,1.47
201710,Musculo-Skeletal System,M02,Topical Products For Joint and Muscular Pain,61879,1.31,447636,0.87,0.87
201710,Musculo-Skeletal System,M03,Muscle Relaxants,5562,0.12,60155,0.12,0.12
201710,Musculo-Skeletal System,M04,Antigout Preparations,31054,0.66,231695,0.45,0.45
201710,Musculo-Skeletal System,M05,Drugs For Treatment Of Bone Diseases,37595,0.8,1179118,2.29,2.29
201710,Musculo-Skeletal System,M09,Other Drugs For Disorders Of The Musculo-Skeletal System,10308,0.22,117154,0.23,0.23
201710,Musculo-Skeletal System,,,,,,,
201710,Nervous System,N01,Anesthetics,15120,0.32,1271912,2.47,2.47
201710,Nervous System,N02,Analgesics,269904,5.71,2421347,4.7,4.7
201710,Nervous System,N03,Antiepileptics,117762,2.49,2995475,5.82,5.82
201710,Nervous System,N04,Anti-Parkinson Drugs,20994,0.44,381483,0.74,0.74
201710,Nervous System,N05,Psycholeptics,300607,6.36,2361450,4.59,4.59
201710,Nervous System,N06,Psychoanaleptics,294221,6.23,2283612,4.44,4.44
201710,Nervous System,N07,Other Nervous System Drugs,30907,0.65,717856,1.39,1.39
201710,Nervous System,,,,,,,
201710,Respiratory System,R01,Nasal Preparations,41663,0.88,444931,0.86,0.86
201710,Respiratory System,R03,Drugs For Obstructive Airway Diseases,281429,5.96,5840751,11.35,11.35
201710,Respiratory System,R05,Cough and Cold Preparations,24737,0.52,114896,0.22,0.22
201710,Respiratory System,R06,Antihistamines For Systemic Use,52519,1.11,201811,0.39,0.39
201710,Respiratory System,,,,,,,
201710,Sensory Organs,S01,Ophthalmologicals,115673,2.45,980152,1.9,1.9
201710,Sensory Organs,S02,Otologicals,1863,0.04,9662,0.02,0.02
201710,Sensory Organs,S03,Ophthalmological and Otological Preparations,5288,0.11,12867,0.03,0.03
201710,Sensory Organs,,,,,,,
201710,Systemic Hormonal Preparations Excl. Sex Hormones and Insulins,H01,Pituitary and Hypothalamic Hormones and Analogues,1168,0.02,64481,0.13,0.13
201710,Systemic Hormonal Preparations Excl. Sex Hormones and Insulins,H02,Corticosteroids For Systemic Use,60962,1.29,297027,0.58,0.58
201710,Systemic Hormonal Preparations Excl. Sex Hormones and Insulins,H03,Thyroid Therapy,145833,3.09,258937,0.5,0.5
201710,Systemic Hormonal Preparations Excl. Sex Hormones and Insulins,H04,Pancreatic Hormones,312,0.01,7003,0.01,0.01
201710,Systemic Hormonal Preparations Excl. Sex Hormones and Insulins,,,,,,,
201710,Various,V01,Allergens,56,0,4560,0.01,0.01
201710,Various,V03,All Other Therapeutic Products,1896,0.04,166403,0.32,0.32
201710,Various,V04,Diagnostic Agents,12663,0.27,407819,0.79,0.79
201710,Various,V06,General Nutrients,47702,1.01,3699115,7.19,7.19
201710,Various,V07,All Other Non-Therapeutic Products,,,,,5.11
201710,Various,V07 1,Ostomy Requisites,22766,0.48,1415515,2.75,2.75
201710,Various,V07 2,Urinary Requisites,10706,0.23,906471,1.76,1.76
201710,Various,V07 3,Needles/Syringes/Lancets,10654,0.23,130572,0.25,0.25
201710,Various,V07 4,Dressings,2218,0.05,96359,0.19,0.19
201710,Various,V07 5,Miscellaneous,5303,0.11,82165,0.16,0.16
201710,Various,,,,,,,
201711,Alimentary Tract and Metabolism,A01,Stomatological Preparations,6739,0.14,20096,0.04,0.04
201711,Alimentary Tract and Metabolism,A02,Drugs For Acid Related Disorders,342202,7,1934641,3.65,3.65
201711,Alimentary Tract and Metabolism,A03,Drugs For Functional Gastrointestinal Disorders,34153,0.7,131014,0.25,0.25
201711,Alimentary Tract and Metabolism,A04,Antiemetics and Antinauseants,3485,0.07,255112,0.48,0.48
201711,Alimentary Tract and Metabolism,A05,Bile and Liver Therapy,1737,0.04,50427,0.1,0.1
201711,Alimentary Tract and Metabolism,A06,Laxatives,73709,1.51,771630,1.46,1.46
201711,Alimentary Tract and Metabolism,A07,Antidiarrheals Intestinal Antiinflammatory/Antiinfective Agents,22295,0.46,682557,1.29,1.29
201711,Alimentary Tract and Metabolism,A09,Digestives Incl. Enzymes,2003,0.04,107196,0.2,0.2
201711,Alimentary Tract and Metabolism,A10,Drugs Used In Diabetes,52323,1.07,1005216,1.9,1.9
201711,Alimentary Tract and Metabolism,A11,Vitamins,59279,1.21,329071,0.62,0.62
201711,Alimentary Tract and Metabolism,A12,Mineral Supplements,101056,2.07,535407,1.01,1.01
201711,Alimentary Tract and Metabolism,A14,Anabolic Agents For Systemic Use,32,0,395,0,0
201711,Alimentary Tract and Metabolism,,,,,,,
201711,Antiinfectives For Systemic Use,J01,Antibacterials For Systemic Use,214228,4.38,1232727,2.33,2.33
201711,Antiinfectives For Systemic Use,J02,Antimycotics For Systemic Use,8611,0.18,81025,0.15,0.15
201711,Antiinfectives For Systemic Use,J04,Antimycobacterials,694,0.01,16392,0.03,0.03
201711,Antiinfectives For Systemic Use,J05,Antivirals For Systemic Use,5127,0.1,213391,0.4,0.4
201711,Antiinfectives For Systemic Use,J07,Vaccines,1,0,6,0,0
201711,Antiinfectives For Systemic Use,,,,,,,
201711,Antineoplastic and Immunomodulating Agents,L01,Antineoplastic Agents,3419,0.07,168294,0.32,0.32
201711,Antineoplastic and Immunomodulating Agents,L02,Endocrine Therapy,9560,0.2,202637,0.38,0.38
201711,Antineoplastic and Immunomodulating Agents,L04,Immunosuppressive Agents,16179,0.33,177221,0.33,0.33
201711,Antineoplastic and Immunomodulating Agents,,,,,,,
201711,Antiparasitic Products Insecticides and Repellents,P01,Antiprotozoals,9278,0.19,52654,0.1,0.1
201711,Antiparasitic Products Insecticides and Repellents,P02,Anthelmintics,704,0.01,3132,0.01,0.01
201711,Antiparasitic Products Insecticides and Repellents,P03,Ectoparasiticides Incl. Scabicides Insecticides and Repellents,1854,0.04,25251,0.05,0.05
201711,Antiparasitic Products Insecticides and Repellents,,,,,,,
201711,Blood and Blood Forming Organs,B01,Antithrombotic Agents,275662,5.64,3704911,6.99,6.99
201711,Blood and Blood Forming Organs,B02,Antihemorrhagics,1533,0.03,19845,0.04,0.04
201711,Blood and Blood Forming Organs,B03,Antianemic Preparations,91498,1.87,195547,0.37,0.37
201711,Blood and Blood Forming Organs,B05,Blood Substitutes and Perfusion Solutions,1,0,8,0,0
201711,Blood and Blood Forming Organs,,,,,,,
201711,Cardiovascular System,C01,Cardiac Therapy,50525,1.03,768593,1.45,1.45
201711,Cardiovascular System,C02,Antihypertensives,16579,0.34,139792,0.26,0.26
201711,Cardiovascular System,C03,Diuretics,104795,2.14,292190,0.55,0.55
201711,Cardiovascular System,C04,Peripheral Vasodilators,2927,0.06,56976,0.11,0.11
201711,Cardiovascular System,C05,Vasoprotectives,9933,0.2,68263,0.13,0.13
201711,Cardiovascular System,C07,Beta Blocking Agents,166948,3.41,463191,0.87,0.87
201711,Cardiovascular System,C08,Calcium Channel Blockers,122217,2.5,450467,0.85,0.85
201711,Cardiovascular System,C09,Agents Acting On The Renin-Angiotensin System,252113,5.16,1727818,3.26,3.26
201711,Cardiovascular System,C10,Serum Lipid Reducing Agents,293434,6,2236609,4.22,4.22
201711,Cardiovascular System,,,,,,,
201711,Dermatologicals,D01,Antifungals For Dermatological Use,33307,0.68,203179,0.38,0.38
201711,Dermatologicals,D02,Emollients and Protectives,20363,0.42,54723,0.1,0.1
201711,Dermatologicals,D03,Preparations For Treatment Of Wounds and Ulcers,42,0,464,0,0
201711,Dermatologicals,D04,Antipruritics Incl. Antihistamines Anesthetics Etc.,2,0,72,0,0
201711,Dermatologicals,D05,Antipsoriatics,7369,0.15,318940,0.6,0.6
201711,Dermatologicals,D06,Antibiotics and Chemotherapeutics For Dermatological Use,10784,0.22,89254,0.17,0.17
201711,Dermatologicals,D07,Corticosteroids Dermatological Preparations,44892,0.92,236680,0.45,0.45
201711,Dermatologicals,D10,Anti-Acne Preparations,8298,0.17,122855,0.23,0.23
201711,Dermatologicals,D11,Other Dermatological Preparations,2517,0.05,116178,0.22,0.22
201711,Dermatologicals,,,,,,,
201711,Genito Urinary System and Sex Hormones,G01,Gynecological Antiinfectives and Antiseptics,1873,0.04,10548,0.02,0.02
201711,Genito Urinary System and Sex Hormones,G02,Other Gynecologicals,2515,0.05,173793,0.33,0.33
201711,Genito Urinary System and Sex Hormones,G03,Sex Hormones and Modulators Of The Genital System,81560,1.67,575291,1.09,1.09
201711,Genito Urinary System and Sex Hormones,G04,Urologicals,102638,2.1,1827110,3.45,3.45
201711,Genito Urinary System and Sex Hormones,,,,,,,
201711,Musculo-Skeletal System,M01,Antiinflammatory and Antirheumatic Products,103237,2.11,787537,1.49,1.49
201711,Musculo-Skeletal System,M02,Topical Products For Joint and Muscular Pain,64391,1.32,468064,0.88,0.88
201711,Musculo-Skeletal System,M03,Muscle Relaxants,5731,0.12,61909,0.12,0.12
201711,Musculo-Skeletal System,M04,Antigout Preparations,31984,0.65,239107,0.45,0.45
201711,Musculo-Skeletal System,M05,Drugs For Treatment Of Bone Diseases,38285,0.78,1237572,2.34,2.34
201711,Musculo-Skeletal System,M09,Other Drugs For Disorders Of The Musculo-Skeletal System,10404,0.21,121439,0.23,0.23
201711,Musculo-Skeletal System,,,,,,,
201711,Nervous System,N01,Anesthetics,12123,0.25,1014011,1.91,1.91
201711,Nervous System,N02,Analgesics,280408,5.74,2498101,4.71,4.71
201711,Nervous System,N03,Antiepileptics,120917,2.47,3068031,5.79,5.79
201711,Nervous System,N04,Anti-Parkinson Drugs,21440,0.44,393405,0.74,0.74
201711,Nervous System,N05,Psycholeptics,308003,6.3,2410021,4.55,4.55
201711,Nervous System,N06,Psychoanaleptics,303222,6.2,2355886,4.45,4.45
201711,Nervous System,N07,Other Nervous System Drugs,31632,0.65,740379,1.4,1.4
201711,Nervous System,,,,,,,
201711,Respiratory System,R01,Nasal Preparations,44376,0.91,474259,0.89,0.89
201711,Respiratory System,R02,Throat Preparations,1,0,2,0,0
201711,Respiratory System,R03,Drugs For Obstructive Airway Diseases,295932,6.05,6081665,11.48,11.48
201711,Respiratory System,R05,Cough and Cold Preparations,26398,0.54,119758,0.23,0.23
201711,Respiratory System,R06,Antihistamines For Systemic Use,53648,1.1,207827,0.39,0.39
201711,Respiratory System,,,,,,,
201711,Sensory Organs,S01,Ophthalmologicals,120309,2.46,1019295,1.92,1.92
201711,Sensory Organs,S02,Otologicals,2137,0.04,11103,0.02,0.02
201711,Sensory Organs,S03,Ophthalmological and Otological Preparations,5831,0.12,14164,0.03,0.03
201711,Sensory Organs,,,,,,,
201711,Systemic Hormonal Preparations Excl. Sex Hormones and Insulins,H01,Pituitary and Hypothalamic Hormones and Analogues,1193,0.02,65689,0.12,0.12
201711,Systemic Hormonal Preparations Excl. Sex Hormones and Insulins,H02,Corticosteroids For Systemic Use,66250,1.36,323453,0.61,0.61
201711,Systemic Hormonal Preparations Excl. Sex Hormones and Insulins,H03,Thyroid Therapy,149355,3.05,267162,0.5,0.5
201711,Systemic Hormonal Preparations Excl. Sex Hormones and Insulins,H04,Pancreatic Hormones,327,0.01,7465,0.01,0.01
201711,Systemic Hormonal Preparations Excl. Sex Hormones and Insulins,,,,,,,
201711,Various,V01,Allergens,50,0,4104,0.01,0.01
201711,Various,V03,All Other Therapeutic Products,1943,0.04,169755,0.32,0.32
201711,Various,V04,Diagnostic Agents,12976,0.27,415994,0.79,0.79
201711,Various,V06,General Nutrients,49100,1,3811369,7.19,7.19
201711,Various,V07,All Other Non-Therapeutic Products,,,,,5.2
201711,Various,V07 1,Ostomy Requisites,23710,0.48,1501336,2.83,2.83
201711,Various,V07 2,Urinary Requisites,11073,0.23,917086,1.73,1.73
201711,Various,V07 3,Needles/Syringes/Lancets,11412,0.23,138213,0.26,0.26
201711,Various,V07 4,Dressings,2684,0.05,116982,0.22,0.22
201711,Various,V07 5,Miscellaneous,5563,0.11,80401,0.15,0.15
201711,Various,,,,,,,
201712,Alimentary Tract and Metabolism,A01,Stomatological Preparations,6592,0.14,19669,0.04,0.04
201712,Alimentary Tract and Metabolism,A02,Drugs For Acid Related Disorders,337152,6.96,1916683,3.75,3.75
201712,Alimentary Tract and Metabolism,A03,Drugs For Functional Gastrointestinal Disorders,33392,0.69,131255,0.26,0.26
201712,Alimentary Tract and Metabolism,A04,Antiemetics and Antinauseants,3279,0.07,248178,0.49,0.49
201712,Alimentary Tract and Metabolism,A05,Bile and Liver Therapy,1690,0.03,49552,0.1,0.1
201712,Alimentary Tract and Metabolism,A06,Laxatives,70057,1.45,738075,1.44,1.44
201712,Alimentary Tract and Metabolism,A07,Antidiarrheals Intestinal Antiinflammatory/Antiinfective Agents,22370,0.46,684270,1.34,1.34
201712,Alimentary Tract and Metabolism,A09,Digestives Incl. Enzymes,1945,0.04,106947,0.21,0.21
201712,Alimentary Tract and Metabolism,A10,Drugs Used In Diabetes,51047,1.05,980526,1.92,1.92
201712,Alimentary Tract and Metabolism,A11,Vitamins,59314,1.22,326094,0.64,0.64
201712,Alimentary Tract and Metabolism,A12,Mineral Supplements,99689,2.06,527927,1.03,1.03
201712,Alimentary Tract and Metabolism,A14,Anabolic Agents For Systemic Use,26,0,337,0,0
201712,Alimentary Tract and Metabolism,,,,,,,
201712,Antiinfectives For Systemic Use,J01,Antibacterials For Systemic Use,255461,5.27,1401064,2.74,2.74
201712,Antiinfectives For Systemic Use,J02,Antimycotics For Systemic Use,8177,0.17,75107,0.15,0.15
201712,Antiinfectives For Systemic Use,J04,Antimycobacterials,667,0.01,16341,0.03,0.03
201712,Antiinfectives For Systemic Use,J05,Antivirals For Systemic Use,5835,0.12,220349,0.43,0.43
201712,Antiinfectives For Systemic Use,,,,,,,
201712,Antineoplastic and Immunomodulating Agents,L01,Antineoplastic Agents,3158,0.07,164535,0.32,0.32
201712,Antineoplastic and Immunomodulating Agents,L02,Endocrine Therapy,9573,0.2,201623,0.39,0.39
201712,Antineoplastic and Immunomodulating Agents,L04,Immunosuppressive Agents,15948,0.33,175917,0.34,0.34
201712,Antineoplastic and Immunomodulating Agents,,,,,,,
201712,Antiparasitic Products Insecticides and Repellents,P01,Antiprotozoals,8975,0.19,63072,0.12,0.12
201712,Antiparasitic Products Insecticides and Repellents,P02,Anthelmintics,591,0.01,2576,0.01,0.01
201712,Antiparasitic Products Insecticides and Repellents,P03,Ectoparasiticides Incl. Scabicides Insecticides and Repellents,1344,0.03,17938,0.04,0.04
201712,Antiparasitic Products Insecticides and Repellents,,,,,,,
201712,Blood and Blood Forming Organs,B01,Antithrombotic Agents,271547,5.61,3679411,7.2,7.2
201712,Blood and Blood Forming Organs,B02,Antihemorrhagics,1433,0.03,19096,0.04,0.04
201712,Blood and Blood Forming Organs,B03,Antianemic Preparations,87907,1.81,176317,0.35,0.35
201712,Blood and Blood Forming Organs,B05,Blood Substitutes and Perfusion Solutions,1,0,7,0,0
201712,Blood and Blood Forming Organs,,,,,,,
201712,Cardiovascular System,C01,Cardiac Therapy,49415,1.02,750314,1.47,1.47
201712,Cardiovascular System,C02,Antihypertensives,16490,0.34,143812,0.28,0.28
201712,Cardiovascular System,C03,Diuretics,103335,2.13,289862,0.57,0.57
201712,Cardiovascular System,C04,Peripheral Vasodilators,2767,0.06,54828,0.11,0.11
201712,Cardiovascular System,C05,Vasoprotectives,9149,0.19,61859,0.12,0.12
201712,Cardiovascular System,C07,Beta Blocking Agents,165247,3.41,460605,0.9,0.9
201712,Cardiovascular System,C08,Calcium Channel Blockers,121589,2.51,447935,0.88,0.88
201712,Cardiovascular System,C09,Agents Acting On The Renin-Angiotensin System,250633,5.17,1735493,3.4,3.4
201712,Cardiovascular System,C10,Serum Lipid Reducing Agents,291169,6.01,2220634,4.35,4.35
201712,Cardiovascular System,,,,,,,
201712,Dermatologicals,D01,Antifungals For Dermatological Use,28975,0.6,172914,0.34,0.34
201712,Dermatologicals,D02,Emollients and Protectives,18724,0.39,50865,0.1,0.1
201712,Dermatologicals,D03,Preparations For Treatment Of Wounds and Ulcers,41,0,461,0,0
201712,Dermatologicals,D04,Antipruritics Incl. Antihistamines Anesthetics Etc.,1,0,36,0,0
201712,Dermatologicals,D05,Antipsoriatics,6751,0.14,307245,0.6,0.6
201712,Dermatologicals,D06,Antibiotics and Chemotherapeutics For Dermatological Use,9798,0.2,75069,0.15,0.15
201712,Dermatologicals,D07,Corticosteroids Dermatological Preparations,40092,0.83,212061,0.42,0.42
201712,Dermatologicals,D10,Anti-Acne Preparations,7123,0.15,107864,0.21,0.21
201712,Dermatologicals,D11,Other Dermatological Preparations,2243,0.05,104384,0.2,0.2
201712,Dermatologicals,,,,,,,
201712,Genito Urinary System and Sex Hormones,G01,Gynecological Antiinfectives and Antiseptics,1645,0.03,9629,0.02,0.02
201712,Genito Urinary System and Sex Hormones,G02,Other Gynecologicals,1947,0.04,110310,0.22,0.22
201712,Genito Urinary System and Sex Hormones,G03,Sex Hormones and Modulators Of The Genital System,78299,1.62,514374,1.01,1.01
201712,Genito Urinary System and Sex Hormones,G04,Urologicals,101777,2.1,1813677,3.55,3.55
201712,Genito Urinary System and Sex Hormones,,,,,,,
201712,Musculo-Skeletal System,M01,Antiinflammatory and Antirheumatic Products,98115,2.03,746732,1.46,1.46
201712,Musculo-Skeletal System,M02,Topical Products For Joint and Muscular Pain,60299,1.24,441226,0.86,0.86
201712,Musculo-Skeletal System,M03,Muscle Relaxants,5638,0.12,60973,0.12,0.12
201712,Musculo-Skeletal System,M04,Antigout Preparations,31646,0.65,238898,0.47,0.47
201712,Musculo-Skeletal System,M05,Drugs For Treatment Of Bone Diseases,36924,0.76,1097675,2.15,2.15
201712,Musculo-Skeletal System,M09,Other Drugs For Disorders Of The Musculo-Skeletal System,10138,0.21,109984,0.22,0.22
201712,Musculo-Skeletal System,,,,,,,
201712,Nervous System,N01,Anesthetics,1545,0.03,70790,0.14,0.14
201712,Nervous System,N02,Analgesics,276444,5.71,2500673,4.89,4.89
201712,Nervous System,N03,Antiepileptics,117220,2.42,3021387,5.91,5.91
201712,Nervous System,N04,Anti-Parkinson Drugs,20913,0.43,378002,0.74,0.74
201712,Nervous System,N05,Psycholeptics,299181,6.18,2374870,4.65,4.65
201712,Nervous System,N06,Psychoanaleptics,294950,6.09,2294745,4.49,4.49
201712,Nervous System,N07,Other Nervous System Drugs,28946,0.6,650208,1.27,1.27
201712,Nervous System,,,,,,,
201712,Respiratory System,R01,Nasal Preparations,43940,0.91,469996,0.92,0.92
201712,Respiratory System,R03,Drugs For Obstructive Airway Diseases,303493,6.27,6135050,12.01,12.01
201712,Respiratory System,R05,Cough and Cold Preparations,33521,0.69,142549,0.28,0.28
201712,Respiratory System,R06,Antihistamines For Systemic Use,51815,1.07,201116,0.39,0.39
201712,Respiratory System,,,,,,,
201712,Sensory Organs,S01,Ophthalmologicals,115306,2.38,992364,1.94,1.94
201712,Sensory Organs,S02,Otologicals,1989,0.04,10264,0.02,0.02
201712,Sensory Organs,S03,Ophthalmological and Otological Preparations,5738,0.12,13642,0.03,0.03
201712,Sensory Organs,,,,,,,
201712,Systemic Hormonal Preparations Excl. Sex Hormones and Insulins,H01,Pituitary and Hypothalamic Hormones and Analogues,1109,0.02,60755,0.12,0.12
201712,Systemic Hormonal Preparations Excl. Sex Hormones and Insulins,H02,Corticosteroids For Systemic Use,78947,1.63,367955,0.72,0.72
201712,Systemic Hormonal Preparations Excl. Sex Hormones and Insulins,H03,Thyroid Therapy,148578,3.07,264132,0.52,0.52
201712,Systemic Hormonal Preparations Excl. Sex Hormones and Insulins,H04,Pancreatic Hormones,289,0.01,7093,0.01,0.01
201712,Systemic Hormonal Preparations Excl. Sex Hormones and Insulins,,,,,,,
201712,Various,V01,Allergens,40,0,3264,0.01,0.01
201712,Various,V03,All Other Therapeutic Products,1906,0.04,170478,0.33,0.33
201712,Various,V04,Diagnostic Agents,12200,0.25,386218,0.76,0.76
201712,Various,V06,General Nutrients,46437,0.96,3637138,7.12,7.12
201712,Various,V07,All Other Non-Therapeutic Products,,,,,5.2
201712,Various,V07 1,Ostomy Requisites,22865,0.47,1442581,2.82,2.82
201712,Various,V07 2,Urinary Requisites,10514,0.22,889111,1.74,1.74
201712,Various,V07 3,Needles/Syringes/Lancets,11231,0.23,134212,0.26,0.26
201712,Various,V07 4,Dressings,2107,0.04,98535,0.19,0.19
201712,Various,V07 5,Miscellaneous,5610,0.12,92653,0.18,0.18
201712,Various,,,,,,,
201801,Alimentary Tract and Metabolism,A01,Stomatological Preparations,7190,0.14,21294,0.04,0.04
201801,Alimentary Tract and Metabolism,A02,Drugs For Acid Related Disorders,346732,6.87,1961967,3.68,3.68
201801,Alimentary Tract and Metabolism,A03,Drugs For Functional Gastrointestinal Disorders,34949,0.69,133215,0.25,0.25
201801,Alimentary Tract and Metabolism,A04,Antiemetics and Antinauseants,3582,0.07,266555,0.5,0.5
201801,Alimentary Tract and Metabolism,A05,Bile and Liver Therapy,1773,0.04,52172,0.1,0.1
201801,Alimentary Tract and Metabolism,A06,Laxatives,73130,1.45,772554,1.45,1.45
201801,Alimentary Tract and Metabolism,A07,Antidiarrheals Intestinal Antiinflammatory/Antiinfective Agents,23497,0.47,698191,1.31,1.31
201801,Alimentary Tract and Metabolism,A09,Digestives Incl. Enzymes,2001,0.04,108228,0.2,0.2
201801,Alimentary Tract and Metabolism,A10,Drugs Used In Diabetes,51541,1.02,992553,1.86,1.86
201801,Alimentary Tract and Metabolism,A11,Vitamins,62496,1.24,343227,0.64,0.64
201801,Alimentary Tract and Metabolism,A12,Mineral Supplements,102201,2.02,539127,1.01,1.01
201801,Alimentary Tract and Metabolism,A14,Anabolic Agents For Systemic Use,26,0,308,0,0
201801,Alimentary Tract and Metabolism,,,,,,,
201801,Antiinfectives For Systemic Use,J01,Antibacterials For Systemic Use,277240,5.49,1531784,2.87,2.87
201801,Antiinfectives For Systemic Use,J02,Antimycotics For Systemic Use,9268,0.18,83255,0.16,0.16
201801,Antiinfectives For Systemic Use,J04,Antimycobacterials,699,0.01,16862,0.03,0.03
201801,Antiinfectives For Systemic Use,J05,Antivirals For Systemic Use,13582,0.27,364182,0.68,0.68
201801,Antiinfectives For Systemic Use,,,,,,,
201801,Antineoplastic and Immunomodulating Agents,L01,Antineoplastic Agents,3376,0.07,165163,0.31,0.31
201801,Antineoplastic and Immunomodulating Agents,L02,Endocrine Therapy,9696,0.19,205076,0.38,0.38
201801,Antineoplastic and Immunomodulating Agents,L04,Immunosuppressive Agents,16384,0.32,182032,0.34,0.34
201801,Antineoplastic and Immunomodulating Agents,,,,,,,
201801,Antiparasitic Products Insecticides and Repellents,P01,Antiprotozoals,9184,0.18,52912,0.1,0.1
201801,Antiparasitic Products Insecticides and Repellents,P02,Anthelmintics,773,0.02,3020,0.01,0.01
201801,Antiparasitic Products Insecticides and Repellents,P03,Ectoparasiticides Incl. Scabicides Insecticides and Repellents,1747,0.03,24874,0.05,0.05
201801,Antiparasitic Products Insecticides and Repellents,,,,,,,
201801,Blood and Blood Forming Organs,B01,Antithrombotic Agents,277664,5.5,3862522,7.24,7.24
201801,Blood and Blood Forming Organs,B02,Antihemorrhagics,1546,0.03,20100,0.04,0.04
201801,Blood and Blood Forming Organs,B03,Antianemic Preparations,90999,1.8,185468,0.35,0.35
201801,Blood and Blood Forming Organs,B05,Blood Substitutes and Perfusion Solutions,6,0,569,0,0
201801,Blood and Blood Forming Organs,,,,,,,
201801,Cardiovascular System,C01,Cardiac Therapy,50408,1,763067,1.43,1.43
201801,Cardiovascular System,C02,Antihypertensives,16735,0.33,146345,0.27,0.27
201801,Cardiovascular System,C03,Diuretics,105863,2.1,297482,0.56,0.56
201801,Cardiovascular System,C04,Peripheral Vasodilators,2933,0.06,55941,0.1,0.1
201801,Cardiovascular System,C05,Vasoprotectives,9970,0.2,66621,0.12,0.12
201801,Cardiovascular System,C07,Beta Blocking Agents,168006,3.33,469721,0.88,0.88
201801,Cardiovascular System,C08,Calcium Channel Blockers,124192,2.46,455180,0.85,0.85
201801,Cardiovascular System,C09,Agents Acting On The Renin-Angiotensin System,254493,5.04,1782226,3.34,3.34
201801,Cardiovascular System,C10,Serum Lipid Reducing Agents,296698,5.88,2264468,4.24,4.24
201801,Cardiovascular System,,,,,,,
201801,Dermatologicals,D01,Antifungals For Dermatological Use,31519,0.62,188557,0.35,0.35
201801,Dermatologicals,D02,Emollients and Protectives,20170,0.4,55053,0.1,0.1
201801,Dermatologicals,D03,Preparations For Treatment Of Wounds and Ulcers,41,0,560,0,0
201801,Dermatologicals,D04,Antipruritics Incl. Antihistamines Anesthetics Etc.,1,0,36,0,0
201801,Dermatologicals,D05,Antipsoriatics,7465,0.15,328705,0.62,0.62
201801,Dermatologicals,D06,Antibiotics and Chemotherapeutics For Dermatological Use,10338,0.2,84044,0.16,0.16
201801,Dermatologicals,D07,Corticosteroids Dermatological Preparations,43479,0.86,229320,0.43,0.43
201801,Dermatologicals,D10,Anti-Acne Preparations,7932,0.16,120406,0.23,0.23
201801,Dermatologicals,D11,Other Dermatological Preparations,2395,0.05,110172,0.21,0.21
201801,Dermatologicals,,,,,,,
201801,Genito Urinary System and Sex Hormones,G01,Gynecological Antiinfectives and Antiseptics,1847,0.04,10423,0.02,0.02
201801,Genito Urinary System and Sex Hormones,G02,Other Gynecologicals,2532,0.05,178159,0.33,0.33
201801,Genito Urinary System and Sex Hormones,G03,Sex Hormones and Modulators Of The Genital System,81000,1.6,583857,1.09,1.09
201801,Genito Urinary System and Sex Hormones,G04,Urologicals,104774,2.07,1864470,3.49,3.49
201801,Genito Urinary System and Sex Hormones,,,,,,,
201801,Musculo-Skeletal System,M01,Antiinflammatory and Antirheumatic Products,107979,2.14,777197,1.46,1.46
201801,Musculo-Skeletal System,M02,Topical Products For Joint and Muscular Pain,63395,1.26,464097,0.87,0.87
201801,Musculo-Skeletal System,M03,Muscle Relaxants,5910,0.12,63741,0.12,0.12
201801,Musculo-Skeletal System,M04,Antigout Preparations,32284,0.64,243016,0.46,0.46
201801,Musculo-Skeletal System,M05,Drugs For Treatment Of Bone Diseases,37930,0.75,1190798,2.23,2.23
201801,Musculo-Skeletal System,M09,Other Drugs For Disorders Of The Musculo-Skeletal System,10397,0.21,116876,0.22,0.22
201801,Musculo-Skeletal System,,,,,,,
201801,Nervous System,N01,Anesthetics,1776,0.04,76863,0.14,0.14
201801,Nervous System,N02,Analgesics,292761,5.8,2543536,4.77,4.77
201801,Nervous System,N03,Antiepileptics,121362,2.4,3106279,5.82,5.82
201801,Nervous System,N04,Anti-Parkinson Drugs,21451,0.42,388287,0.73,0.73
201801,Nervous System,N05,Psycholeptics,314226,6.22,2494968,4.68,4.68
201801,Nervous System,N06,Psychoanaleptics,307014,6.08,2387560,4.47,4.47
201801,Nervous System,N07,Other Nervous System Drugs,33250,0.66,795943,1.49,1.49
201801,Nervous System,,,,,,,
201801,Respiratory System,R01,Nasal Preparations,46952,0.93,500558,0.94,0.94
201801,Respiratory System,R03,Drugs For Obstructive Airway Diseases,308300,6.1,6274046,11.76,11.76
201801,Respiratory System,R05,Cough and Cold Preparations,41110,0.81,169045,0.32,0.32
201801,Respiratory System,R06,Antihistamines For Systemic Use,53831,1.07,205173,0.38,0.38
201801,Respiratory System,,,,,,,
201801,Sensory Organs,S01,Ophthalmologicals,120667,2.39,1030052,1.93,1.93
201801,Sensory Organs,S02,Otologicals,2116,0.04,11029,0.02,0.02
201801,Sensory Organs,S03,Ophthalmological and Otological Preparations,6591,0.13,15834,0.03,0.03
201801,Sensory Organs,,,,,,,
201801,Systemic Hormonal Preparations Excl. Sex Hormones and Insulins,H01,Pituitary and Hypothalamic Hormones and Analogues,1176,0.02,63436,0.12,0.12
201801,Systemic Hormonal Preparations Excl. Sex Hormones and Insulins,H02,Corticosteroids For Systemic Use,84598,1.68,380275,0.71,0.71
201801,Systemic Hormonal Preparations Excl. Sex Hormones and Insulins,H03,Thyroid Therapy,151532,3,270461,0.51,0.51
201801,Systemic Hormonal Preparations Excl. Sex Hormones and Insulins,H04,Pancreatic Hormones,306,0.01,7343,0.01,0.01
201801,Systemic Hormonal Preparations Excl. Sex Hormones and Insulins,,,,,,,
201801,Various,V01,Allergens,62,0,4991,0.01,0.01
201801,Various,V03,All Other Therapeutic Products,1965,0.04,176442,0.33,0.33
201801,Various,V04,Diagnostic Agents,12619,0.25,404483,0.76,0.76
201801,Various,V06,General Nutrients,49409,0.98,3791304,7.1,7.1
201801,Various,V07,All Other Non-Therapeutic Products,,,,,5.19
201801,Various,V07 1,Ostomy Requisites,23912,0.47,1485089,2.78,2.78
201801,Various,V07 2,Urinary Requisites,11056,0.22,928453,1.74,1.74
201801,Various,V07 3,Needles/Syringes/Lancets,11040,0.22,136108,0.26,0.26
201801,Various,V07 4,Dressings,2971,0.06,132774,0.25,0.25
201801,Various,V07 5,Miscellaneous,6079,0.12,90036,0.17,0.17
201801,Various,,,,,,,
201802,Alimentary Tract and Metabolism,A01,Stomatological Preparations,6254,0.14,18387,0.04,0.04
201802,Alimentary Tract and Metabolism,A02,Drugs For Acid Related Disorders,317829,6.97,1807129,3.73,3.73
201802,Alimentary Tract and Metabolism,A03,Drugs For Functional Gastrointestinal Disorders,31226,0.68,124790,0.26,0.26
201802,Alimentary Tract and Metabolism,A04,Antiemetics and Antinauseants,3049,0.07,233923,0.48,0.48
201802,Alimentary Tract and Metabolism,A05,Bile and Liver Therapy,1633,0.04,44148,0.09,0.09
201802,Alimentary Tract and Metabolism,A06,Laxatives,67217,1.47,707187,1.46,1.46
201802,Alimentary Tract and Metabolism,A07,Antidiarrheals Intestinal Antiinflammatory/Antiinfective Agents,21132,0.46,654672,1.35,1.35
201802,Alimentary Tract and Metabolism,A09,Digestives Incl. Enzymes,1890,0.04,101048,0.21,0.21
201802,Alimentary Tract and Metabolism,A10,Drugs Used In Diabetes,47327,1.04,900075,1.86,1.86
201802,Alimentary Tract and Metabolism,A11,Vitamins,59924,1.31,332802,0.69,0.69
201802,Alimentary Tract and Metabolism,A12,Mineral Supplements,94393,2.07,499049,1.03,1.03
201802,Alimentary Tract and Metabolism,A14,Anabolic Agents For Systemic Use,18,0,245,0,0
201802,Alimentary Tract and Metabolism,,,,,,,
201802,Antiinfectives For Systemic Use,J01,Antibacterials For Systemic Use,214289,4.7,1219351,2.52,2.52
201802,Antiinfectives For Systemic Use,J02,Antimycotics For Systemic Use,7804,0.17,72197,0.15,0.15
201802,Antiinfectives For Systemic Use,J04,Antimycobacterials,675,0.01,15818,0.03,0.03
201802,Antiinfectives For Systemic Use,J05,Antivirals For Systemic Use,8394,0.18,258991,0.54,0.54
201802,Antiinfectives For Systemic Use,,,,,,,
201802,Antineoplastic and Immunomodulating Agents,L01,Antineoplastic Agents,3034,0.07,142548,0.29,0.29
201802,Antineoplastic and Immunomodulating Agents,L02,Endocrine Therapy,8971,0.2,188291,0.39,0.39
201802,Antineoplastic and Immunomodulating Agents,L04,Immunosuppressive Agents,15059,0.33,169833,0.35,0.35
201802,Antineoplastic and Immunomodulating Agents,,,,,,,
201802,Antiparasitic Products Insecticides and Repellents,P01,Antiprotozoals,8377,0.18,46899,0.1,0.1
201802,Antiparasitic Products Insecticides and Repellents,P02,Anthelmintics,685,0.02,6860,0.01,0.01
201802,Antiparasitic Products Insecticides and Repellents,P03,Ectoparasiticides Incl. Scabicides Insecticides and Repellents,1439,0.03,19069,0.04,0.04
201802,Antiparasitic Products Insecticides and Repellents,,,,,,,
201802,Blood and Blood Forming Organs,B01,Antithrombotic Agents,255356,5.6,3568561,7.37,7.37
201802,Blood and Blood Forming Organs,B02,Antihemorrhagics,1389,0.03,17683,0.04,0.04
201802,Blood and Blood Forming Organs,B03,Antianemic Preparations,84380,1.85,173844,0.36,0.36
201802,Blood and Blood Forming Organs,B05,Blood Substitutes and Perfusion Solutions,3,0,435,0,0
201802,Blood and Blood Forming Organs,,,,,,,
201802,Cardiovascular System,C01,Cardiac Therapy,46403,1.02,704373,1.46,1.46
201802,Cardiovascular System,C02,Antihypertensives,15516,0.34,135862,0.28,0.28
201802,Cardiovascular System,C03,Diuretics,96923,2.13,273210,0.56,0.56
201802,Cardiovascular System,C04,Peripheral Vasodilators,2781,0.06,47248,0.1,0.1
201802,Cardiovascular System,C05,Vasoprotectives,9012,0.2,60931,0.13,0.13
201802,Cardiovascular System,C07,Beta Blocking Agents,155858,3.42,432971,0.89,0.89
201802,Cardiovascular System,C08,Calcium Channel Blockers,115516,2.53,422547,0.87,0.87
201802,Cardiovascular System,C09,Agents Acting On The Renin-Angiotensin System,236651,5.19,1680946,3.47,3.47
201802,Cardiovascular System,C10,Serum Lipid Reducing Agents,275389,6.04,2103595,4.35,4.35
201802,Cardiovascular System,,,,,,,
201802,Dermatologicals,D01,Antifungals For Dermatological Use,28971,0.64,173140,0.36,0.36
201802,Dermatologicals,D02,Emollients and Protectives,19013,0.42,51290,0.11,0.11
201802,Dermatologicals,D03,Preparations For Treatment Of Wounds and Ulcers,54,0,687,0,0
201802,Dermatologicals,D04,Antipruritics Incl. Antihistamines Anesthetics Etc.,1,0,36,0,0
201802,Dermatologicals,D05,Antipsoriatics,6694,0.15,302308,0.62,0.62
201802,Dermatologicals,D06,Antibiotics and Chemotherapeutics For Dermatological Use,9320,0.2,72674,0.15,0.15
201802,Dermatologicals,D07,Corticosteroids Dermatological Preparations,40434,0.89,211040,0.44,0.44
201802,Dermatologicals,D10,Anti-Acne Preparations,7161,0.16,108393,0.22,0.22
201802,Dermatologicals,D11,Other Dermatological Preparations,2273,0.05,99303,0.21,0.21
201802,Dermatologicals,,,,,,,
201802,Genito Urinary System and Sex Hormones,G01,Gynecological Antiinfectives and Antiseptics,1581,0.03,9269,0.02,0.02
201802,Genito Urinary System and Sex Hormones,G02,Other Gynecologicals,2383,0.05,172760,0.36,0.36
201802,Genito Urinary System and Sex Hormones,G03,Sex Hormones and Modulators Of The Genital System,74238,1.63,531266,1.1,1.1
201802,Genito Urinary System and Sex Hormones,G04,Urologicals,96951,2.13,1694345,3.5,3.5
201802,Genito Urinary System and Sex Hormones,,,,,,,
201802,Musculo-Skeletal System,M01,Antiinflammatory and Antirheumatic Products,96637,2.12,620483,1.28,1.28
201802,Musculo-Skeletal System,M02,Topical Products For Joint and Muscular Pain,59238,1.3,436827,0.9,0.9
201802,Musculo-Skeletal System,M03,Muscle Relaxants,5436,0.12,58854,0.12,0.12
201802,Musculo-Skeletal System,M04,Antigout Preparations,30095,0.66,227942,0.47,0.47
201802,Musculo-Skeletal System,M05,Drugs For Treatment Of Bone Diseases,34755,0.76,1071939,2.21,2.21
201802,Musculo-Skeletal System,M09,Other Drugs For Disorders Of The Musculo-Skeletal System,9497,0.21,106169,0.22,0.22
201802,Musculo-Skeletal System,,,,,,,
201802,Nervous System,N01,Anesthetics,1728,0.04,89883,0.19,0.19
201802,Nervous System,N02,Analgesics,262755,5.76,2329686,4.81,4.81
201802,Nervous System,N03,Antiepileptics,110946,2.43,2839046,5.87,5.87
201802,Nervous System,N04,Anti-Parkinson Drugs,19645,0.43,339260,0.7,0.7
201802,Nervous System,N05,Psycholeptics,283084,6.21,2241871,4.63,4.63
201802,Nervous System,N06,Psychoanaleptics,281485,6.17,2178957,4.5,4.5
201802,Nervous System,N07,Other Nervous System Drugs,29937,0.66,708753,1.46,1.46
201802,Nervous System,,,,,,,
201802,Respiratory System,R01,Nasal Preparations,42030,0.92,449566,0.93,0.93
201802,Respiratory System,R03,Drugs For Obstructive Airway Diseases,276506,6.06,5703249,11.78,11.78
201802,Respiratory System,R05,Cough and Cold Preparations,28266,0.62,123475,0.26,0.26
201802,Respiratory System,R06,Antihistamines For Systemic Use,49247,1.08,189621,0.39,0.39
201802,Respiratory System,,,,,,,
201802,Sensory Organs,S01,Ophthalmologicals,112523,2.47,956035,1.98,1.98
201802,Sensory Organs,S02,Otologicals,1679,0.04,8755,0.02,0.02
201802,Sensory Organs,S03,Ophthalmological and Otological Preparations,5517,0.12,13615,0.03,0.03
201802,Sensory Organs,,,,,,,
201802,Systemic Hormonal Preparations Excl. Sex Hormones and Insulins,H01,Pituitary and Hypothalamic Hormones and Analogues,1055,0.02,57303,0.12,0.12
201802,Systemic Hormonal Preparations Excl. Sex Hormones and Insulins,H02,Corticosteroids For Systemic Use,64435,1.41,306857,0.63,0.63
201802,Systemic Hormonal Preparations Excl. Sex Hormones and Insulins,H03,Thyroid Therapy,140512,3.08,249613,0.52,0.52
201802,Systemic Hormonal Preparations Excl. Sex Hormones and Insulins,H04,Pancreatic Hormones,304,0.01,6912,0.01,0.01
201802,Systemic Hormonal Preparations Excl. Sex Hormones and Insulins,,,,,,,
201802,Various,V01,Allergens,82,0,6655,0.01,0.01
201802,Various,V03,All Other Therapeutic Products,1783,0.04,156947,0.32,0.32
201802,Various,V04,Diagnostic Agents,11682,0.26,368032,0.76,0.76
201802,Various,V06,General Nutrients,44512,0.98,3439207,7.11,7.11
201802,Various,V07,All Other Non-Therapeutic Products,,,,,5.17
201802,Various,V07 1,Ostomy Requisites,21867,0.48,1338735,2.77,2.77
201802,Various,V07 2,Urinary Requisites,10070,0.22,848520,1.75,1.75
201802,Various,V07 3,Needles/Syringes/Lancets,9702,0.21,117101,0.24,0.24
201802,Various,V07 4,Dressings,2873,0.06,120993,0.25,0.25
201802,Various,V07 5,Miscellaneous,5345,0.12,77889,0.16,0.16
201802,Various,,,,,,,
201803,Alimentary Tract and Metabolism,A01,Stomatological Preparations,6389,0.13,19090,0.04,0.04
201803,Alimentary Tract and Metabolism,A02,Drugs For Acid Related Disorders,338875,7.05,1921314,3.74,3.74
201803,Alimentary Tract and Metabolism,A03,Drugs For Functional Gastrointestinal Disorders,32835,0.68,127510,0.25,0.25
201803,Alimentary Tract and Metabolism,A04,Antiemetics and Antinauseants,3232,0.07,235312,0.46,0.46
201803,Alimentary Tract and Metabolism,A05,Bile and Liver Therapy,1757,0.04,46840,0.09,0.09
201803,Alimentary Tract and Metabolism,A06,Laxatives,71187,1.48,749297,1.46,1.46
201803,Alimentary Tract and Metabolism,A07,Antidiarrheals Intestinal Antiinflammatory/Antiinfective Agents,22248,0.46,694258,1.35,1.35
201803,Alimentary Tract and Metabolism,A09,Digestives Incl. Enzymes,2062,0.04,110745,0.22,0.22
201803,Alimentary Tract and Metabolism,A10,Drugs Used In Diabetes,50642,1.05,965016,1.88,1.88
201803,Alimentary Tract and Metabolism,A11,Vitamins,65462,1.36,363222,0.71,0.71
201803,Alimentary Tract and Metabolism,A12,Mineral Supplements,100864,2.1,533888,1.04,1.04
201803,Alimentary Tract and Metabolism,A14,Anabolic Agents For Systemic Use,30,0,364,0,0
201803,Alimentary Tract and Metabolism,,,,,,,
201803,Antiinfectives For Systemic Use,J01,Antibacterials For Systemic Use,206509,4.3,1209373,2.36,2.36
201803,Antiinfectives For Systemic Use,J02,Antimycotics For Systemic Use,7902,0.16,72430,0.14,0.14
201803,Antiinfectives For Systemic Use,J04,Antimycobacterials,713,0.01,16806,0.03,0.03
201803,Antiinfectives For Systemic Use,J05,Antivirals For Systemic Use,6698,0.14,230505,0.45,0.45
201803,Antiinfectives For Systemic Use,,,,,,,
201803,Antineoplastic and Immunomodulating Agents,L01,Antineoplastic Agents,3215,0.07,152663,0.3,0.3
201803,Antineoplastic and Immunomodulating Agents,L02,Endocrine Therapy,9660,0.2,202691,0.39,0.39
201803,Antineoplastic and Immunomodulating Agents,L04,Immunosuppressive Agents,15958,0.33,181636,0.35,0.35
201803,Antineoplastic and Immunomodulating Agents,,,,,,,
201803,Antiparasitic Products Insecticides and Repellents,P01,Antiprotozoals,8985,0.19,54935,0.11,0.11
201803,Antiparasitic Products Insecticides and Repellents,P02,Anthelmintics,554,0.01,2301,0,0
201803,Antiparasitic Products Insecticides and Repellents,P03,Ectoparasiticides Incl. Scabicides Insecticides and Repellents,1304,0.03,18321,0.04,0.04
201803,Antiparasitic Products Insecticides and Repellents,,,,,,,
201803,Blood and Blood Forming Organs,B01,Antithrombotic Agents,271909,5.66,3834047,7.47,7.47
201803,Blood and Blood Forming Organs,B02,Antihemorrhagics,1344,0.03,17603,0.03,0.03
201803,Blood and Blood Forming Organs,B03,Antianemic Preparations,90080,1.87,182096,0.35,0.35
201803,Blood and Blood Forming Organs,B05,Blood Substitutes and Perfusion Solutions,2,0,351,0,0
201803,Blood and Blood Forming Organs,,,,,,,
201803,Cardiovascular System,C01,Cardiac Therapy,49455,1.03,763592,1.49,1.49
201803,Cardiovascular System,C02,Antihypertensives,16350,0.34,143704,0.28,0.28
201803,Cardiovascular System,C03,Diuretics,103405,2.15,288131,0.56,0.56
201803,Cardiovascular System,C04,Peripheral Vasodilators,2875,0.06,45654,0.09,0.09
201803,Cardiovascular System,C05,Vasoprotectives,9354,0.19,62625,0.12,0.12
201803,Cardiovascular System,C07,Beta Blocking Agents,165798,3.45,463550,0.9,0.9
201803,Cardiovascular System,C08,Calcium Channel Blockers,123700,2.57,449499,0.88,0.88
201803,Cardiovascular System,C09,Agents Acting On The Renin-Angiotensin System,251458,5.23,1794306,3.5,3.5
201803,Cardiovascular System,C10,Serum Lipid Reducing Agents,293404,6.11,2240188,4.37,4.37
201803,Cardiovascular System,,,,,,,
201803,Dermatologicals,D01,Antifungals For Dermatological Use,30112,0.63,182583,0.36,0.36
201803,Dermatologicals,D02,Emollients and Protectives,20393,0.42,55384,0.11,0.11
201803,Dermatologicals,D03,Preparations For Treatment Of Wounds and Ulcers,52,0,604,0,0
201803,Dermatologicals,D04,Antipruritics Incl. Antihistamines Anesthetics Etc.,1,0,36,0,0
201803,Dermatologicals,D05,Antipsoriatics,7076,0.15,309574,0.6,0.6
201803,Dermatologicals,D06,Antibiotics and Chemotherapeutics For Dermatological Use,9743,0.2,76282,0.15,0.15
201803,Dermatologicals,D07,Corticosteroids Dermatological Preparations,42936,0.89,224711,0.44,0.44
201803,Dermatologicals,D10,Anti-Acne Preparations,7243,0.15,110901,0.22,0.22
201803,Dermatologicals,D11,Other Dermatological Preparations,2432,0.05,104455,0.2,0.2
201803,Dermatologicals,,,,,,,
201803,Genito Urinary System and Sex Hormones,G01,Gynecological Antiinfectives and Antiseptics,1504,0.03,8682,0.02,0.02
201803,Genito Urinary System and Sex Hormones,G02,Other Gynecologicals,2339,0.05,156423,0.3,0.3
201803,Genito Urinary System and Sex Hormones,G03,Sex Hormones and Modulators Of The Genital System,79020,1.64,557428,1.09,1.09
201803,Genito Urinary System and Sex Hormones,G04,Urologicals,103211,2.15,1817925,3.54,3.54
201803,Genito Urinary System and Sex Hormones,,,,,,,
201803,Musculo-Skeletal System,M01,Antiinflammatory and Antirheumatic Products,100133,2.08,653926,1.27,1.27
201803,Musculo-Skeletal System,M02,Topical Products For Joint and Muscular Pain,62534,1.3,457859,0.89,0.89
201803,Musculo-Skeletal System,M03,Muscle Relaxants,5812,0.12,62321,0.12,0.12
201803,Musculo-Skeletal System,M04,Antigout Preparations,32165,0.67,243391,0.47,0.47
201803,Musculo-Skeletal System,M05,Drugs For Treatment Of Bone Diseases,36899,0.77,1202687,2.34,2.34
201803,Musculo-Skeletal System,M09,Other Drugs For Disorders Of The Musculo-Skeletal System,10159,0.21,110383,0.22,0.22
201803,Musculo-Skeletal System,,,,,,,
201803,Nervous System,N01,Anesthetics,2053,0.04,119809,0.23,0.23
201803,Nervous System,N02,Analgesics,275892,5.74,2460198,4.79,4.79
201803,Nervous System,N03,Antiepileptics,118175,2.46,3023133,5.89,5.89
201803,Nervous System,N04,Anti-Parkinson Drugs,20781,0.43,356791,0.7,0.7
201803,Nervous System,N05,Psycholeptics,300846,6.26,2411932,4.7,4.7
201803,Nervous System,N06,Psychoanaleptics,301476,6.27,2328552,4.54,4.54
201803,Nervous System,N07,Other Nervous System Drugs,30900,0.64,720826,1.4,1.4
201803,Nervous System,,,,,,,
201803,Respiratory System,R01,Nasal Preparations,44002,0.92,472866,0.92,0.92
201803,Respiratory System,R03,Drugs For Obstructive Airway Diseases,288143,6,5997639,11.69,11.69
201803,Respiratory System,R05,Cough and Cold Preparations,25316,0.53,116882,0.23,0.23
201803,Respiratory System,R06,Antihistamines For Systemic Use,52765,1.1,204127,0.4,0.4
201803,Respiratory System,,,,,,,
201803,Sensory Organs,S01,Ophthalmologicals,118985,2.48,1015838,1.98,1.98
201803,Sensory Organs,S02,Otologicals,1703,0.04,8877,0.02,0.02
201803,Sensory Organs,S03,Ophthalmological and Otological Preparations,5461,0.11,13756,0.03,0.03
201803,Sensory Organs,,,,,,,
201803,Systemic Hormonal Preparations Excl. Sex Hormones and Insulins,H01,Pituitary and Hypothalamic Hormones and Analogues,1135,0.02,61484,0.12,0.12
201803,Systemic Hormonal Preparations Excl. Sex Hormones and Insulins,H02,Corticosteroids For Systemic Use,63993,1.33,313003,0.61,0.61
201803,Systemic Hormonal Preparations Excl. Sex Hormones and Insulins,H03,Thyroid Therapy,149990,3.12,266649,0.52,0.52
201803,Systemic Hormonal Preparations Excl. Sex Hormones and Insulins,H04,Pancreatic Hormones,322,0.01,7172,0.01,0.01
201803,Systemic Hormonal Preparations Excl. Sex Hormones and Insulins,,,,,,,
201803,Various,V01,Allergens,90,0,7403,0.01,0.01
201803,Various,V03,All Other Therapeutic Products,1922,0.04,168195,0.33,0.33
201803,Various,V04,Diagnostic Agents,12179,0.25,382424,0.75,0.75
201803,Various,V06,General Nutrients,46816,0.97,3626121,7.07,7.07
201803,Various,V07,All Other Non-Therapeutic Products,,,,,5.27
201803,Various,V07 1,Ostomy Requisites,23898,0.5,1482539,2.89,2.89
201803,Various,V07 2,Urinary Requisites,10568,0.22,896226,1.75,1.75
201803,Various,V07 3,Needles/Syringes/Lancets,9778,0.2,119545,0.23,0.23
201803,Various,V07 4,Dressings,2964,0.06,121457,0.24,0.24
201803,Various,V07 5,Miscellaneous,5550,0.12,84836,0.17,0.17
201803,Various,,,,,,,
201804,Alimentary Tract and Metabolism,A01,Stomatological Preparations,6419,0.14,18949,0.04,0.04
201804,Alimentary Tract and Metabolism,A02,Drugs For Acid Related Disorders,328745,7.06,1867960,3.73,3.73
201804,Alimentary Tract and Metabolism,A03,Drugs For Functional Gastrointestinal Disorders,32251,0.69,127996,0.26,0.26
201804,Alimentary Tract and Metabolism,A04,Antiemetics and Antinauseants,3253,0.07,245432,0.49,0.49
201804,Alimentary Tract and Metabolism,A05,Bile and Liver Therapy,1694,0.04,45600,0.09,0.09
201804,Alimentary Tract and Metabolism,A06,Laxatives,69946,1.5,738110,1.47,1.47
201804,Alimentary Tract and Metabolism,A07,Antidiarrheals Intestinal Antiinflammatory/Antiinfective Agents,21749,0.47,669250,1.34,1.34
201804,Alimentary Tract and Metabolism,A09,Digestives Incl. Enzymes,1947,0.04,107610,0.21,0.21
201804,Alimentary Tract and Metabolism,A10,Drugs Used In Diabetes,48662,1.05,928107,1.85,1.85
201804,Alimentary Tract and Metabolism,A11,Vitamins,65525,1.41,366737,0.73,0.73
201804,Alimentary Tract and Metabolism,A12,Mineral Supplements,97652,2.1,518769,1.04,1.04
201804,Alimentary Tract and Metabolism,A14,Anabolic Agents For Systemic Use,31,0,403,0,0
201804,Alimentary Tract and Metabolism,,,,,,,
201804,Antiinfectives For Systemic Use,J01,Antibacterials For Systemic Use,190872,4.1,1138906,2.27,2.27
201804,Antiinfectives For Systemic Use,J02,Antimycotics For Systemic Use,7823,0.17,75238,0.15,0.15
201804,Antiinfectives For Systemic Use,J04,Antimycobacterials,662,0.01,15367,0.03,0.03
201804,Antiinfectives For Systemic Use,J05,Antivirals For Systemic Use,5662,0.12,214827,0.43,0.43
201804,Antiinfectives For Systemic Use,,,,,,,
201804,Antineoplastic and Immunomodulating Agents,L01,Antineoplastic Agents,3155,0.07,146361,0.29,0.29
201804,Antineoplastic and Immunomodulating Agents,L02,Endocrine Therapy,9232,0.2,198168,0.4,0.4
201804,Antineoplastic and Immunomodulating Agents,L04,Immunosuppressive Agents,15543,0.33,180190,0.36,0.36
201804,Antineoplastic and Immunomodulating Agents,,,,,,,
201804,Antiparasitic Products Insecticides and Repellents,P01,Antiprotozoals,8647,0.19,46307,0.09,0.09
201804,Antiparasitic Products Insecticides and Repellents,P02,Anthelmintics,557,0.01,2226,0,0
201804,Antiparasitic Products Insecticides and Repellents,P03,Ectoparasiticides Incl. Scabicides Insecticides and Repellents,1259,0.03,18344,0.04,0.04
201804,Antiparasitic Products Insecticides and Repellents,,,,,,,
201804,Blood and Blood Forming Organs,B01,Antithrombotic Agents,261502,5.62,3747496,7.48,7.48
201804,Blood and Blood Forming Organs,B02,Antihemorrhagics,1494,0.03,18740,0.04,0.04
201804,Blood and Blood Forming Organs,B03,Antianemic Preparations,88570,1.9,182158,0.36,0.36
201804,Blood and Blood Forming Organs,B05,Blood Substitutes and Perfusion Solutions,3,0,372,0,0
201804,Blood and Blood Forming Organs,,,,,,,
201804,Cardiovascular System,C01,Cardiac Therapy,47763,1.03,743658,1.48,1.48
201804,Cardiovascular System,C02,Antihypertensives,15771,0.34,140779,0.28,0.28
201804,Cardiovascular System,C03,Diuretics,100342,2.16,278913,0.56,0.56
201804,Cardiovascular System,C04,Peripheral Vasodilators,2759,0.06,43005,0.09,0.09
201804,Cardiovascular System,C05,Vasoprotectives,9477,0.2,63455,0.13,0.13
201804,Cardiovascular System,C07,Beta Blocking Agents,159327,3.42,449185,0.9,0.9
201804,Cardiovascular System,C08,Calcium Channel Blockers,118878,2.55,432276,0.86,0.86
201804,Cardiovascular System,C09,Agents Acting On The Renin-Angiotensin System,241602,5.19,1731697,3.46,3.46
201804,Cardiovascular System,C10,Serum Lipid Reducing Agents,282016,6.06,2153541,4.3,4.3
201804,Cardiovascular System,,,,,,,
201804,Dermatologicals,D01,Antifungals For Dermatological Use,30175,0.65,186796,0.37,0.37
201804,Dermatologicals,D02,Emollients and Protectives,19536,0.42,53037,0.11,0.11
201804,Dermatologicals,D03,Preparations For Treatment Of Wounds and Ulcers,49,0,627,0,0
201804,Dermatologicals,D04,Antipruritics Incl. Antihistamines Anesthetics Etc.,1,0,36,0,0
201804,Dermatologicals,D05,Antipsoriatics,6995,0.15,307836,0.61,0.61
201804,Dermatologicals,D06,Antibiotics and Chemotherapeutics For Dermatological Use,9753,0.21,78206,0.16,0.16
201804,Dermatologicals,D07,Corticosteroids Dermatological Preparations,42459,0.91,221221,0.44,0.44
201804,Dermatologicals,D10,Anti-Acne Preparations,7287,0.16,111630,0.22,0.22
201804,Dermatologicals,D11,Other Dermatological Preparations,2463,0.05,107104,0.21,0.21
201804,Dermatologicals,,,,,,,
201804,Genito Urinary System and Sex Hormones,G01,Gynecological Antiinfectives and Antiseptics,1511,0.03,9440,0.02,0.02
201804,Genito Urinary System and Sex Hormones,G02,Other Gynecologicals,2364,0.05,165502,0.33,0.33
201804,Genito Urinary System and Sex Hormones,G03,Sex Hormones and Modulators Of The Genital System,76903,1.65,557050,1.11,1.11
201804,Genito Urinary System and Sex Hormones,G04,Urologicals,100367,2.16,1764357,3.52,3.52
201804,Genito Urinary System and Sex Hormones,,,,,,,
201804,Musculo-Skeletal System,M01,Antiinflammatory and Antirheumatic Products,99066,2.13,643886,1.29,1.29
201804,Musculo-Skeletal System,M02,Topical Products For Joint and Muscular Pain,62554,1.34,465244,0.93,0.93
201804,Musculo-Skeletal System,M03,Muscle Relaxants,5662,0.12,60421,0.12,0.12
201804,Musculo-Skeletal System,M04,Antigout Preparations,31373,0.67,236688,0.47,0.47
201804,Musculo-Skeletal System,M05,Drugs For Treatment Of Bone Diseases,35751,0.77,1216272,2.43,2.43
201804,Musculo-Skeletal System,M09,Other Drugs For Disorders Of The Musculo-Skeletal System,9805,0.21,115560,0.23,0.23
201804,Musculo-Skeletal System,,,,,,,
201804,Nervous System,N01,Anesthetics,2110,0.05,118735,0.24,0.24
201804,Nervous System,N02,Analgesics,267976,5.76,2423721,4.84,4.84
201804,Nervous System,N03,Antiepileptics,115177,2.47,2948164,5.88,5.88
201804,Nervous System,N04,Anti-Parkinson Drugs,20381,0.44,354266,0.71,0.71
201804,Nervous System,N05,Psycholeptics,292927,6.29,2332790,4.66,4.66
201804,Nervous System,N06,Psychoanaleptics,293282,6.3,2277969,4.55,4.55
201804,Nervous System,N07,Other Nervous System Drugs,30002,0.64,695700,1.39,1.39
201804,Nervous System,,,,,,,
201804,Respiratory System,R01,Nasal Preparations,43789,0.94,475835,0.95,0.95
201804,Respiratory System,R03,Drugs For Obstructive Airway Diseases,275092,5.91,5773926,11.52,11.52
201804,Respiratory System,R05,Cough and Cold Preparations,22068,0.47,106894,0.21,0.21
201804,Respiratory System,R06,Antihistamines For Systemic Use,55319,1.19,215138,0.43,0.43
201804,Respiratory System,,,,,,,
201804,Sensory Organs,S01,Ophthalmologicals,117445,2.52,997913,1.99,1.99
201804,Sensory Organs,S02,Otologicals,1828,0.04,9588,0.02,0.02
201804,Sensory Organs,S03,Ophthalmological and Otological Preparations,5323,0.11,13512,0.03,0.03
201804,Sensory Organs,,,,,,,
201804,Systemic Hormonal Preparations Excl. Sex Hormones and Insulins,H01,Pituitary and Hypothalamic Hormones and Analogues,1075,0.02,57275,0.11,0.11
201804,Systemic Hormonal Preparations Excl. Sex Hormones and Insulins,H02,Corticosteroids For Systemic Use,59129,1.27,292219,0.58,0.58
201804,Systemic Hormonal Preparations Excl. Sex Hormones and Insulins,H03,Thyroid Therapy,144847,3.11,258707,0.52,0.52
201804,Systemic Hormonal Preparations Excl. Sex Hormones and Insulins,H04,Pancreatic Hormones,310,0.01,7390,0.01,0.01
201804,Systemic Hormonal Preparations Excl. Sex Hormones and Insulins,,,,,,,
201804,Various,V01,Allergens,90,0,7394,0.01,0.01
201804,Various,V03,All Other Therapeutic Products,1831,0.04,159245,0.32,0.32
201804,Various,V04,Diagnostic Agents,11880,0.26,367929,0.73,0.73
201804,Various,V06,General Nutrients,46868,1.01,3637765,7.26,7.26
201804,Various,V07,All Other Non-Therapeutic Products,,,,,5.22
201804,Various,V07 1,Ostomy Requisites,23235,0.5,1409136,2.81,2.81
201804,Various,V07 2,Urinary Requisites,10550,0.23,888973,1.77,1.77
201804,Various,V07 3,Needles/Syringes/Lancets,9233,0.2,114246,0.23,0.23
201804,Various,V07 4,Dressings,3192,0.07,123143,0.25,0.25
201804,Various,V07 5,Miscellaneous,5290,0.11,80399,0.16,0.16
201804,Various,,,,,,,
201805,Alimentary Tract and Metabolism,A01,Stomatological Preparations,6907,0.14,20370,0.04,0.04
201805,Alimentary Tract and Metabolism,A02,Drugs For Acid Related Disorders,346960,7.02,1974334,3.71,3.71
201805,Alimentary Tract and Metabolism,A03,Drugs For Functional Gastrointestinal Disorders,33416,0.68,133972,0.25,0.25
201805,Alimentary Tract and Metabolism,A04,Antiemetics and Antinauseants,3476,0.07,263801,0.5,0.5
201805,Alimentary Tract and Metabolism,A05,Bile and Liver Therapy,1805,0.04,48731,0.09,0.09
201805,Alimentary Tract and Metabolism,A06,Laxatives,73597,1.49,779892,1.47,1.47
201805,Alimentary Tract and Metabolism,A07,Antidiarrheals Intestinal Antiinflammatory/Antiinfective Agents,23200,0.47,716314,1.35,1.35
201805,Alimentary Tract and Metabolism,A09,Digestives Incl. Enzymes,2091,0.04,113682,0.21,0.21
201805,Alimentary Tract and Metabolism,A10,Drugs Used In Diabetes,50783,1.03,973734,1.83,1.83
201805,Alimentary Tract and Metabolism,A11,Vitamins,70323,1.42,389476,0.73,0.73
201805,Alimentary Tract and Metabolism,A12,Mineral Supplements,103401,2.09,549266,1.03,1.03
201805,Alimentary Tract and Metabolism,A14,Anabolic Agents For Systemic Use,36,0,443,0,0
201805,Alimentary Tract and Metabolism,,,,,,,
201805,Antiinfectives For Systemic Use,J01,Antibacterials For Systemic Use,201083,4.07,1205631,2.27,2.27
201805,Antiinfectives For Systemic Use,J02,Antimycotics For Systemic Use,8740,0.18,82138,0.15,0.15
201805,Antiinfectives For Systemic Use,J04,Antimycobacterials,695,0.01,16496,0.03,0.03
201805,Antiinfectives For Systemic Use,J05,Antivirals For Systemic Use,5456,0.11,221920,0.42,0.42
201805,Antiinfectives For Systemic Use,,,,,,,
201805,Antineoplastic and Immunomodulating Agents,L01,Antineoplastic Agents,3438,0.07,163085,0.31,0.31
201805,Antineoplastic and Immunomodulating Agents,L02,Endocrine Therapy,9828,0.2,207626,0.39,0.39
201805,Antineoplastic and Immunomodulating Agents,L04,Immunosuppressive Agents,16384,0.33,192548,0.36,0.36
201805,Antineoplastic and Immunomodulating Agents,,,,,,,
201805,Antiparasitic Products Insecticides and Repellents,P01,Antiprotozoals,9415,0.19,55427,0.1,0.1
201805,Antiparasitic Products Insecticides and Repellents,P02,Anthelmintics,607,0.01,2146,0,0
201805,Antiparasitic Products Insecticides and Repellents,P03,Ectoparasiticides Incl. Scabicides Insecticides and Repellents,1226,0.02,17200,0.03,0.03
201805,Antiparasitic Products Insecticides and Repellents,,,,,,,
201805,Blood and Blood Forming Organs,B01,Antithrombotic Agents,275952,5.58,3967921,7.46,7.46
201805,Blood and Blood Forming Organs,B02,Antihemorrhagics,1619,0.03,20466,0.04,0.04
201805,Blood and Blood Forming Organs,B03,Antianemic Preparations,94384,1.91,196732,0.37,0.37
201805,Blood and Blood Forming Organs,B05,Blood Substitutes and Perfusion Solutions,2,0,337,0,0
201805,Blood and Blood Forming Organs,,,,,,,
201805,Cardiovascular System,C01,Cardiac Therapy,50448,1.02,781478,1.47,1.47
201805,Cardiovascular System,C02,Antihypertensives,16799,0.34,149795,0.28,0.28
201805,Cardiovascular System,C03,Diuretics,107025,2.16,296503,0.56,0.56
201805,Cardiovascular System,C04,Peripheral Vasodilators,2934,0.06,44061,0.08,0.08
201805,Cardiovascular System,C05,Vasoprotectives,10155,0.21,66055,0.12,0.12
201805,Cardiovascular System,C07,Beta Blocking Agents,167548,3.39,471738,0.89,0.89
201805,Cardiovascular System,C08,Calcium Channel Blockers,126109,2.55,457624,0.86,0.86
201805,Cardiovascular System,C09,Agents Acting On The Renin-Angiotensin System,256421,5.19,1854840,3.49,3.49
201805,Cardiovascular System,C10,Serum Lipid Reducing Agents,299014,6.05,2253578,4.24,4.24
201805,Cardiovascular System,,,,,,,
201805,Dermatologicals,D01,Antifungals For Dermatological Use,33243,0.67,211012,0.4,0.4
201805,Dermatologicals,D02,Emollients and Protectives,20704,0.42,56020,0.11,0.11
201805,Dermatologicals,D03,Preparations For Treatment Of Wounds and Ulcers,52,0,673,0,0
201805,Dermatologicals,D04,Antipruritics Incl. Antihistamines Anesthetics Etc.,1,0,36,0,0
201805,Dermatologicals,D05,Antipsoriatics,7511,0.15,331803,0.62,0.62
201805,Dermatologicals,D06,Antibiotics and Chemotherapeutics For Dermatological Use,10693,0.22,87229,0.16,0.16
201805,Dermatologicals,D07,Corticosteroids Dermatological Preparations,46443,0.94,241238,0.45,0.45
201805,Dermatologicals,D10,Anti-Acne Preparations,7488,0.15,112072,0.21,0.21
201805,Dermatologicals,D11,Other Dermatological Preparations,2765,0.06,119555,0.22,0.22
201805,Dermatologicals,,,,,,,
201805,Genito Urinary System and Sex Hormones,G01,Gynecological Antiinfectives and Antiseptics,1596,0.03,9911,0.02,0.02
201805,Genito Urinary System and Sex Hormones,G02,Other Gynecologicals,2556,0.05,179027,0.34,0.34
201805,Genito Urinary System and Sex Hormones,G03,Sex Hormones and Modulators Of The Genital System,82071,1.66,585969,1.1,1.1
201805,Genito Urinary System and Sex Hormones,G04,Urologicals,105916,2.14,1866213,3.51,3.51
201805,Genito Urinary System and Sex Hormones,,,,,,,
201805,Musculo-Skeletal System,M01,Antiinflammatory and Antirheumatic Products,105253,2.13,685971,1.29,1.29
201805,Musculo-Skeletal System,M02,Topical Products For Joint and Muscular Pain,66821,1.35,496298,0.93,0.93
201805,Musculo-Skeletal System,M03,Muscle Relaxants,5963,0.12,64509,0.12,0.12
201805,Musculo-Skeletal System,M04,Antigout Preparations,33485,0.68,254995,0.48,0.48
201805,Musculo-Skeletal System,M05,Drugs For Treatment Of Bone Diseases,37533,0.76,1313320,2.47,2.47
201805,Musculo-Skeletal System,M09,Other Drugs For Disorders Of The Musculo-Skeletal System,10514,0.21,126027,0.24,0.24
201805,Musculo-Skeletal System,,,,,,,
201805,Nervous System,N01,Anesthetics,2344,0.05,141112,0.27,0.27
201805,Nervous System,N02,Analgesics,284791,5.76,2567728,4.83,4.83
201805,Nervous System,N03,Antiepileptics,120800,2.44,3086876,5.81,5.81
201805,Nervous System,N04,Anti-Parkinson Drugs,21493,0.43,365114,0.69,0.69
201805,Nervous System,N05,Psycholeptics,307839,6.23,2490176,4.68,4.68
201805,Nervous System,N06,Psychoanaleptics,310619,6.28,2411944,4.54,4.54
201805,Nervous System,N07,Other Nervous System Drugs,32033,0.65,741485,1.39,1.39
201805,Nervous System,,,,,,,
201805,Respiratory System,R01,Nasal Preparations,50386,1.02,553343,1.04,1.04
201805,Respiratory System,R03,Drugs For Obstructive Airway Diseases,291586,5.9,6114956,11.5,11.5
201805,Respiratory System,R05,Cough and Cold Preparations,21543,0.44,107843,0.2,0.2
201805,Respiratory System,R06,Antihistamines For Systemic Use,69622,1.41,270878,0.51,0.51
201805,Respiratory System,,,,,,,
201805,Sensory Organs,S01,Ophthalmologicals,126216,2.55,1076540,2.02,2.02
201805,Sensory Organs,S02,Otologicals,1943,0.04,10218,0.02,0.02
201805,Sensory Organs,S03,Ophthalmological and Otological Preparations,5800,0.12,14952,0.03,0.03
201805,Sensory Organs,,,,,,,
201805,Systemic Hormonal Preparations Excl. Sex Hormones and Insulins,H01,Pituitary and Hypothalamic Hormones and Analogues,1143,0.02,61520,0.12,0.12
201805,Systemic Hormonal Preparations Excl. Sex Hormones and Insulins,H02,Corticosteroids For Systemic Use,61845,1.25,311091,0.59,0.59
201805,Systemic Hormonal Preparations Excl. Sex Hormones and Insulins,H03,Thyroid Therapy,153941,3.11,273932,0.52,0.52
201805,Systemic Hormonal Preparations Excl. Sex Hormones and Insulins,H04,Pancreatic Hormones,312,0.01,7464,0.01,0.01
201805,Systemic Hormonal Preparations Excl. Sex Hormones and Insulins,,,,,,,
201805,Various,V01,Allergens,110,0,9016,0.02,0.02
201805,Various,V03,All Other Therapeutic Products,1941,0.04,168811,0.32,0.32
201805,Various,V04,Diagnostic Agents,12123,0.25,377514,0.71,0.71
201805,Various,V06,General Nutrients,49067,0.99,3785712,7.12,7.12
201805,Various,V07,All Other Non-Therapeutic Products,,,,,5.25
201805,Various,V07 1,Ostomy Requisites,24805,0.5,1507365,2.83,2.83
201805,Various,V07 2,Urinary Requisites,11272,0.23,934833,1.76,1.76
201805,Various,V07 3,Needles/Syringes/Lancets,9782,0.2,120952,0.23,0.23
201805,Various,V07 4,Dressings,3363,0.07,143911,0.27,0.27
201805,Various,V07 5,Miscellaneous,5604,0.11,86532,0.16,0.16
201805,Various,,,,,,,
201806,Alimentary Tract and Metabolism,A01,Stomatological Preparations,6396,0.13,19016,0.04,0.04
201806,Alimentary Tract and Metabolism,A02,Drugs For Acid Related Disorders,333020,7.03,1897138,3.71,3.71
201806,Alimentary Tract and Metabolism,A03,Drugs For Functional Gastrointestinal Disorders,31470,0.66,127486,0.25,0.25
201806,Alimentary Tract and Metabolism,A04,Antiemetics and Antinauseants,3294,0.07,248015,0.48,0.48
201806,Alimentary Tract and Metabolism,A05,Bile and Liver Therapy,1773,0.04,47688,0.09,0.09
201806,Alimentary Tract and Metabolism,A06,Laxatives,69240,1.46,739849,1.45,1.45
201806,Alimentary Tract and Metabolism,A07,Antidiarrheals Intestinal Antiinflammatory/Antiinfective Agents,22566,0.48,687606,1.34,1.34
201806,Alimentary Tract and Metabolism,A09,Digestives Incl. Enzymes,2036,0.04,111463,0.22,0.22
201806,Alimentary Tract and Metabolism,A10,Drugs Used In Diabetes,49222,1.04,945881,1.85,1.85
201806,Alimentary Tract and Metabolism,A11,Vitamins,67186,1.42,359018,0.7,0.7
201806,Alimentary Tract and Metabolism,A12,Mineral Supplements,99506,2.1,529208,1.03,1.03
201806,Alimentary Tract and Metabolism,A14,Anabolic Agents For Systemic Use,31,0,369,0,0
201806,Alimentary Tract and Metabolism,,,,,,,
201806,Antiinfectives For Systemic Use,J01,Antibacterials For Systemic Use,173701,3.67,1071397,2.09,2.09
201806,Antiinfectives For Systemic Use,J02,Antimycotics For Systemic Use,7765,0.16,76107,0.15,0.15
201806,Antiinfectives For Systemic Use,J04,Antimycobacterials,694,0.01,15946,0.03,0.03
201806,Antiinfectives For Systemic Use,J05,Antivirals For Systemic Use,5197,0.11,211290,0.41,0.41
201806,Antiinfectives For Systemic Use,,,,,,,
201806,Antineoplastic and Immunomodulating Agents,L01,Antineoplastic Agents,3299,0.07,152634,0.3,0.3
201806,Antineoplastic and Immunomodulating Agents,L02,Endocrine Therapy,9527,0.2,204004,0.4,0.4
201806,Antineoplastic and Immunomodulating Agents,L04,Immunosuppressive Agents,15888,0.34,186083,0.36,0.36
201806,Antineoplastic and Immunomodulating Agents,,,,,,,
201806,Antiparasitic Products Insecticides and Repellents,P01,Antiprotozoals,9320,0.2,78000,0.15,0.15
201806,Antiparasitic Products Insecticides and Repellents,P02,Anthelmintics,486,0.01,1858,0,0
201806,Antiparasitic Products Insecticides and Repellents,P03,Ectoparasiticides Incl. Scabicides Insecticides and Repellents,803,0.02,11201,0.02,0.02
201806,Antiparasitic Products Insecticides and Repellents,,,,,,,
201806,Blood and Blood Forming Organs,B01,Antithrombotic Agents,267312,5.64,3890174,7.6,7.6
201806,Blood and Blood Forming Organs,B02,Antihemorrhagics,1623,0.03,20560,0.04,0.04
201806,Blood and Blood Forming Organs,B03,Antianemic Preparations,91504,1.93,185395,0.36,0.36
201806,Blood and Blood Forming Organs,B05,Blood Substitutes and Perfusion Solutions,3,0,390,0,0
201806,Blood and Blood Forming Organs,,,,,,,
201806,Cardiovascular System,C01,Cardiac Therapy,48426,1.02,760797,1.49,1.49
201806,Cardiovascular System,C02,Antihypertensives,16232,0.34,142975,0.28,0.28
201806,Cardiovascular System,C03,Diuretics,104164,2.2,287184,0.56,0.56
201806,Cardiovascular System,C04,Peripheral Vasodilators,2790,0.06,41298,0.08,0.08
201806,Cardiovascular System,C05,Vasoprotectives,8958,0.19,61905,0.12,0.12
201806,Cardiovascular System,C07,Beta Blocking Agents,161906,3.42,458526,0.9,0.9
201806,Cardiovascular System,C08,Calcium Channel Blockers,121670,2.57,442507,0.86,0.86
201806,Cardiovascular System,C09,Agents Acting On The Renin-Angiotensin System,248350,5.24,1793717,3.5,3.5
201806,Cardiovascular System,C10,Serum Lipid Reducing Agents,288833,6.09,2156231,4.21,4.21
201806,Cardiovascular System,,,,,,,
201806,Dermatologicals,D01,Antifungals For Dermatological Use,30929,0.65,199546,0.39,0.39
201806,Dermatologicals,D02,Emollients and Protectives,19143,0.4,51703,0.1,0.1
201806,Dermatologicals,D03,Preparations For Treatment Of Wounds and Ulcers,37,0,456,0,0
201806,Dermatologicals,D04,Antipruritics Incl. Antihistamines Anesthetics Etc.,2,0,72,0,0
201806,Dermatologicals,D05,Antipsoriatics,6887,0.15,316256,0.62,0.62
201806,Dermatologicals,D06,Antibiotics and Chemotherapeutics For Dermatological Use,10228,0.22,80331,0.16,0.16
201806,Dermatologicals,D07,Corticosteroids Dermatological Preparations,44096,0.93,230345,0.45,0.45
201806,Dermatologicals,D10,Anti-Acne Preparations,6670,0.14,100301,0.2,0.2
201806,Dermatologicals,D11,Other Dermatological Preparations,2478,0.05,108515,0.21,0.21
201806,Dermatologicals,,,,,,,
201806,Genito Urinary System and Sex Hormones,G01,Gynecological Antiinfectives and Antiseptics,1259,0.03,8581,0.02,0.02
201806,Genito Urinary System and Sex Hormones,G02,Other Gynecologicals,2402,0.05,169428,0.33,0.33
201806,Genito Urinary System and Sex Hormones,G03,Sex Hormones and Modulators Of The Genital System,78982,1.67,561873,1.1,1.1
201806,Genito Urinary System and Sex Hormones,G04,Urologicals,102854,2.17,1815856,3.55,3.55
201806,Genito Urinary System and Sex Hormones,,,,,,,
201806,Musculo-Skeletal System,M01,Antiinflammatory and Antirheumatic Products,97378,2.05,640807,1.25,1.25
201806,Musculo-Skeletal System,M02,Topical Products For Joint and Muscular Pain,63367,1.34,470128,0.92,0.92
201806,Musculo-Skeletal System,M03,Muscle Relaxants,5749,0.12,62109,0.12,0.12
201806,Musculo-Skeletal System,M04,Antigout Preparations,32458,0.68,247486,0.48,0.48
201806,Musculo-Skeletal System,M05,Drugs For Treatment Of Bone Diseases,36141,0.76,1218020,2.38,2.38
201806,Musculo-Skeletal System,M09,Other Drugs For Disorders Of The Musculo-Skeletal System,10251,0.22,119039,0.23,0.23
201806,Musculo-Skeletal System,,,,,,,
201806,Nervous System,N01,Anesthetics,2123,0.04,133459,0.26,0.26
201806,Nervous System,N02,Analgesics,269825,5.69,2466232,4.82,4.82
201806,Nervous System,N03,Antiepileptics,115724,2.44,2966698,5.8,5.8
201806,Nervous System,N04,Anti-Parkinson Drugs,20502,0.43,354034,0.69,0.69
201806,Nervous System,N05,Psycholeptics,292462,6.17,2359671,4.61,4.61
201806,Nervous System,N06,Psychoanaleptics,296464,6.26,2309913,4.51,4.51
201806,Nervous System,N07,Other Nervous System Drugs,30044,0.63,686702,1.34,1.34
201806,Nervous System,,,,,,,
201806,Respiratory System,R01,Nasal Preparations,54052,1.14,594186,1.16,1.16
201806,Respiratory System,R02,Throat Preparations,1,0,2,0,0
201806,Respiratory System,R03,Drugs For Obstructive Airway Diseases,280554,5.92,5872156,11.47,11.47
201806,Respiratory System,R05,Cough and Cold Preparations,17617,0.37,94957,0.19,0.19
201806,Respiratory System,R06,Antihistamines For Systemic Use,80918,1.71,323639,0.63,0.63
201806,Respiratory System,,,,,,,
201806,Sensory Organs,S01,Ophthalmologicals,125974,2.66,1071764,2.09,2.09
201806,Sensory Organs,S02,Otologicals,1777,0.04,9273,0.02,0.02
201806,Sensory Organs,S03,Ophthalmological and Otological Preparations,5377,0.11,14111,0.03,0.03
201806,Sensory Organs,,,,,,,
201806,Systemic Hormonal Preparations Excl. Sex Hormones and Insulins,H01,Pituitary and Hypothalamic Hormones and Analogues,1078,0.02,58961,0.12,0.12
201806,Systemic Hormonal Preparations Excl. Sex Hormones and Insulins,H02,Corticosteroids For Systemic Use,56174,1.19,286743,0.56,0.56
201806,Systemic Hormonal Preparations Excl. Sex Hormones and Insulins,H03,Thyroid Therapy,149293,3.15,265589,0.52,0.52
201806,Systemic Hormonal Preparations Excl. Sex Hormones and Insulins,H04,Pancreatic Hormones,281,0.01,6582,0.01,0.01
201806,Systemic Hormonal Preparations Excl. Sex Hormones and Insulins,,,,,,,
201806,Various,V01,Allergens,89,0,7313,0.01,0.01
201806,Various,V03,All Other Therapeutic Products,1935,0.04,172139,0.34,0.34
201806,Various,V04,Diagnostic Agents,11394,0.24,358248,0.7,0.7
201806,Various,V06,General Nutrients,47110,0.99,3654150,7.14,7.14
201806,Various,V07,All Other Non-Therapeutic Products,,,,,5.37
201806,Various,V07 1,Ostomy Requisites,24138,0.51,1473955,2.88,2.88
201806,Various,V07 2,Urinary Requisites,10795,0.23,920504,1.8,1.8
201806,Various,V07 3,Needles/Syringes/Lancets,9156,0.19,118024,0.23,0.23
201806,Various,V07 4,Dressings,3523,0.07,153972,0.3,0.3
201806,Various,V07 5,Miscellaneous,5374,0.11,82318,0.16,0.16
201806,Various,,,,,,,
201807,Alimentary Tract and Metabolism,A01,Stomatological Preparations,6503,0.14,18989,0.04,0.04
201807,Alimentary Tract and Metabolism,A02,Drugs For Acid Related Disorders,339155,7.1,1936903,3.77,3.77
201807,Alimentary Tract and Metabolism,A03,Drugs For Functional Gastrointestinal Disorders,33344,0.7,134607,0.26,0.26
201807,Alimentary Tract and Metabolism,A04,Antiemetics and Antinauseants,3531,0.07,262041,0.51,0.51
201807,Alimentary Tract and Metabolism,A05,Bile and Liver Therapy,1746,0.04,47149,0.09,0.09
201807,Alimentary Tract and Metabolism,A06,Laxatives,71727,1.5,759621,1.48,1.48
201807,Alimentary Tract and Metabolism,A07,Antidiarrheals Intestinal Antiinflammatory/Antiinfective Agents,23532,0.49,706629,1.38,1.38
201807,Alimentary Tract and Metabolism,A09,Digestives Incl. Enzymes,2164,0.05,118344,0.23,0.23
201807,Alimentary Tract and Metabolism,A10,Drugs Used In Diabetes,49532,1.04,941017,1.83,1.83
201807,Alimentary Tract and Metabolism,A11,Vitamins,67740,1.42,354770,0.69,0.69
201807,Alimentary Tract and Metabolism,A12,Mineral Supplements,101008,2.11,535799,1.04,1.04
201807,Alimentary Tract and Metabolism,A14,Anabolic Agents For Systemic Use,29,0,357,0,0
201807,Alimentary Tract and Metabolism,,,,,,,
201807,Antiinfectives For Systemic Use,J01,Antibacterials For Systemic Use,167273,3.5,1049012,2.04,2.04
201807,Antiinfectives For Systemic Use,J02,Antimycotics For Systemic Use,7996,0.17,77586,0.15,0.15
201807,Antiinfectives For Systemic Use,J04,Antimycobacterials,671,0.01,15211,0.03,0.03
201807,Antiinfectives For Systemic Use,J05,Antivirals For Systemic Use,5230,0.11,215669,0.42,0.42
201807,Antiinfectives For Systemic Use,,,,,,,
201807,Antineoplastic and Immunomodulating Agents,L01,Antineoplastic Agents,3229,0.07,147097,0.29,0.29
201807,Antineoplastic and Immunomodulating Agents,L02,Endocrine Therapy,9688,0.2,209846,0.41,0.41
201807,Antineoplastic and Immunomodulating Agents,L04,Immunosuppressive Agents,16206,0.34,193104,0.38,0.38
201807,Antineoplastic and Immunomodulating Agents,,,,,,,
201807,Antiparasitic Products Insecticides and Repellents,P01,Antiprotozoals,9827,0.21,86313,0.17,0.17
201807,Antiparasitic Products Insecticides and Repellents,P02,Anthelmintics,522,0.01,2461,0,0
201807,Antiparasitic Products Insecticides and Repellents,P03,Ectoparasiticides Incl. Scabicides Insecticides and Repellents,773,0.02,10301,0.02,0.02
201807,Antiparasitic Products Insecticides and Repellents,,,,,,,
201807,Blood and Blood Forming Organs,B01,Antithrombotic Agents,270504,5.66,3953575,7.7,7.7
201807,Blood and Blood Forming Organs,B02,Antihemorrhagics,1579,0.03,19787,0.04,0.04
201807,Blood and Blood Forming Organs,B03,Antianemic Preparations,94602,1.98,200831,0.39,0.39
201807,Blood and Blood Forming Organs,B05,Blood Substitutes and Perfusion Solutions,3,0,390,0,0
201807,Blood and Blood Forming Organs,,,,,,,
201807,Cardiovascular System,C01,Cardiac Therapy,48974,1.03,757290,1.48,1.48
201807,Cardiovascular System,C02,Antihypertensives,16396,0.34,147407,0.29,0.29
201807,Cardiovascular System,C03,Diuretics,106150,2.22,294821,0.57,0.57
201807,Cardiovascular System,C04,Peripheral Vasodilators,2900,0.06,42936,0.08,0.08
201807,Cardiovascular System,C05,Vasoprotectives,9236,0.19,62545,0.12,0.12
201807,Cardiovascular System,C07,Beta Blocking Agents,163610,3.42,465872,0.91,0.91
201807,Cardiovascular System,C08,Calcium Channel Blockers,123122,2.58,447583,0.87,0.87
201807,Cardiovascular System,C09,Agents Acting On The Renin-Angiotensin System,251732,5.27,1807432,3.52,3.52
201807,Cardiovascular System,C10,Serum Lipid Reducing Agents,292378,6.12,2176705,4.24,4.24
201807,Cardiovascular System,,,,,,,
201807,Dermatologicals,D01,Antifungals For Dermatological Use,32070,0.67,207051,0.4,0.4
201807,Dermatologicals,D02,Emollients and Protectives,19199,0.4,52074,0.1,0.1
201807,Dermatologicals,D03,Preparations For Treatment Of Wounds and Ulcers,34,0,456,0,0
201807,Dermatologicals,D04,Antipruritics Incl. Antihistamines Anesthetics Etc.,1,0,36,0,0
201807,Dermatologicals,D05,Antipsoriatics,6934,0.15,317252,0.62,0.62
201807,Dermatologicals,D06,Antibiotics and Chemotherapeutics For Dermatological Use,10746,0.22,82900,0.16,0.16
201807,Dermatologicals,D07,Corticosteroids Dermatological Preparations,43522,0.91,225472,0.44,0.44
201807,Dermatologicals,D10,Anti-Acne Preparations,6702,0.14,100579,0.2,0.2
201807,Dermatologicals,D11,Other Dermatological Preparations,2554,0.05,110317,0.21,0.21
201807,Dermatologicals,,,,,,,
201807,Genito Urinary System and Sex Hormones,G01,Gynecological Antiinfectives and Antiseptics,1223,0.03,8248,0.02,0.02
201807,Genito Urinary System and Sex Hormones,G02,Other Gynecologicals,2369,0.05,163136,0.32,0.32
201807,Genito Urinary System and Sex Hormones,G03,Sex Hormones and Modulators Of The Genital System,80364,1.68,575790,1.12,1.12
201807,Genito Urinary System and Sex Hormones,G04,Urologicals,104219,2.18,1826411,3.56,3.56
201807,Genito Urinary System and Sex Hormones,,,,,,,
201807,Musculo-Skeletal System,M01,Antiinflammatory and Antirheumatic Products,99332,2.08,643865,1.25,1.25
201807,Musculo-Skeletal System,M02,Topical Products For Joint and Muscular Pain,64753,1.36,402668,0.78,0.78
201807,Musculo-Skeletal System,M03,Muscle Relaxants,5922,0.12,62646,0.12,0.12
201807,Musculo-Skeletal System,M04,Antigout Preparations,33400,0.7,250559,0.49,0.49
201807,Musculo-Skeletal System,M05,Drugs For Treatment Of Bone Diseases,36214,0.76,1198453,2.33,2.33
201807,Musculo-Skeletal System,M09,Other Drugs For Disorders Of The Musculo-Skeletal System,10595,0.22,117555,0.23,0.23
201807,Musculo-Skeletal System,,,,,,,
201807,Nervous System,N01,Anesthetics,2366,0.05,150415,0.29,0.29
201807,Nervous System,N02,Analgesics,274450,5.74,2415059,4.7,4.7
201807,Nervous System,N03,Antiepileptics,117791,2.47,3010616,5.86,5.86
201807,Nervous System,N04,Anti-Parkinson Drugs,21267,0.45,367301,0.72,0.72
201807,Nervous System,N05,Psycholeptics,299633,6.27,2402269,4.68,4.68
201807,Nervous System,N06,Psychoanaleptics,302428,6.33,2339021,4.56,4.56
201807,Nervous System,N07,Other Nervous System Drugs,30717,0.64,701191,1.37,1.37
201807,Nervous System,,,,,,,
201807,Respiratory System,R01,Nasal Preparations,47783,1,530999,1.03,1.03
201807,Respiratory System,R02,Throat Preparations,1,0,2,0,0
201807,Respiratory System,R03,Drugs For Obstructive Airway Diseases,277000,5.8,5707571,11.12,11.12
201807,Respiratory System,R05,Cough and Cold Preparations,16451,0.34,90720,0.18,0.18
201807,Respiratory System,R06,Antihistamines For Systemic Use,71278,1.49,283949,0.55,0.55
201807,Respiratory System,,,,,,,
201807,Sensory Organs,S01,Ophthalmologicals,123727,2.59,1028851,2,2
201807,Sensory Organs,S02,Otologicals,1931,0.04,10132,0.02,0.02
201807,Sensory Organs,S03,Ophthalmological and Otological Preparations,5264,0.11,14349,0.03,0.03
201807,Sensory Organs,,,,,,,
201807,Systemic Hormonal Preparations Excl. Sex Hormones and Insulins,H01,Pituitary and Hypothalamic Hormones and Analogues,1094,0.02,58701,0.11,0.11
201807,Systemic Hormonal Preparations Excl. Sex Hormones and Insulins,H02,Corticosteroids For Systemic Use,52794,1.11,274021,0.53,0.53
201807,Systemic Hormonal Preparations Excl. Sex Hormones and Insulins,H03,Thyroid Therapy,152022,3.18,272090,0.53,0.53
201807,Systemic Hormonal Preparations Excl. Sex Hormones and Insulins,H04,Pancreatic Hormones,283,0.01,6451,0.01,0.01
201807,Systemic Hormonal Preparations Excl. Sex Hormones and Insulins,,,,,,,
201807,Various,V01,Allergens,79,0,6488,0.01,0.01
201807,Various,V03,All Other Therapeutic Products,1938,0.04,169950,0.33,0.33
201807,Various,V04,Diagnostic Agents,11375,0.24,360648,0.7,0.7
201807,Various,V06,General Nutrients,49202,1.03,3788170,7.38,7.38
201807,Various,V07,All Other Non-Therapeutic Products,,,,,5.46
201807,Various,V07 1,Ostomy Requisites,24909,0.52,1507621,2.94,2.94
201807,Various,V07 2,Urinary Requisites,11431,0.24,955485,1.86,1.86
201807,Various,V07 3,Needles/Syringes/Lancets,8597,0.18,111144,0.22,0.22
201807,Various,V07 4,Dressings,3495,0.07,144383,0.28,0.28
201807,Various,V07 5,Miscellaneous,5438,0.11,82412,0.16,0.16
201807,Various,,,,,,,
201808,Alimentary Tract and Metabolism,A01,Stomatological Preparations,6413,0.13,19342,0.04,0.04
201808,Alimentary Tract and Metabolism,A02,Drugs For Acid Related Disorders,351383,7.17,2011039,3.85,3.85
201808,Alimentary Tract and Metabolism,A03,Drugs For Functional Gastrointestinal Disorders,34200,0.7,142936,0.27,0.27
201808,Alimentary Tract and Metabolism,A04,Antiemetics and Antinauseants,3558,0.07,278544,0.53,0.53
201808,Alimentary Tract and Metabolism,A05,Bile and Liver Therapy,1829,0.04,49611,0.1,0.1
201808,Alimentary Tract and Metabolism,A06,Laxatives,73524,1.5,781601,1.5,1.5
201808,Alimentary Tract and Metabolism,A07,Antidiarrheals Intestinal Antiinflammatory/Antiinfective Agents,23570,0.48,734096,1.41,1.41
201808,Alimentary Tract and Metabolism,A09,Digestives Incl. Enzymes,2213,0.05,119030,0.23,0.23
201808,Alimentary Tract and Metabolism,A10,Drugs Used In Diabetes,50865,1.04,965983,1.85,1.85
201808,Alimentary Tract and Metabolism,A11,Vitamins,69595,1.42,359089,0.69,0.69
201808,Alimentary Tract and Metabolism,A12,Mineral Supplements,103621,2.12,548659,1.05,1.05
201808,Alimentary Tract and Metabolism,A14,Anabolic Agents For Systemic Use,28,0,351,0,0
201808,Alimentary Tract and Metabolism,,,,,,,
201808,Antiinfectives For Systemic Use,J01,Antibacterials For Systemic Use,171525,3.5,1064933,2.04,2.04
201808,Antiinfectives For Systemic Use,J02,Antimycotics For Systemic Use,8630,0.18,82550,0.16,0.16
201808,Antiinfectives For Systemic Use,J04,Antimycobacterials,724,0.01,17353,0.03,0.03
201808,Antiinfectives For Systemic Use,J05,Antivirals For Systemic Use,5180,0.11,208448,0.4,0.4
201808,Antiinfectives For Systemic Use,,,,,,,
201808,Antineoplastic and Immunomodulating Agents,L01,Antineoplastic Agents,3355,0.07,152013,0.29,0.29
201808,Antineoplastic and Immunomodulating Agents,L02,Endocrine Therapy,10055,0.21,215511,0.41,0.41
201808,Antineoplastic and Immunomodulating Agents,L04,Immunosuppressive Agents,16538,0.34,197593,0.38,0.38
201808,Antineoplastic and Immunomodulating Agents,,,,,,,
201808,Antiparasitic Products Insecticides and Repellents,P01,Antiprotozoals,9817,0.2,63760,0.12,0.12
201808,Antiparasitic Products Insecticides and Repellents,P02,Anthelmintics,538,0.01,1822,0,0
201808,Antiparasitic Products Insecticides and Repellents,P03,Ectoparasiticides Incl. Scabicides Insecticides and Repellents,1259,0.03,17584,0.03,0.03
201808,Antiparasitic Products Insecticides and Repellents,,,,,,,
201808,Blood and Blood Forming Organs,B01,Antithrombotic Agents,277430,5.66,4056040,7.77,7.77
201808,Blood and Blood Forming Organs,B02,Antihemorrhagics,1652,0.03,20593,0.04,0.04
201808,Blood and Blood Forming Organs,B03,Antianemic Preparations,96775,1.98,200756,0.38,0.38
201808,Blood and Blood Forming Organs,B05,Blood Substitutes and Perfusion Solutions,3,0,474,0,0
201808,Blood and Blood Forming Organs,,,,,,,
201808,Cardiovascular System,C01,Cardiac Therapy,50919,1.04,799566,1.53,1.53
201808,Cardiovascular System,C02,Antihypertensives,16855,0.34,151720,0.29,0.29
201808,Cardiovascular System,C03,Diuretics,107298,2.19,298928,0.57,0.57
201808,Cardiovascular System,C04,Peripheral Vasodilators,2971,0.06,42701,0.08,0.08
201808,Cardiovascular System,C05,Vasoprotectives,9928,0.2,66188,0.13,0.13
201808,Cardiovascular System,C07,Beta Blocking Agents,168294,3.44,445763,0.85,0.85
201808,Cardiovascular System,C08,Calcium Channel Blockers,127300,2.6,422677,0.81,0.81
201808,Cardiovascular System,C09,Agents Acting On The Renin-Angiotensin System,258987,5.29,1838427,3.52,3.52
201808,Cardiovascular System,C10,Serum Lipid Reducing Agents,301486,6.15,1881260,3.61,3.61
201808,Cardiovascular System,,,,,,,
201808,Dermatologicals,D01,Antifungals For Dermatological Use,32797,0.67,206827,0.4,0.4
201808,Dermatologicals,D02,Emollients and Protectives,18949,0.39,50755,0.1,0.1
201808,Dermatologicals,D03,Preparations For Treatment Of Wounds and Ulcers,43,0,528,0,0
201808,Dermatologicals,D04,Antipruritics Incl. Antihistamines Anesthetics Etc.,2,0,72,0,0
201808,Dermatologicals,D05,Antipsoriatics,7030,0.14,320337,0.61,0.61
201808,Dermatologicals,D06,Antibiotics and Chemotherapeutics For Dermatological Use,10405,0.21,84301,0.16,0.16
201808,Dermatologicals,D07,Corticosteroids Dermatological Preparations,42380,0.87,221684,0.42,0.42
201808,Dermatologicals,D10,Anti-Acne Preparations,7418,0.15,110949,0.21,0.21
201808,Dermatologicals,D11,Other Dermatological Preparations,2495,0.05,109349,0.21,0.21
201808,Dermatologicals,,,,,,,
201808,Genito Urinary System and Sex Hormones,G01,Gynecological Antiinfectives and Antiseptics,1172,0.02,7470,0.01,0.01
201808,Genito Urinary System and Sex Hormones,G02,Other Gynecologicals,2289,0.05,151233,0.29,0.29
201808,Genito Urinary System and Sex Hormones,G03,Sex Hormones and Modulators Of The Genital System,81763,1.67,582253,1.12,1.12
201808,Genito Urinary System and Sex Hormones,G04,Urologicals,107958,2.2,1892435,3.63,3.63
201808,Genito Urinary System and Sex Hormones,,,,,,,
201808,Musculo-Skeletal System,M01,Antiinflammatory and Antirheumatic Products,101376,2.07,664750,1.27,1.27
201808,Musculo-Skeletal System,M02,Topical Products For Joint and Muscular Pain,67084,1.37,417237,0.8,0.8
201808,Musculo-Skeletal System,M03,Muscle Relaxants,6025,0.12,65493,0.13,0.13
201808,Musculo-Skeletal System,M04,Antigout Preparations,34080,0.7,258617,0.5,0.5
201808,Musculo-Skeletal System,M05,Drugs For Treatment Of Bone Diseases,36772,0.75,1154984,2.21,2.21
201808,Musculo-Skeletal System,M09,Other Drugs For Disorders Of The Musculo-Skeletal System,10719,0.22,119658,0.23,0.23
201808,Musculo-Skeletal System,,,,,,,
201808,Nervous System,N01,Anesthetics,2486,0.05,162352,0.31,0.31
201808,Nervous System,N02,Analgesics,283558,5.79,2492139,4.78,4.78
201808,Nervous System,N03,Antiepileptics,122132,2.49,3114870,5.97,5.97
201808,Nervous System,N04,Anti-Parkinson Drugs,21822,0.45,372951,0.71,0.71
201808,Nervous System,N05,Psycholeptics,311343,6.36,2451048,4.7,4.7
201808,Nervous System,N06,Psychoanaleptics,313929,6.41,2399021,4.6,4.6
201808,Nervous System,N07,Other Nervous System Drugs,31608,0.65,723561,1.39,1.39
201808,Nervous System,,,,,,,
201808,Respiratory System,R01,Nasal Preparations,45080,0.92,501139,0.96,0.96
201808,Respiratory System,R02,Throat Preparations,2,0,4,0,0
201808,Respiratory System,R03,Drugs For Obstructive Airway Diseases,282233,5.76,5834912,11.18,11.18
201808,Respiratory System,R05,Cough and Cold Preparations,17776,0.36,97092,0.19,0.19
201808,Respiratory System,R06,Antihistamines For Systemic Use,63068,1.29,249201,0.48,0.48
201808,Respiratory System,,,,,,,
201808,Sensory Organs,S01,Ophthalmologicals,124527,2.54,1047459,2.01,2.01
201808,Sensory Organs,S02,Otologicals,2071,0.04,10768,0.02,0.02
201808,Sensory Organs,S03,Ophthalmological and Otological Preparations,5540,0.11,15328,0.03,0.03
201808,Sensory Organs,,,,,,,
201808,Systemic Hormonal Preparations Excl. Sex Hormones and Insulins,H01,Pituitary and Hypothalamic Hormones and Analogues,1106,0.02,58665,0.11,0.11
201808,Systemic Hormonal Preparations Excl. Sex Hormones and Insulins,H02,Corticosteroids For Systemic Use,53657,1.1,279868,0.54,0.54
201808,Systemic Hormonal Preparations Excl. Sex Hormones and Insulins,H03,Thyroid Therapy,157135,3.21,284622,0.55,0.55
201808,Systemic Hormonal Preparations Excl. Sex Hormones and Insulins,H04,Pancreatic Hormones,281,0.01,6344,0.01,0.01
201808,Systemic Hormonal Preparations Excl. Sex Hormones and Insulins,,,,,,,
201808,Various,V01,Allergens,86,0,6955,0.01,0.01
201808,Various,V03,All Other Therapeutic Products,2006,0.04,174293,0.33,0.33
201808,Various,V04,Diagnostic Agents,11706,0.24,367202,0.7,0.7
201808,Various,V06,General Nutrients,50552,1.03,3897975,7.47,7.47
201808,Various,V07,All Other Non-Therapeutic Products,,,,,5.65
201808,Various,V07 1,Ostomy Requisites,25974,0.53,1593686,3.05,3.05
201808,Various,V07 2,Urinary Requisites,11841,0.24,984858,1.89,1.89
201808,Various,V07 3,Needles/Syringes/Lancets,8760,0.18,114875,0.22,0.22
201808,Various,V07 4,Dressings,3681,0.08,172268,0.33,0.33
201808,Various,V07 5,Miscellaneous,5350,0.11,80296,0.15,0.15
201808,Various,,,,,,,
201809,Alimentary Tract and Metabolism,A01,Stomatological Preparations,6020,0.13,17765,0.04,0.04
201809,Alimentary Tract and Metabolism,A02,Drugs For Acid Related Disorders,327674,7.1,1883956,3.86,3.86
201809,Alimentary Tract and Metabolism,A03,Drugs For Functional Gastrointestinal Disorders,31220,0.68,137436,0.28,0.28
201809,Alimentary Tract and Metabolism,A04,Antiemetics and Antinauseants,3210,0.07,242713,0.5,0.5
201809,Alimentary Tract and Metabolism,A05,Bile and Liver Therapy,1754,0.04,46815,0.1,0.1
201809,Alimentary Tract and Metabolism,A06,Laxatives,68391,1.48,724860,1.48,1.48
201809,Alimentary Tract and Metabolism,A07,Antidiarrheals Intestinal Antiinflammatory/Antiinfective Agents,21699,0.47,688338,1.41,1.41
201809,Alimentary Tract and Metabolism,A09,Digestives Incl. Enzymes,2015,0.04,112368,0.23,0.23
201809,Alimentary Tract and Metabolism,A10,Drugs Used In Diabetes,47105,1.02,893933,1.83,1.83
201809,Alimentary Tract and Metabolism,A11,Vitamins,65759,1.43,337934,0.69,0.69
201809,Alimentary Tract and Metabolism,A12,Mineral Supplements,96516,2.09,513311,1.05,1.05
201809,Alimentary Tract and Metabolism,A14,Anabolic Agents For Systemic Use,36,0,451,0,0
201809,Alimentary Tract and Metabolism,,,,,,,
201809,Antiinfectives For Systemic Use,J01,Antibacterials For Systemic Use,190205,4.12,1112420,2.28,2.28
201809,Antiinfectives For Systemic Use,J02,Antimycotics For Systemic Use,8540,0.19,75366,0.15,0.15
201809,Antiinfectives For Systemic Use,J04,Antimycobacterials,659,0.01,14237,0.03,0.03
201809,Antiinfectives For Systemic Use,J05,Antivirals For Systemic Use,4905,0.11,200692,0.41,0.41
201809,Antiinfectives For Systemic Use,,,,,,,
201809,Antineoplastic and Immunomodulating Agents,L01,Antineoplastic Agents,3242,0.07,142895,0.29,0.29
201809,Antineoplastic and Immunomodulating Agents,L02,Endocrine Therapy,9379,0.2,197599,0.4,0.4
201809,Antineoplastic and Immunomodulating Agents,L04,Immunosuppressive Agents,15372,0.33,186344,0.38,0.38
201809,Antineoplastic and Immunomodulating Agents,,,,,,,
201809,Antiparasitic Products Insecticides and Repellents,P01,Antiprotozoals,8790,0.19,47890,0.1,0.1
201809,Antiparasitic Products Insecticides and Repellents,P02,Anthelmintics,655,0.01,2680,0.01,0.01
201809,Antiparasitic Products Insecticides and Repellents,P03,Ectoparasiticides Incl. Scabicides Insecticides and Repellents,1383,0.03,20231,0.04,0.04
201809,Antiparasitic Products Insecticides and Repellents,,,,,,,
201809,Blood and Blood Forming Organs,B01,Antithrombotic Agents,257327,5.58,3793954,7.76,7.76
201809,Blood and Blood Forming Organs,B02,Antihemorrhagics,1510,0.03,18286,0.04,0.04
201809,Blood and Blood Forming Organs,B03,Antianemic Preparations,89534,1.94,182673,0.37,0.37
201809,Blood and Blood Forming Organs,B05,Blood Substitutes and Perfusion Solutions,2,0,333,0,0
201809,Blood and Blood Forming Organs,,,,,,,
201809,Cardiovascular System,C01,Cardiac Therapy,46962,1.02,755712,1.55,1.55
201809,Cardiovascular System,C02,Antihypertensives,15894,0.34,144953,0.3,0.3
201809,Cardiovascular System,C03,Diuretics,98688,2.14,277407,0.57,0.57
201809,Cardiovascular System,C04,Peripheral Vasodilators,2720,0.06,38687,0.08,0.08
201809,Cardiovascular System,C05,Vasoprotectives,9232,0.2,60071,0.12,0.12
201809,Cardiovascular System,C07,Beta Blocking Agents,156238,3.39,421078,0.86,0.86
201809,Cardiovascular System,C08,Calcium Channel Blockers,118091,2.56,387572,0.79,0.79
201809,Cardiovascular System,C09,Agents Acting On The Renin-Angiotensin System,240464,5.21,1718044,3.52,3.52
201809,Cardiovascular System,C10,Serum Lipid Reducing Agents,280621,6.08,1750225,3.58,3.58
201809,Cardiovascular System,,,,,,,
201809,Dermatologicals,D01,Antifungals For Dermatological Use,30498,0.66,191582,0.39,0.39
201809,Dermatologicals,D02,Emollients and Protectives,17739,0.38,47504,0.1,0.1
201809,Dermatologicals,D03,Preparations For Treatment Of Wounds and Ulcers,45,0,546,0,0
201809,Dermatologicals,D05,Antipsoriatics,6703,0.15,306356,0.63,0.63
201809,Dermatologicals,D06,Antibiotics and Chemotherapeutics For Dermatological Use,9580,0.21,76747,0.16,0.16
201809,Dermatologicals,D07,Corticosteroids Dermatological Preparations,39580,0.86,208315,0.43,0.43
201809,Dermatologicals,D10,Anti-Acne Preparations,7378,0.16,110147,0.23,0.23
201809,Dermatologicals,D11,Other Dermatological Preparations,2415,0.05,105586,0.22,0.22
201809,Dermatologicals,,,,,,,
201809,Genito Urinary System and Sex Hormones,G01,Gynecological Antiinfectives and Antiseptics,1068,0.02,6999,0.01,0.01
201809,Genito Urinary System and Sex Hormones,G02,Other Gynecologicals,2320,0.05,163909,0.34,0.34
201809,Genito Urinary System and Sex Hormones,G03,Sex Hormones and Modulators Of The Genital System,75210,1.63,551869,1.13,1.13
201809,Genito Urinary System and Sex Hormones,G04,Urologicals,101410,2.2,1771475,3.63,3.63
201809,Genito Urinary System and Sex Hormones,,,,,,,
201809,Musculo-Skeletal System,M01,Antiinflammatory and Antirheumatic Products,95282,2.07,617466,1.26,1.26
201809,Musculo-Skeletal System,M02,Topical Products For Joint and Muscular Pain,62230,1.35,380489,0.78,0.78
201809,Musculo-Skeletal System,M03,Muscle Relaxants,5613,0.12,59985,0.12,0.12
201809,Musculo-Skeletal System,M04,Antigout Preparations,31553,0.68,240754,0.49,0.49
201809,Musculo-Skeletal System,M05,Drugs For Treatment Of Bone Diseases,34269,0.74,1170955,2.4,2.4
201809,Musculo-Skeletal System,M09,Other Drugs For Disorders Of The Musculo-Skeletal System,9708,0.21,115483,0.24,0.24
201809,Musculo-Skeletal System,,,,,,,
201809,Nervous System,N01,Anesthetics,2291,0.05,149691,0.31,0.31
201809,Nervous System,N02,Analgesics,266479,5.78,2302812,4.71,4.71
201809,Nervous System,N03,Antiepileptics,112775,2.45,2872495,5.88,5.88
201809,Nervous System,N04,Anti-Parkinson Drugs,20113,0.44,340745,0.7,0.7
201809,Nervous System,N05,Psycholeptics,286481,6.21,2291804,4.69,4.69
201809,Nervous System,N06,Psychoanaleptics,291192,6.31,2218335,4.54,4.54
201809,Nervous System,N07,Other Nervous System Drugs,29376,0.64,684761,1.4,1.4
201809,Nervous System,,,,,,,
201809,Respiratory System,R01,Nasal Preparations,43855,0.95,485962,0.99,0.99
201809,Respiratory System,R03,Drugs For Obstructive Airway Diseases,276849,6,5558866,11.38,11.38
201809,Respiratory System,R05,Cough and Cold Preparations,22295,0.48,107790,0.22,0.22
201809,Respiratory System,R06,Antihistamines For Systemic Use,56881,1.23,223378,0.46,0.46
201809,Respiratory System,,,,,,,
201809,Sensory Organs,S01,Ophthalmologicals,116134,2.52,975082,2,2
201809,Sensory Organs,S02,Otologicals,1940,0.04,10136,0.02,0.02
201809,Sensory Organs,S03,Ophthalmological and Otological Preparations,5583,0.12,14740,0.03,0.03
201809,Sensory Organs,,,,,,,
201809,Systemic Hormonal Preparations Excl. Sex Hormones and Insulins,H01,Pituitary and Hypothalamic Hormones and Analogues,1078,0.02,57903,0.12,0.12
201809,Systemic Hormonal Preparations Excl. Sex Hormones and Insulins,H02,Corticosteroids For Systemic Use,58828,1.28,293722,0.6,0.6
201809,Systemic Hormonal Preparations Excl. Sex Hormones and Insulins,H03,Thyroid Therapy,145574,3.16,262980,0.54,0.54
201809,Systemic Hormonal Preparations Excl. Sex Hormones and Insulins,H04,Pancreatic Hormones,244,0.01,5499,0.01,0.01
201809,Systemic Hormonal Preparations Excl. Sex Hormones and Insulins,,,,,,,
201809,Various,V01,Allergens,72,0,5911,0.01,0.01
201809,Various,V03,All Other Therapeutic Products,1845,0.04,164456,0.34,0.34
201809,Various,V04,Diagnostic Agents,10805,0.23,334585,0.68,0.68
201809,Various,V06,General Nutrients,45810,0.99,3558557,7.28,7.28
201809,Various,V07,All Other Non-Therapeutic Products,,,,,5.46
201809,Various,V07 1,Ostomy Requisites,23284,0.5,1430170,2.93,2.93
201809,Various,V07 2,Urinary Requisites,10719,0.23,919166,1.88,1.88
201809,Various,V07 3,Needles/Syringes/Lancets,9196,0.2,111094,0.23,0.23
201809,Various,V07 4,Dressings,3217,0.07,131247,0.27,0.27
201809,Various,V07 5,Miscellaneous,5009,0.11,75216,0.15,0.15
201809,Various,,,,,,,
201810,Alimentary Tract and Metabolism,A01,Stomatological Preparations,6500,0.13,18825,0.04,0.04
201810,Alimentary Tract and Metabolism,A02,Drugs For Acid Related Disorders,347028,7.08,1994307,3.83,3.83
201810,Alimentary Tract and Metabolism,A03,Drugs For Functional Gastrointestinal Disorders,33208,0.68,142925,0.27,0.27
201810,Alimentary Tract and Metabolism,A04,Antiemetics and Antinauseants,3328,0.07,255279,0.49,0.49
201810,Alimentary Tract and Metabolism,A05,Bile and Liver Therapy,1814,0.04,48860,0.09,0.09
201810,Alimentary Tract and Metabolism,A06,Laxatives,73805,1.51,785199,1.51,1.51
201810,Alimentary Tract and Metabolism,A07,Antidiarrheals Intestinal Antiinflammatory/Antiinfective Agents,22339,0.46,714039,1.37,1.37
201810,Alimentary Tract and Metabolism,A09,Digestives Incl. Enzymes,2177,0.04,117568,0.23,0.23
201810,Alimentary Tract and Metabolism,A10,Drugs Used In Diabetes,49597,1.01,950165,1.83,1.83
201810,Alimentary Tract and Metabolism,A11,Vitamins,71385,1.46,367457,0.71,0.71
201810,Alimentary Tract and Metabolism,A12,Mineral Supplements,102763,2.1,545115,1.05,1.05
201810,Alimentary Tract and Metabolism,A14,Anabolic Agents For Systemic Use,36,0,464,0,0
201810,Alimentary Tract and Metabolism,,,,,,,
201810,Antiinfectives For Systemic Use,J01,Antibacterials For Systemic Use,206217,4.21,1192486,2.29,2.29
201810,Antiinfectives For Systemic Use,J02,Antimycotics For Systemic Use,9288,0.19,82911,0.16,0.16
201810,Antiinfectives For Systemic Use,J04,Antimycobacterials,675,0.01,15580,0.03,0.03
201810,Antiinfectives For Systemic Use,J05,Antivirals For Systemic Use,5444,0.11,219444,0.42,0.42
201810,Antiinfectives For Systemic Use,,,,,,,
201810,Antineoplastic and Immunomodulating Agents,L01,Antineoplastic Agents,3493,0.07,157464,0.3,0.3
201810,Antineoplastic and Immunomodulating Agents,L02,Endocrine Therapy,9784,0.2,205902,0.4,0.4
201810,Antineoplastic and Immunomodulating Agents,L04,Immunosuppressive Agents,16196,0.33,197190,0.38,0.38
201810,Antineoplastic and Immunomodulating Agents,,,,,,,
201810,Antiparasitic Products Insecticides and Repellents,P01,Antiprotozoals,9311,0.19,52186,0.1,0.1
201810,Antiparasitic Products Insecticides and Repellents,P02,Anthelmintics,705,0.01,2761,0.01,0.01
201810,Antiparasitic Products Insecticides and Repellents,P03,Ectoparasiticides Incl. Scabicides Insecticides and Repellents,1422,0.03,20224,0.04,0.04
201810,Antiparasitic Products Insecticides and Repellents,,,,,,,
201810,Blood and Blood Forming Organs,B01,Antithrombotic Agents,270591,5.52,4040022,7.77,7.77
201810,Blood and Blood Forming Organs,B02,Antihemorrhagics,1626,0.03,20086,0.04,0.04
201810,Blood and Blood Forming Organs,B03,Antianemic Preparations,95318,1.94,192524,0.37,0.37
201810,Blood and Blood Forming Organs,B05,Blood Substitutes and Perfusion Solutions,2,0,211,0,0
201810,Blood and Blood Forming Organs,,,,,,,
201810,Cardiovascular System,C01,Cardiac Therapy,49169,1,763899,1.47,1.47
201810,Cardiovascular System,C02,Antihypertensives,16719,0.34,148240,0.29,0.29
201810,Cardiovascular System,C03,Diuretics,103495,2.11,293575,0.56,0.56
201810,Cardiovascular System,C04,Peripheral Vasodilators,2913,0.06,42211,0.08,0.08
201810,Cardiovascular System,C05,Vasoprotectives,9935,0.2,65835,0.13,0.13
201810,Cardiovascular System,C07,Beta Blocking Agents,164548,3.36,437123,0.84,0.84
201810,Cardiovascular System,C08,Calcium Channel Blockers,124652,2.54,406175,0.78,0.78
201810,Cardiovascular System,C09,Agents Acting On The Renin-Angiotensin System,253470,5.17,1804929,3.47,3.47
201810,Cardiovascular System,C10,Serum Lipid Reducing Agents,295749,6.03,1831021,3.52,3.52
201810,Cardiovascular System,,,,,,,
201810,Dermatologicals,D01,Antifungals For Dermatological Use,32725,0.67,202013,0.39,0.39
201810,Dermatologicals,D02,Emollients and Protectives,19253,0.39,51709,0.1,0.1
201810,Dermatologicals,D03,Preparations For Treatment Of Wounds and Ulcers,41,0,537,0,0
201810,Dermatologicals,D04,Antipruritics Incl. Antihistamines Anesthetics Etc.,1,0,36,0,0
201810,Dermatologicals,D05,Antipsoriatics,7033,0.14,319941,0.62,0.62
201810,Dermatologicals,D06,Antibiotics and Chemotherapeutics For Dermatological Use,10052,0.2,86752,0.17,0.17
201810,Dermatologicals,D07,Corticosteroids Dermatological Preparations,42799,0.87,222262,0.43,0.43
201810,Dermatologicals,D10,Anti-Acne Preparations,7790,0.16,116108,0.22,0.22
201810,Dermatologicals,D11,Other Dermatological Preparations,2642,0.05,115227,0.22,0.22
201810,Dermatologicals,,,,,,,
201810,Genito Urinary System and Sex Hormones,G01,Gynecological Antiinfectives and Antiseptics,1129,0.02,8049,0.02,0.02
201810,Genito Urinary System and Sex Hormones,G02,Other Gynecologicals,2432,0.05,175924,0.34,0.34
201810,Genito Urinary System and Sex Hormones,G03,Sex Hormones and Modulators Of The Genital System,79546,1.62,583578,1.12,1.12
201810,Genito Urinary System and Sex Hormones,G04,Urologicals,106763,2.18,1873088,3.6,3.6
201810,Genito Urinary System and Sex Hormones,,,,,,,
201810,Musculo-Skeletal System,M01,Antiinflammatory and Antirheumatic Products,100781,2.06,650615,1.25,1.25
201810,Musculo-Skeletal System,M02,Topical Products For Joint and Muscular Pain,65370,1.33,391490,0.75,0.75
201810,Musculo-Skeletal System,M03,Muscle Relaxants,6068,0.12,64003,0.12,0.12
201810,Musculo-Skeletal System,M04,Antigout Preparations,33336,0.68,252226,0.49,0.49
201810,Musculo-Skeletal System,M05,Drugs For Treatment Of Bone Diseases,36786,0.75,1370812,2.64,2.64
201810,Musculo-Skeletal System,M09,Other Drugs For Disorders Of The Musculo-Skeletal System,10456,0.21,122436,0.24,0.24
201810,Musculo-Skeletal System,,,,,,,
201810,Nervous System,N01,Anesthetics,2396,0.05,154266,0.3,0.3
201810,Nervous System,N02,Analgesics,284317,5.8,2452815,4.72,4.72
201810,Nervous System,N03,Antiepileptics,119644,2.44,3047554,5.86,5.86
201810,Nervous System,N04,Anti-Parkinson Drugs,21320,0.43,359225,0.69,0.69
201810,Nervous System,N05,Psycholeptics,305976,6.24,2397939,4.61,4.61
201810,Nervous System,N06,Psychoanaleptics,311509,6.35,2375720,4.57,4.57
201810,Nervous System,N07,Other Nervous System Drugs,32163,0.66,754974,1.45,1.45
201810,Nervous System,,,,,,,
201810,Respiratory System,R01,Nasal Preparations,45988,0.94,508080,0.98,0.98
201810,Respiratory System,R03,Drugs For Obstructive Airway Diseases,296220,6.04,5912093,11.37,11.37
201810,Respiratory System,R05,Cough and Cold Preparations,25450,0.52,120628,0.23,0.23
201810,Respiratory System,R06,Antihistamines For Systemic Use,57692,1.18,225755,0.43,0.43
201810,Respiratory System,,,,,,,
201810,Sensory Organs,S01,Ophthalmologicals,123916,2.53,1036299,1.99,1.99
201810,Sensory Organs,S02,Otologicals,1977,0.04,10454,0.02,0.02
201810,Sensory Organs,S03,Ophthalmological and Otological Preparations,6141,0.13,16274,0.03,0.03
201810,Sensory Organs,,,,,,,
201810,Systemic Hormonal Preparations Excl. Sex Hormones and Insulins,H01,Pituitary and Hypothalamic Hormones and Analogues,1083,0.02,58115,0.11,0.11
201810,Systemic Hormonal Preparations Excl. Sex Hormones and Insulins,H02,Corticosteroids For Systemic Use,65200,1.33,320988,0.62,0.62
201810,Systemic Hormonal Preparations Excl. Sex Hormones and Insulins,H03,Thyroid Therapy,153888,3.14,279439,0.54,0.54
201810,Systemic Hormonal Preparations Excl. Sex Hormones and Insulins,H04,Pancreatic Hormones,296,0.01,6540,0.01,0.01
201810,Systemic Hormonal Preparations Excl. Sex Hormones and Insulins,,,,,,,
201810,Various,V01,Allergens,56,0,4516,0.01,0.01
201810,Various,V03,All Other Therapeutic Products,1922,0.04,170561,0.33,0.33
201810,Various,V04,Diagnostic Agents,11214,0.23,348874,0.67,0.67
201810,Various,V06,General Nutrients,49940,1.02,3858124,7.42,7.42
201810,Various,V07,All Other Non-Therapeutic Products,,,,,5.47
201810,Various,V07 1,Ostomy Requisites,25266,0.52,1519759,2.92,2.92
201810,Various,V07 2,Urinary Requisites,11394,0.23,962278,1.85,1.85
201810,Various,V07 3,Needles/Syringes/Lancets,10036,0.2,119159,0.23,0.23
201810,Various,V07 4,Dressings,3545,0.07,157957,0.3,0.3
201810,Various,V07 5,Miscellaneous,5623,0.11,86841,0.17,0.17
201810,Various,,,,,,,
201811,Alimentary Tract and Metabolism,A01,Stomatological Preparations,6442,0.13,18854,0.04,0.04
201811,Alimentary Tract and Metabolism,A02,Drugs For Acid Related Disorders,349981,7.09,2017300,3.84,3.84
201811,Alimentary Tract and Metabolism,A03,Drugs For Functional Gastrointestinal Disorders,33396,0.68,152892,0.29,0.29
201811,Alimentary Tract and Metabolism,A04,Antiemetics and Antinauseants,3427,0.07,260894,0.5,0.5
201811,Alimentary Tract and Metabolism,A05,Bile and Liver Therapy,1857,0.04,49818,0.09,0.09
201811,Alimentary Tract and Metabolism,A06,Laxatives,75307,1.53,801384,1.53,1.53
201811,Alimentary Tract and Metabolism,A07,Antidiarrheals Intestinal Antiinflammatory/Antiinfective Agents,22687,0.46,732792,1.4,1.4
201811,Alimentary Tract and Metabolism,A09,Digestives Incl. Enzymes,2216,0.04,120155,0.23,0.23
201811,Alimentary Tract and Metabolism,A10,Drugs Used In Diabetes,50473,1.02,974120,1.86,1.86
201811,Alimentary Tract and Metabolism,A11,Vitamins,73400,1.49,380907,0.73,0.73
201811,Alimentary Tract and Metabolism,A12,Mineral Supplements,103449,2.1,551316,1.05,1.05
201811,Alimentary Tract and Metabolism,A14,Anabolic Agents For Systemic Use,29,0,373,0,0
201811,Alimentary Tract and Metabolism,,,,,,,
201811,Antiinfectives For Systemic Use,J01,Antibacterials For Systemic Use,207114,4.2,1202315,2.29,2.29
201811,Antiinfectives For Systemic Use,J02,Antimycotics For Systemic Use,8646,0.18,79664,0.15,0.15
201811,Antiinfectives For Systemic Use,J04,Antimycobacterials,715,0.01,15441,0.03,0.03
201811,Antiinfectives For Systemic Use,J05,Antivirals For Systemic Use,5609,0.11,227633,0.43,0.43
201811,Antiinfectives For Systemic Use,,,,,,,
201811,Antineoplastic and Immunomodulating Agents,L01,Antineoplastic Agents,3457,0.07,151395,0.29,0.29
201811,Antineoplastic and Immunomodulating Agents,L02,Endocrine Therapy,9869,0.2,208821,0.4,0.4
201811,Antineoplastic and Immunomodulating Agents,L04,Immunosuppressive Agents,16442,0.33,201957,0.38,0.38
201811,Antineoplastic and Immunomodulating Agents,,,,,,,
201811,Antiparasitic Products Insecticides and Repellents,P01,Antiprotozoals,9333,0.19,55587,0.11,0.11
201811,Antiparasitic Products Insecticides and Repellents,P02,Anthelmintics,642,0.01,3809,0.01,0.01
201811,Antiparasitic Products Insecticides and Repellents,P03,Ectoparasiticides Incl. Scabicides Insecticides and Repellents,1505,0.03,21695,0.04,0.04
201811,Antiparasitic Products Insecticides and Repellents,,,,,,,
201811,Blood and Blood Forming Organs,B01,Antithrombotic Agents,270598,5.48,4087256,7.78,7.78
201811,Blood and Blood Forming Organs,B02,Antihemorrhagics,1672,0.03,20112,0.04,0.04
201811,Blood and Blood Forming Organs,B03,Antianemic Preparations,95891,1.94,195991,0.37,0.37
201811,Blood and Blood Forming Organs,B05,Blood Substitutes and Perfusion Solutions,6,0,737,0,0
201811,Blood and Blood Forming Organs,,,,,,,
201811,Cardiovascular System,C01,Cardiac Therapy,48867,0.99,753272,1.43,1.43
201811,Cardiovascular System,C02,Antihypertensives,16924,0.34,144238,0.27,0.27
201811,Cardiovascular System,C03,Diuretics,103447,2.1,293833,0.56,0.56
201811,Cardiovascular System,C04,Peripheral Vasodilators,2933,0.06,42494,0.08,0.08
201811,Cardiovascular System,C05,Vasoprotectives,10055,0.2,65852,0.13,0.13
201811,Cardiovascular System,C07,Beta Blocking Agents,165330,3.35,440652,0.84,0.84
201811,Cardiovascular System,C08,Calcium Channel Blockers,126151,2.56,412024,0.78,0.78
201811,Cardiovascular System,C09,Agents Acting On The Renin-Angiotensin System,255321,5.17,1831584,3.49,3.49
201811,Cardiovascular System,C10,Serum Lipid Reducing Agents,297597,6.03,1839168,3.5,3.5
201811,Cardiovascular System,,,,,,,
201811,Dermatologicals,D01,Antifungals For Dermatological Use,32430,0.66,196282,0.37,0.37
201811,Dermatologicals,D02,Emollients and Protectives,19458,0.39,52459,0.1,0.1
201811,Dermatologicals,D03,Preparations For Treatment Of Wounds and Ulcers,37,0,410,0,0
201811,Dermatologicals,D04,Antipruritics Incl. Antihistamines Anesthetics Etc.,1,0,36,0,0
201811,Dermatologicals,D05,Antipsoriatics,7043,0.14,320801,0.61,0.61
201811,Dermatologicals,D06,Antibiotics and Chemotherapeutics For Dermatological Use,10146,0.21,84170,0.16,0.16
201811,Dermatologicals,D07,Corticosteroids Dermatological Preparations,42750,0.87,221915,0.42,0.42
201811,Dermatologicals,D10,Anti-Acne Preparations,7811,0.16,118405,0.23,0.23
201811,Dermatologicals,D11,Other Dermatological Preparations,2618,0.05,115216,0.22,0.22
201811,Dermatologicals,,,,,,,
201811,Genito Urinary System and Sex Hormones,G01,Gynecological Antiinfectives and Antiseptics,959,0.02,6270,0.01,0.01
201811,Genito Urinary System and Sex Hormones,G02,Other Gynecologicals,2456,0.05,175136,0.33,0.33
201811,Genito Urinary System and Sex Hormones,G03,Sex Hormones and Modulators Of The Genital System,79126,1.6,543821,1.04,1.04
201811,Genito Urinary System and Sex Hormones,G04,Urologicals,107923,2.19,1906365,3.63,3.63
201811,Genito Urinary System and Sex Hormones,,,,,,,
201811,Musculo-Skeletal System,M01,Antiinflammatory and Antirheumatic Products,99998,2.03,647280,1.23,1.23
201811,Musculo-Skeletal System,M02,Topical Products For Joint and Muscular Pain,64865,1.31,387236,0.74,0.74
201811,Musculo-Skeletal System,M03,Muscle Relaxants,6025,0.12,63399,0.12,0.12
201811,Musculo-Skeletal System,M04,Antigout Preparations,33775,0.68,256250,0.49,0.49
201811,Musculo-Skeletal System,M05,Drugs For Treatment Of Bone Diseases,36608,0.74,1327720,2.53,2.53
201811,Musculo-Skeletal System,M09,Other Drugs For Disorders Of The Musculo-Skeletal System,10537,0.21,124833,0.24,0.24
201811,Musculo-Skeletal System,,,,,,,
201811,Nervous System,N01,Anesthetics,2485,0.05,164851,0.31,0.31
201811,Nervous System,N02,Analgesics,285433,5.79,2466373,4.7,4.7
201811,Nervous System,N03,Antiepileptics,119496,2.42,3055908,5.82,5.82
201811,Nervous System,N04,Anti-Parkinson Drugs,21356,0.43,372746,0.71,0.71
201811,Nervous System,N05,Psycholeptics,306091,6.2,2466204,4.7,4.7
201811,Nervous System,N06,Psychoanaleptics,315147,6.39,2410519,4.59,4.59
201811,Nervous System,N07,Other Nervous System Drugs,32203,0.65,754433,1.44,1.44
201811,Nervous System,,,,,,,
201811,Respiratory System,R01,Nasal Preparations,46507,0.94,512441,0.98,0.98
201811,Respiratory System,R03,Drugs For Obstructive Airway Diseases,299962,6.08,6009262,11.44,11.44
201811,Respiratory System,R05,Cough and Cold Preparations,26236,0.53,123403,0.24,0.24
201811,Respiratory System,R06,Antihistamines For Systemic Use,56611,1.15,221282,0.42,0.42
201811,Respiratory System,,,,,,,
201811,Sensory Organs,S01,Ophthalmologicals,124959,2.53,1052821,2.01,2.01
201811,Sensory Organs,S02,Otologicals,1875,0.04,9925,0.02,0.02
201811,Sensory Organs,S03,Ophthalmological and Otological Preparations,6163,0.12,16574,0.03,0.03
201811,Sensory Organs,,,,,,,
201811,Systemic Hormonal Preparations Excl. Sex Hormones and Insulins,H01,Pituitary and Hypothalamic Hormones and Analogues,1166,0.02,62033,0.12,0.12
201811,Systemic Hormonal Preparations Excl. Sex Hormones and Insulins,H02,Corticosteroids For Systemic Use,66319,1.34,327355,0.62,0.62
201811,Systemic Hormonal Preparations Excl. Sex Hormones and Insulins,H03,Thyroid Therapy,155397,3.15,282028,0.54,0.54
201811,Systemic Hormonal Preparations Excl. Sex Hormones and Insulins,H04,Pancreatic Hormones,265,0.01,5681,0.01,0.01
201811,Systemic Hormonal Preparations Excl. Sex Hormones and Insulins,,,,,,,
201811,Various,V01,Allergens,63,0,5052,0.01,0.01
201811,Various,V03,All Other Therapeutic Products,1915,0.04,165167,0.31,0.31
201811,Various,V04,Diagnostic Agents,11444,0.23,352582,0.67,0.67
201811,Various,V06,General Nutrients,49592,1.01,3851308,7.33,7.33
201811,Various,V07,All Other Non-Therapeutic Products,,,,,5.55
201811,Various,V07 1,Ostomy Requisites,26044,0.53,1567962,2.99,2.99
201811,Various,V07 2,Urinary Requisites,11588,0.23,973442,1.85,1.85
201811,Various,V07 3,Needles/Syringes/Lancets,10482,0.21,123609,0.24,0.24
201811,Various,V07 4,Dressings,3777,0.08,167452,0.32,0.32
201811,Various,V07 5,Miscellaneous,5818,0.12,82972,0.16,0.16
201811,Various,,,,,,,
201812,Alimentary Tract and Metabolism,A01,Stomatological Preparations,5935,0.12,17296,0.03,0.03
201812,Alimentary Tract and Metabolism,A02,Drugs For Acid Related Disorders,343149,7.1,1990093,3.91,3.91
201812,Alimentary Tract and Metabolism,A03,Drugs For Functional Gastrointestinal Disorders,32482,0.67,145156,0.29,0.29
201812,Alimentary Tract and Metabolism,A04,Antiemetics and Antinauseants,3380,0.07,263540,0.52,0.52
201812,Alimentary Tract and Metabolism,A05,Bile and Liver Therapy,1844,0.04,50175,0.1,0.1
201812,Alimentary Tract and Metabolism,A06,Laxatives,71927,1.49,764443,1.5,1.5
201812,Alimentary Tract and Metabolism,A07,Antidiarrheals Intestinal Antiinflammatory/Antiinfective Agents,22340,0.46,720320,1.41,1.41
201812,Alimentary Tract and Metabolism,A09,Digestives Incl. Enzymes,2103,0.04,118129,0.23,0.23
201812,Alimentary Tract and Metabolism,A10,Drugs Used In Diabetes,48682,1.01,955265,1.88,1.88
201812,Alimentary Tract and Metabolism,A11,Vitamins,72138,1.49,369161,0.72,0.72
201812,Alimentary Tract and Metabolism,A12,Mineral Supplements,101160,2.09,538637,1.06,1.06
201812,Alimentary Tract and Metabolism,A14,Anabolic Agents For Systemic Use,32,0,401,0,0
201812,Alimentary Tract and Metabolism,,,,,,,
201812,Antiinfectives For Systemic Use,J01,Antibacterials For Systemic Use,232198,4.81,1291712,2.54,2.54
201812,Antiinfectives For Systemic Use,J02,Antimycotics For Systemic Use,8181,0.17,74183,0.15,0.15
201812,Antiinfectives For Systemic Use,J04,Antimycobacterials,624,0.01,14401,0.03,0.03
201812,Antiinfectives For Systemic Use,J05,Antivirals For Systemic Use,5656,0.12,222874,0.44,0.44
201812,Antiinfectives For Systemic Use,,,,,,,
201812,Antineoplastic and Immunomodulating Agents,L01,Antineoplastic Agents,3153,0.07,145814,0.29,0.29
201812,Antineoplastic and Immunomodulating Agents,L02,Endocrine Therapy,9724,0.2,204836,0.4,0.4
201812,Antineoplastic and Immunomodulating Agents,L04,Immunosuppressive Agents,15987,0.33,197354,0.39,0.39
201812,Antineoplastic and Immunomodulating Agents,,,,,,,
201812,Antiparasitic Products Insecticides and Repellents,P01,Antiprotozoals,9158,0.19,68993,0.14,0.14
201812,Antiparasitic Products Insecticides and Repellents,P02,Anthelmintics,498,0.01,2839,0.01,0.01
201812,Antiparasitic Products Insecticides and Repellents,P03,Ectoparasiticides Incl. Scabicides Insecticides and Repellents,1132,0.02,16505,0.03,0.03
201812,Antiparasitic Products Insecticides and Repellents,,,,,,,
201812,Blood and Blood Forming Organs,B01,Antithrombotic Agents,264586,5.48,4024820,7.9,7.9
201812,Blood and Blood Forming Organs,B02,Antihemorrhagics,1521,0.03,19238,0.04,0.04
201812,Blood and Blood Forming Organs,B03,Antianemic Preparations,91580,1.9,173584,0.34,0.34
201812,Blood and Blood Forming Organs,B05,Blood Substitutes and Perfusion Solutions,3,0,330,0,0
201812,Blood and Blood Forming Organs,,,,,,,
201812,Cardiovascular System,C01,Cardiac Therapy,47446,0.98,717607,1.41,1.41
201812,Cardiovascular System,C02,Antihypertensives,16659,0.34,134619,0.26,0.26
201812,Cardiovascular System,C03,Diuretics,100590,2.08,286773,0.56,0.56
201812,Cardiovascular System,C04,Peripheral Vasodilators,2826,0.06,41132,0.08,0.08
201812,Cardiovascular System,C05,Vasoprotectives,8964,0.19,61473,0.12,0.12
201812,Cardiovascular System,C07,Beta Blocking Agents,161925,3.35,431429,0.85,0.85
201812,Cardiovascular System,C08,Calcium Channel Blockers,124510,2.58,403143,0.79,0.79
201812,Cardiovascular System,C09,Agents Acting On The Renin-Angiotensin System,249941,5.17,1754513,3.45,3.45
201812,Cardiovascular System,C10,Serum Lipid Reducing Agents,292699,6.06,1810949,3.56,3.56
201812,Cardiovascular System,,,,,,,
201812,Dermatologicals,D01,Antifungals For Dermatological Use,28723,0.59,174345,0.34,0.34
201812,Dermatologicals,D02,Emollients and Protectives,17814,0.37,48282,0.09,0.09
201812,Dermatologicals,D03,Preparations For Treatment Of Wounds and Ulcers,40,0,808,0,0
201812,Dermatologicals,D04,Antipruritics Incl. Antihistamines Anesthetics Etc.,1,0,36,0,0
201812,Dermatologicals,D05,Antipsoriatics,6368,0.13,300594,0.59,0.59
201812,Dermatologicals,D06,Antibiotics and Chemotherapeutics For Dermatological Use,9051,0.19,71602,0.14,0.14
201812,Dermatologicals,D07,Corticosteroids Dermatological Preparations,37450,0.78,196374,0.39,0.39
201812,Dermatologicals,D10,Anti-Acne Preparations,7044,0.15,106878,0.21,0.21
201812,Dermatologicals,D11,Other Dermatological Preparations,2210,0.05,96015,0.19,0.19
201812,Dermatologicals,,,,,,,
201812,Genito Urinary System and Sex Hormones,G01,Gynecological Antiinfectives and Antiseptics,863,0.02,6410,0.01,0.01
201812,Genito Urinary System and Sex Hormones,G02,Other Gynecologicals,1863,0.04,113194,0.22,0.22
201812,Genito Urinary System and Sex Hormones,G03,Sex Hormones and Modulators Of The Genital System,76899,1.59,524932,1.03,1.03
201812,Genito Urinary System and Sex Hormones,G04,Urologicals,106150,2.2,1876345,3.68,3.68
201812,Genito Urinary System and Sex Hormones,,,,,,,
201812,Musculo-Skeletal System,M01,Antiinflammatory and Antirheumatic Products,91933,1.9,602118,1.18,1.18
201812,Musculo-Skeletal System,M02,Topical Products For Joint and Muscular Pain,59969,1.24,354708,0.7,0.7
201812,Musculo-Skeletal System,M03,Muscle Relaxants,5828,0.12,62904,0.12,0.12
201812,Musculo-Skeletal System,M04,Antigout Preparations,33177,0.69,252373,0.5,0.5
201812,Musculo-Skeletal System,M05,Drugs For Treatment Of Bone Diseases,34786,0.72,1157007,2.27,2.27
201812,Musculo-Skeletal System,M09,Other Drugs For Disorders Of The Musculo-Skeletal System,10283,0.21,114466,0.22,0.22
201812,Musculo-Skeletal System,,,,,,,
201812,Nervous System,N01,Anesthetics,2505,0.05,168263,0.33,0.33
201812,Nervous System,N02,Analgesics,277656,5.75,2408088,4.73,4.73
201812,Nervous System,N03,Antiepileptics,115372,2.39,2970630,5.83,5.83
201812,Nervous System,N04,Anti-Parkinson Drugs,20553,0.43,360847,0.71,0.71
201812,Nervous System,N05,Psycholeptics,295507,6.12,2356153,4.63,4.63
201812,Nervous System,N06,Psychoanaleptics,304094,6.29,2343066,4.6,4.6
201812,Nervous System,N07,Other Nervous System Drugs,29502,0.61,669534,1.31,1.31
201812,Nervous System,,,,,,,
201812,Respiratory System,R01,Nasal Preparations,44914,0.93,498503,0.98,0.98
201812,Respiratory System,R03,Drugs For Obstructive Airway Diseases,302145,6.25,5977932,11.74,11.74
201812,Respiratory System,R05,Cough and Cold Preparations,29764,0.62,134833,0.26,0.26
201812,Respiratory System,R06,Antihistamines For Systemic Use,54958,1.14,216486,0.43,0.43
201812,Respiratory System,,,,,,,
201812,Sensory Organs,S01,Ophthalmologicals,119302,2.47,1018026,2,2
201812,Sensory Organs,S02,Otologicals,1745,0.04,9181,0.02,0.02
201812,Sensory Organs,S03,Ophthalmological and Otological Preparations,5777,0.12,14870,0.03,0.03
201812,Sensory Organs,,,,,,,
201812,Systemic Hormonal Preparations Excl. Sex Hormones and Insulins,H01,Pituitary and Hypothalamic Hormones and Analogues,1102,0.02,59208,0.12,0.12
201812,Systemic Hormonal Preparations Excl. Sex Hormones and Insulins,H02,Corticosteroids For Systemic Use,74430,1.54,351682,0.69,0.69
201812,Systemic Hormonal Preparations Excl. Sex Hormones and Insulins,H03,Thyroid Therapy,152496,3.16,277088,0.54,0.54
201812,Systemic Hormonal Preparations Excl. Sex Hormones and Insulins,H04,Pancreatic Hormones,271,0.01,5956,0.01,0.01
201812,Systemic Hormonal Preparations Excl. Sex Hormones and Insulins,,,,,,,
201812,Various,V01,Allergens,61,0,4888,0.01,0.01
201812,Various,V03,All Other Therapeutic Products,1899,0.04,170005,0.33,0.33
201812,Various,V04,Diagnostic Agents,10835,0.22,335047,0.66,0.66
201812,Various,V06,General Nutrients,46513,0.96,3636812,7.14,7.14
201812,Various,V07,All Other Non-Therapeutic Products,,,,,5.59
201812,Various,V07 1,Ostomy Requisites,25124,0.52,1535893,3.02,3.02
201812,Various,V07 2,Urinary Requisites,11322,0.23,960437,1.89,1.89
201812,Various,V07 3,Needles/Syringes/Lancets,10011,0.21,114763,0.23,0.23
201812,Various,V07 4,Dressings,3071,0.06,148910,0.29,0.29
201812,Various,V07 5,Miscellaneous,5677,0.12,84591,0.17,0.17
201812,Various,,,,,,,
201901,Alimentary Tract and Metabolism,A01,Stomatological Preparations,6578,0.13,19002,0.04,0.04
201901,Alimentary Tract and Metabolism,A02,Drugs For Acid Related Disorders,355736,7.01,2054599,3.84,3.84
201901,Alimentary Tract and Metabolism,A03,Drugs For Functional Gastrointestinal Disorders,33866,0.67,145369,0.27,0.27
201901,Alimentary Tract and Metabolism,A04,Antiemetics and Antinauseants,3448,0.07,265898,0.5,0.5
201901,Alimentary Tract and Metabolism,A05,Bile and Liver Therapy,1902,0.04,52154,0.1,0.1
201901,Alimentary Tract and Metabolism,A06,Laxatives,75484,1.49,804911,1.5,1.5
201901,Alimentary Tract and Metabolism,A07,Antidiarrheals Intestinal Antiinflammatory/Antiinfective Agents,23458,0.46,750090,1.4,1.4
201901,Alimentary Tract and Metabolism,A09,Digestives Incl. Enzymes,2207,0.04,125195,0.23,0.23
201901,Alimentary Tract and Metabolism,A10,Drugs Used In Diabetes,50149,0.99,977331,1.82,1.82
201901,Alimentary Tract and Metabolism,A11,Vitamins,76528,1.51,396433,0.74,0.74
201901,Alimentary Tract and Metabolism,A12,Mineral Supplements,104487,2.06,556235,1.04,1.04
201901,Alimentary Tract and Metabolism,A14,Anabolic Agents For Systemic Use,32,0,381,0,0
201901,Alimentary Tract and Metabolism,,,,,,,
201901,Antiinfectives For Systemic Use,J01,Antibacterials For Systemic Use,250827,4.95,1399446,2.61,2.61
201901,Antiinfectives For Systemic Use,J02,Antimycotics For Systemic Use,9625,0.19,84966,0.16,0.16
201901,Antiinfectives For Systemic Use,J04,Antimycobacterials,666,0.01,15571,0.03,0.03
201901,Antiinfectives For Systemic Use,J05,Antivirals For Systemic Use,8212,0.16,275040,0.51,0.51
201901,Antiinfectives For Systemic Use,,,,,,,
201901,Antineoplastic and Immunomodulating Agents,L01,Antineoplastic Agents,3384,0.07,148013,0.28,0.28
201901,Antineoplastic and Immunomodulating Agents,L02,Endocrine Therapy,10090,0.2,212669,0.4,0.4
201901,Antineoplastic and Immunomodulating Agents,L04,Immunosuppressive Agents,16472,0.32,206446,0.39,0.39
201901,Antineoplastic and Immunomodulating Agents,,,,,,,
201901,Antiparasitic Products Insecticides and Repellents,P01,Antiprotozoals,9329,0.18,51724,0.1,0.1
201901,Antiparasitic Products Insecticides and Repellents,P02,Anthelmintics,678,0.01,3680,0.01,0.01
201901,Antiparasitic Products Insecticides and Repellents,P03,Ectoparasiticides Incl. Scabicides Insecticides and Repellents,1600,0.03,22347,0.04,0.04
201901,Antiparasitic Products Insecticides and Repellents,,,,,,,
201901,Blood and Blood Forming Organs,B01,Antithrombotic Agents,271910,5.36,4208875,7.86,7.86
201901,Blood and Blood Forming Organs,B02,Antihemorrhagics,1549,0.03,19445,0.04,0.04
201901,Blood and Blood Forming Organs,B03,Antianemic Preparations,95557,1.88,187226,0.35,0.35
201901,Blood and Blood Forming Organs,B05,Blood Substitutes and Perfusion Solutions,3,0,121,0,0
201901,Blood and Blood Forming Organs,,,,,,,
201901,Cardiovascular System,C01,Cardiac Therapy,48932,0.96,742490,1.39,1.39
201901,Cardiovascular System,C02,Antihypertensives,16963,0.33,137729,0.26,0.26
201901,Cardiovascular System,C03,Diuretics,104252,2.06,298005,0.56,0.56
201901,Cardiovascular System,C04,Peripheral Vasodilators,2918,0.06,43370,0.08,0.08
201901,Cardiovascular System,C05,Vasoprotectives,9922,0.2,71657,0.13,0.13
201901,Cardiovascular System,C07,Beta Blocking Agents,166569,3.28,448294,0.84,0.84
201901,Cardiovascular System,C08,Calcium Channel Blockers,127847,2.52,413804,0.77,0.77
201901,Cardiovascular System,C09,Agents Acting On The Renin-Angiotensin System,257788,5.08,1815797,3.39,3.39
201901,Cardiovascular System,C10,Serum Lipid Reducing Agents,300192,5.92,1850258,3.45,3.45
201901,Cardiovascular System,,,,,,,
201901,Dermatologicals,D01,Antifungals For Dermatological Use,32617,0.64,193980,0.36,0.36
201901,Dermatologicals,D02,Emollients and Protectives,19515,0.38,52601,0.1,0.1
201901,Dermatologicals,D03,Preparations For Treatment Of Wounds and Ulcers,45,0,492,0,0
201901,Dermatologicals,D04,Antipruritics Incl. Antihistamines Anesthetics Etc.,1,0,36,0,0
201901,Dermatologicals,D05,Antipsoriatics,7242,0.14,329425,0.62,0.62
201901,Dermatologicals,D06,Antibiotics and Chemotherapeutics For Dermatological Use,9928,0.2,80558,0.15,0.15
201901,Dermatologicals,D07,Corticosteroids Dermatological Preparations,43930,0.87,229684,0.43,0.43
201901,Dermatologicals,D10,Anti-Acne Preparations,8072,0.16,122447,0.23,0.23
201901,Dermatologicals,D11,Other Dermatological Preparations,2506,0.05,107361,0.2,0.2
201901,Dermatologicals,,,,,,,
201901,Genito Urinary System and Sex Hormones,G01,Gynecological Antiinfectives and Antiseptics,1022,0.02,6966,0.01,0.01
201901,Genito Urinary System and Sex Hormones,G02,Other Gynecologicals,2521,0.05,200544,0.37,0.37
201901,Genito Urinary System and Sex Hormones,G03,Sex Hormones and Modulators Of The Genital System,79793,1.57,666108,1.24,1.24
201901,Genito Urinary System and Sex Hormones,G04,Urologicals,109644,2.16,1938483,3.62,3.62
201901,Genito Urinary System and Sex Hormones,,,,,,,
201901,Musculo-Skeletal System,M01,Antiinflammatory and Antirheumatic Products,102211,2.02,647603,1.21,1.21
201901,Musculo-Skeletal System,M02,Topical Products For Joint and Muscular Pain,65974,1.3,405141,0.76,0.76
201901,Musculo-Skeletal System,M03,Muscle Relaxants,6103,0.12,64461,0.12,0.12
201901,Musculo-Skeletal System,M04,Antigout Preparations,34028,0.67,257292,0.48,0.48
201901,Musculo-Skeletal System,M05,Drugs For Treatment Of Bone Diseases,36115,0.71,1268937,2.37,2.37
201901,Musculo-Skeletal System,M09,Other Drugs For Disorders Of The Musculo-Skeletal System,10493,0.21,120137,0.22,0.22
201901,Musculo-Skeletal System,,,,,,,
201901,Nervous System,N01,Anesthetics,2791,0.06,183000,0.34,0.34
201901,Nervous System,N02,Analgesics,293597,5.79,2487051,4.64,4.64
201901,Nervous System,N03,Antiepileptics,120385,2.37,3092186,5.77,5.77
201901,Nervous System,N04,Anti-Parkinson Drugs,21541,0.42,371515,0.69,0.69
201901,Nervous System,N05,Psycholeptics,311678,6.15,2443847,4.56,4.56
201901,Nervous System,N06,Psychoanaleptics,319565,6.3,2447355,4.57,4.57
201901,Nervous System,N07,Other Nervous System Drugs,34503,0.68,842397,1.57,1.57
201901,Nervous System,,,,,,,
201901,Respiratory System,R01,Nasal Preparations,48062,0.95,535037,1,1
201901,Respiratory System,R03,Drugs For Obstructive Airway Diseases,310523,6.12,6175640,11.53,11.53
201901,Respiratory System,R05,Cough and Cold Preparations,35787,0.71,157537,0.29,0.29
201901,Respiratory System,R06,Antihistamines For Systemic Use,58652,1.16,226884,0.42,0.42
201901,Respiratory System,,,,,,,
201901,Sensory Organs,S01,Ophthalmologicals,125803,2.48,1056219,1.97,1.97
201901,Sensory Organs,S02,Otologicals,2133,0.04,11248,0.02,0.02
201901,Sensory Organs,S03,Ophthalmological and Otological Preparations,6864,0.14,17882,0.03,0.03
201901,Sensory Organs,,,,,,,
201901,Systemic Hormonal Preparations Excl. Sex Hormones and Insulins,H01,Pituitary and Hypothalamic Hormones and Analogues,1149,0.02,63150,0.12,0.12
201901,Systemic Hormonal Preparations Excl. Sex Hormones and Insulins,H02,Corticosteroids For Systemic Use,79903,1.58,367402,0.69,0.69
201901,Systemic Hormonal Preparations Excl. Sex Hormones and Insulins,H03,Thyroid Therapy,156518,3.09,286017,0.53,0.53
201901,Systemic Hormonal Preparations Excl. Sex Hormones and Insulins,H04,Pancreatic Hormones,252,0,5443,0.01,0.01
201901,Systemic Hormonal Preparations Excl. Sex Hormones and Insulins,,,,,,,
201901,Various,V01,Allergens,72,0,5846,0.01,0.01
201901,Various,V03,All Other Therapeutic Products,1961,0.04,177561,0.33,0.33
201901,Various,V04,Diagnostic Agents,11162,0.22,343352,0.64,0.64
201901,Various,V06,General Nutrients,49238,0.97,3798623,7.09,7.09
201901,Various,V07,All Other Non-Therapeutic Products,,,,,5.53
201901,Various,V07 1,Ostomy Requisites,26167,0.52,1588570,2.97,2.97
201901,Various,V07 2,Urinary Requisites,11951,0.24,1006984,1.88,1.88
201901,Various,V07 3,Needles/Syringes/Lancets,10123,0.2,117902,0.22,0.22
201901,Various,V07 4,Dressings,3585,0.07,159979,0.3,0.3
201901,Various,V07 5,Miscellaneous,6194,0.12,88875,0.17,0.17
201901,Various,,,,,,,
201902,Alimentary Tract and Metabolism,A01,Stomatological Preparations,5885,0.13,17176,0.04,0.04
201902,Alimentary Tract and Metabolism,A02,Drugs For Acid Related Disorders,324289,7.07,1884355,3.85,3.85
201902,Alimentary Tract and Metabolism,A03,Drugs For Functional Gastrointestinal Disorders,30108,0.66,137171,0.28,0.28
201902,Alimentary Tract and Metabolism,A04,Antiemetics and Antinauseants,3174,0.07,246295,0.5,0.5
201902,Alimentary Tract and Metabolism,A05,Bile and Liver Therapy,1743,0.04,47330,0.1,0.1
201902,Alimentary Tract and Metabolism,A06,Laxatives,69182,1.51,740468,1.51,1.51
201902,Alimentary Tract and Metabolism,A07,Antidiarrheals Intestinal Antiinflammatory/Antiinfective Agents,20901,0.46,677642,1.39,1.39
201902,Alimentary Tract and Metabolism,A09,Digestives Incl. Enzymes,2092,0.05,116303,0.24,0.24
201902,Alimentary Tract and Metabolism,A10,Drugs Used In Diabetes,46016,1,903155,1.85,1.85
201902,Alimentary Tract and Metabolism,A11,Vitamins,72178,1.57,376233,0.77,0.77
201902,Alimentary Tract and Metabolism,A12,Mineral Supplements,95940,2.09,511265,1.05,1.05
201902,Alimentary Tract and Metabolism,A14,Anabolic Agents For Systemic Use,29,0,334,0,0
201902,Alimentary Tract and Metabolism,,,,,,,
201902,Antiinfectives For Systemic Use,J01,Antibacterials For Systemic Use,201172,4.39,1149907,2.35,2.35
201902,Antiinfectives For Systemic Use,J02,Antimycotics For Systemic Use,7917,0.17,73953,0.15,0.15
201902,Antiinfectives For Systemic Use,J04,Antimycobacterials,639,0.01,15154,0.03,0.03
201902,Antiinfectives For Systemic Use,J05,Antivirals For Systemic Use,7001,0.15,240955,0.49,0.49
201902,Antiinfectives For Systemic Use,,,,,,,
201902,Antineoplastic and Immunomodulating Agents,L01,Antineoplastic Agents,3031,0.07,131262,0.27,0.27
201902,Antineoplastic and Immunomodulating Agents,L02,Endocrine Therapy,9174,0.2,191700,0.39,0.39
201902,Antineoplastic and Immunomodulating Agents,L04,Immunosuppressive Agents,15191,0.33,190950,0.39,0.39
201902,Antineoplastic and Immunomodulating Agents,,,,,,,
201902,Antiparasitic Products Insecticides and Repellents,P01,Antiprotozoals,8491,0.19,43358,0.09,0.09
201902,Antiparasitic Products Insecticides and Repellents,P02,Anthelmintics,568,0.01,3455,0.01,0.01
201902,Antiparasitic Products Insecticides and Repellents,P03,Ectoparasiticides Incl. Scabicides Insecticides and Repellents,1389,0.03,19463,0.04,0.04
201902,Antiparasitic Products Insecticides and Repellents,,,,,,,
201902,Blood and Blood Forming Organs,B01,Antithrombotic Agents,248036,5.41,3893667,7.96,7.96
201902,Blood and Blood Forming Organs,B02,Antihemorrhagics,1296,0.03,15923,0.03,0.03
201902,Blood and Blood Forming Organs,B03,Antianemic Preparations,87978,1.92,169801,0.35,0.35
201902,Blood and Blood Forming Organs,B05,Blood Substitutes and Perfusion Solutions,4,0,751,0,0
201902,Blood and Blood Forming Organs,,,,,,,
201902,Cardiovascular System,C01,Cardiac Therapy,45217,0.99,693677,1.42,1.42
201902,Cardiovascular System,C02,Antihypertensives,15724,0.34,127641,0.26,0.26
201902,Cardiovascular System,C03,Diuretics,95139,2.07,271887,0.56,0.56
201902,Cardiovascular System,C04,Peripheral Vasodilators,2687,0.06,39184,0.08,0.08
201902,Cardiovascular System,C05,Vasoprotectives,9113,0.2,61582,0.13,0.13
201902,Cardiovascular System,C07,Beta Blocking Agents,152618,3.33,406778,0.83,0.83
201902,Cardiovascular System,C08,Calcium Channel Blockers,118349,2.58,383256,0.78,0.78
201902,Cardiovascular System,C09,Agents Acting On The Renin-Angiotensin System,236831,5.16,1675678,3.43,3.43
201902,Cardiovascular System,C10,Serum Lipid Reducing Agents,275544,6.01,1699525,3.47,3.47
201902,Cardiovascular System,,,,,,,
201902,Dermatologicals,D01,Antifungals For Dermatological Use,29718,0.65,178829,0.37,0.37
201902,Dermatologicals,D02,Emollients and Protectives,18274,0.4,48907,0.1,0.1
201902,Dermatologicals,D03,Preparations For Treatment Of Wounds and Ulcers,45,0,835,0,0
201902,Dermatologicals,D05,Antipsoriatics,6575,0.14,307227,0.63,0.63
201902,Dermatologicals,D06,Antibiotics and Chemotherapeutics For Dermatological Use,9040,0.2,75700,0.15,0.15
201902,Dermatologicals,D07,Corticosteroids Dermatological Preparations,40181,0.88,209676,0.43,0.43
201902,Dermatologicals,D10,Anti-Acne Preparations,7167,0.16,109788,0.22,0.22
201902,Dermatologicals,D11,Other Dermatological Preparations,2377,0.05,100947,0.21,0.21
201902,Dermatologicals,,,,,,,
201902,Genito Urinary System and Sex Hormones,G01,Gynecological Antiinfectives and Antiseptics,856,0.02,5788,0.01,0.01
201902,Genito Urinary System and Sex Hormones,G02,Other Gynecologicals,2403,0.05,186699,0.38,0.38
201902,Genito Urinary System and Sex Hormones,G03,Sex Hormones and Modulators Of The Genital System,72203,1.57,565589,1.16,1.16
201902,Genito Urinary System and Sex Hormones,G04,Urologicals,101197,2.21,1788672,3.66,3.66
201902,Genito Urinary System and Sex Hormones,,,,,,,
201902,Musculo-Skeletal System,M01,Antiinflammatory and Antirheumatic Products,91661,2,592821,1.21,1.21
201902,Musculo-Skeletal System,M02,Topical Products For Joint and Muscular Pain,61124,1.33,381404,0.78,0.78
201902,Musculo-Skeletal System,M03,Muscle Relaxants,5568,0.12,59427,0.12,0.12
201902,Musculo-Skeletal System,M04,Antigout Preparations,31423,0.69,239188,0.49,0.49
201902,Musculo-Skeletal System,M05,Drugs For Treatment Of Bone Diseases,33147,0.72,1167827,2.39,2.39
201902,Musculo-Skeletal System,M09,Other Drugs For Disorders Of The Musculo-Skeletal System,9615,0.21,106329,0.22,0.22
201902,Musculo-Skeletal System,,,,,,,
201902,Nervous System,N01,Anesthetics,2480,0.05,164072,0.34,0.34
201902,Nervous System,N02,Analgesics,265473,5.79,2257872,4.62,4.62
201902,Nervous System,N03,Antiepileptics,110150,2.4,2831467,5.79,5.79
201902,Nervous System,N04,Anti-Parkinson Drugs,19736,0.43,334636,0.68,0.68
201902,Nervous System,N05,Psycholeptics,282330,6.16,2271493,4.64,4.64
201902,Nervous System,N06,Psychoanaleptics,292407,6.38,2229665,4.56,4.56
201902,Nervous System,N07,Other Nervous System Drugs,31167,0.68,750429,1.53,1.53
201902,Nervous System,,,,,,,
201902,Respiratory System,R01,Nasal Preparations,43933,0.96,490863,1,1
201902,Respiratory System,R03,Drugs For Obstructive Airway Diseases,277107,6.04,5592351,11.43,11.43
201902,Respiratory System,R05,Cough and Cold Preparations,25805,0.56,122338,0.25,0.25
201902,Respiratory System,R06,Antihistamines For Systemic Use,53345,1.16,206391,0.42,0.42
201902,Respiratory System,,,,,,,
201902,Sensory Organs,S01,Ophthalmologicals,115772,2.52,980764,2,2
201902,Sensory Organs,S02,Otologicals,1828,0.04,9507,0.02,0.02
201902,Sensory Organs,S03,Ophthalmological and Otological Preparations,5906,0.13,15349,0.03,0.03
201902,Sensory Organs,,,,,,,
201902,Systemic Hormonal Preparations Excl. Sex Hormones and Insulins,H01,Pituitary and Hypothalamic Hormones and Analogues,1035,0.02,56956,0.12,0.12
201902,Systemic Hormonal Preparations Excl. Sex Hormones and Insulins,H02,Corticosteroids For Systemic Use,64313,1.4,311310,0.64,0.64
201902,Systemic Hormonal Preparations Excl. Sex Hormones and Insulins,H03,Thyroid Therapy,144286,3.15,261076,0.53,0.53
201902,Systemic Hormonal Preparations Excl. Sex Hormones and Insulins,H04,Pancreatic Hormones,231,0.01,4928,0.01,0.01
201902,Systemic Hormonal Preparations Excl. Sex Hormones and Insulins,,,,,,,
201902,Various,V01,Allergens,79,0,6634,0.01,0.01
201902,Various,V03,All Other Therapeutic Products,1796,0.04,157836,0.32,0.32
201902,Various,V04,Diagnostic Agents,10441,0.23,322112,0.66,0.66
201902,Various,V06,General Nutrients,45201,0.99,3501244,7.16,7.16
201902,Various,V07,All Other Non-Therapeutic Products,,,,,5.63
201902,Various,V07 1,Ostomy Requisites,24989,0.54,1495642,3.06,3.06
201902,Various,V07 2,Urinary Requisites,10819,0.24,912865,1.87,1.87
201902,Various,V07 3,Needles/Syringes/Lancets,8943,0.2,105764,0.22,0.22
201902,Various,V07 4,Dressings,3380,0.07,156715,0.32,0.32
201902,Various,V07 5,Miscellaneous,5389,0.12,85056,0.17,0.17
201902,Various,,,,,,,
201903,Alimentary Tract and Metabolism,A01,Stomatological Preparations,6249,0.13,18029,0.04,0.04
201903,Alimentary Tract and Metabolism,A02,Drugs For Acid Related Disorders,343001,7.13,1988818,3.87,3.87
201903,Alimentary Tract and Metabolism,A03,Drugs For Functional Gastrointestinal Disorders,31941,0.66,142737,0.28,0.28
201903,Alimentary Tract and Metabolism,A04,Antiemetics and Antinauseants,3294,0.07,254831,0.5,0.5
201903,Alimentary Tract and Metabolism,A05,Bile and Liver Therapy,1854,0.04,50029,0.1,0.1
201903,Alimentary Tract and Metabolism,A06,Laxatives,72898,1.52,781505,1.52,1.52
201903,Alimentary Tract and Metabolism,A07,Antidiarrheals Intestinal Antiinflammatory/Antiinfective Agents,22065,0.46,732231,1.42,1.42
201903,Alimentary Tract and Metabolism,A09,Digestives Incl. Enzymes,2131,0.04,118936,0.23,0.23
201903,Alimentary Tract and Metabolism,A10,Drugs Used In Diabetes,48151,1,945080,1.84,1.84
201903,Alimentary Tract and Metabolism,A11,Vitamins,77732,1.62,405646,0.79,0.79
201903,Alimentary Tract and Metabolism,A12,Mineral Supplements,100922,2.1,537837,1.05,1.05
201903,Alimentary Tract and Metabolism,A14,Anabolic Agents For Systemic Use,34,0,428,0,0
201903,Alimentary Tract and Metabolism,,,,,,,
201903,Antiinfectives For Systemic Use,J01,Antibacterials For Systemic Use,196846,4.09,1148813,2.23,2.23
201903,Antiinfectives For Systemic Use,J02,Antimycotics For Systemic Use,8188,0.17,77668,0.15,0.15
201903,Antiinfectives For Systemic Use,J04,Antimycobacterials,642,0.01,15026,0.03,0.03
201903,Antiinfectives For Systemic Use,J05,Antivirals For Systemic Use,6027,0.13,231396,0.45,0.45
201903,Antiinfectives For Systemic Use,,,,,,,
201903,Antineoplastic and Immunomodulating Agents,L01,Antineoplastic Agents,3281,0.07,144056,0.28,0.28
201903,Antineoplastic and Immunomodulating Agents,L02,Endocrine Therapy,9762,0.2,207626,0.4,0.4
201903,Antineoplastic and Immunomodulating Agents,L04,Immunosuppressive Agents,16087,0.33,205944,0.4,0.4
201903,Antineoplastic and Immunomodulating Agents,,,,,,,
201903,Antiparasitic Products Insecticides and Repellents,P01,Antiprotozoals,9081,0.19,50630,0.1,0.1
201903,Antiparasitic Products Insecticides and Repellents,P02,Anthelmintics,631,0.01,2270,0,0
201903,Antiparasitic Products Insecticides and Repellents,P03,Ectoparasiticides Incl. Scabicides Insecticides and Repellents,1416,0.03,21086,0.04,0.04
201903,Antiparasitic Products Insecticides and Repellents,,,,,,,
201903,Blood and Blood Forming Organs,B01,Antithrombotic Agents,261298,5.43,4081235,7.94,7.94
201903,Blood and Blood Forming Organs,B02,Antihemorrhagics,1380,0.03,17119,0.03,0.03
201903,Blood and Blood Forming Organs,B03,Antianemic Preparations,92849,1.93,182158,0.35,0.35
201903,Blood and Blood Forming Organs,B05,Blood Substitutes and Perfusion Solutions,4,0,358,0,0
201903,Blood and Blood Forming Organs,,,,,,,
201903,Cardiovascular System,C01,Cardiac Therapy,47141,0.98,733463,1.43,1.43
201903,Cardiovascular System,C02,Antihypertensives,16479,0.34,136463,0.27,0.27
201903,Cardiovascular System,C03,Diuretics,100024,2.08,285979,0.56,0.56
201903,Cardiovascular System,C04,Peripheral Vasodilators,2779,0.06,41384,0.08,0.08
201903,Cardiovascular System,C05,Vasoprotectives,9405,0.2,63604,0.12,0.12
201903,Cardiovascular System,C07,Beta Blocking Agents,160964,3.35,431761,0.84,0.84
201903,Cardiovascular System,C08,Calcium Channel Blockers,125329,2.61,406620,0.79,0.79
201903,Cardiovascular System,C09,Agents Acting On The Renin-Angiotensin System,250928,5.22,1793291,3.49,3.49
201903,Cardiovascular System,C10,Serum Lipid Reducing Agents,291611,6.06,1800030,3.5,3.5
201903,Cardiovascular System,,,,,,,
201903,Dermatologicals,D01,Antifungals For Dermatological Use,31372,0.65,191883,0.37,0.37
201903,Dermatologicals,D02,Emollients and Protectives,19394,0.4,52050,0.1,0.1
201903,Dermatologicals,D03,Preparations For Treatment Of Wounds and Ulcers,46,0,700,0,0
201903,Dermatologicals,D04,Antipruritics Incl. Antihistamines Anesthetics Etc.,2,0,72,0,0
201903,Dermatologicals,D05,Antipsoriatics,7072,0.15,326228,0.63,0.63
201903,Dermatologicals,D06,Antibiotics and Chemotherapeutics For Dermatological Use,9522,0.2,77749,0.15,0.15
201903,Dermatologicals,D07,Corticosteroids Dermatological Preparations,42793,0.89,223945,0.44,0.44
201903,Dermatologicals,D10,Anti-Acne Preparations,7606,0.16,117381,0.23,0.23
201903,Dermatologicals,D11,Other Dermatological Preparations,2584,0.05,110107,0.21,0.21
201903,Dermatologicals,,,,,,,
201903,Genito Urinary System and Sex Hormones,G01,Gynecological Antiinfectives and Antiseptics,925,0.02,6126,0.01,0.01
201903,Genito Urinary System and Sex Hormones,G02,Other Gynecologicals,2530,0.05,207426,0.4,0.4
201903,Genito Urinary System and Sex Hormones,G03,Sex Hormones and Modulators Of The Genital System,76888,1.6,601578,1.17,1.17
201903,Genito Urinary System and Sex Hormones,G04,Urologicals,106495,2.21,1894188,3.68,3.68
201903,Genito Urinary System and Sex Hormones,,,,,,,
201903,Musculo-Skeletal System,M01,Antiinflammatory and Antirheumatic Products,96777,2.01,627276,1.22,1.22
201903,Musculo-Skeletal System,M02,Topical Products For Joint and Muscular Pain,64162,1.33,400865,0.78,0.78
201903,Musculo-Skeletal System,M03,Muscle Relaxants,5982,0.12,63138,0.12,0.12
201903,Musculo-Skeletal System,M04,Antigout Preparations,33170,0.69,253485,0.49,0.49
201903,Musculo-Skeletal System,M05,Drugs For Treatment Of Bone Diseases,34752,0.72,1250361,2.43,2.43
201903,Musculo-Skeletal System,M09,Other Drugs For Disorders Of The Musculo-Skeletal System,10003,0.21,114345,0.22,0.22
201903,Musculo-Skeletal System,,,,,,,
201903,Nervous System,N01,Anesthetics,2624,0.05,175733,0.34,0.34
201903,Nervous System,N02,Analgesics,278608,5.79,2400850,4.67,4.67
201903,Nervous System,N03,Antiepileptics,115120,2.39,2962850,5.76,5.76
201903,Nervous System,N04,Anti-Parkinson Drugs,20637,0.43,348734,0.68,0.68
201903,Nervous System,N05,Psycholeptics,295753,6.15,2366254,4.6,4.6
201903,Nervous System,N06,Psychoanaleptics,309092,6.43,2365315,4.6,4.6
201903,Nervous System,N07,Other Nervous System Drugs,32427,0.67,780496,1.52,1.52
201903,Nervous System,,,,,,,
201903,Respiratory System,R01,Nasal Preparations,46482,0.97,523667,1.02,1.02
201903,Respiratory System,R03,Drugs For Obstructive Airway Diseases,289184,6.01,5879174,11.43,11.43
201903,Respiratory System,R05,Cough and Cold Preparations,23429,0.49,117762,0.23,0.23
201903,Respiratory System,R06,Antihistamines For Systemic Use,58028,1.21,225282,0.44,0.44
201903,Respiratory System,,,,,,,
201903,Sensory Organs,S01,Ophthalmologicals,124455,2.59,1051643,2.05,2.05
201903,Sensory Organs,S02,Otologicals,1990,0.04,10376,0.02,0.02
201903,Sensory Organs,S03,Ophthalmological and Otological Preparations,5777,0.12,15170,0.03,0.03
201903,Sensory Organs,,,,,,,
201903,Systemic Hormonal Preparations Excl. Sex Hormones and Insulins,H01,Pituitary and Hypothalamic Hormones and Analogues,1098,0.02,59031,0.11,0.11
201903,Systemic Hormonal Preparations Excl. Sex Hormones and Insulins,H02,Corticosteroids For Systemic Use,62042,1.29,310988,0.6,0.6
201903,Systemic Hormonal Preparations Excl. Sex Hormones and Insulins,H03,Thyroid Therapy,152729,3.18,280160,0.54,0.54
201903,Systemic Hormonal Preparations Excl. Sex Hormones and Insulins,H04,Pancreatic Hormones,243,0.01,5370,0.01,0.01
201903,Systemic Hormonal Preparations Excl. Sex Hormones and Insulins,,,,,,,
201903,Various,V01,Allergens,96,0,8142,0.02,0.02
201903,Various,V03,All Other Therapeutic Products,1920,0.04,168210,0.33,0.33
201903,Various,V04,Diagnostic Agents,10757,0.22,330475,0.64,0.64
201903,Various,V06,General Nutrients,46791,0.97,3643420,7.09,7.09
201903,Various,V07,All Other Non-Therapeutic Products,,,,,5.48
201903,Various,V07 1,Ostomy Requisites,25771,0.54,1516510,2.95,2.95
201903,Various,V07 2,Urinary Requisites,11254,0.23,945971,1.84,1.84
201903,Various,V07 3,Needles/Syringes/Lancets,9165,0.19,109498,0.21,0.21
201903,Various,V07 4,Dressings,3474,0.07,158616,0.31,0.31
201903,Various,V07 5,Miscellaneous,5607,0.12,84955,0.17,0.17
201903,Various,,,,,,,
201904,Alimentary Tract and Metabolism,A01,Stomatological Preparations,6294,0.13,18231,0.04,0.04
201904,Alimentary Tract and Metabolism,A02,Drugs For Acid Related Disorders,343796,7.1,1998954,3.86,3.86
201904,Alimentary Tract and Metabolism,A03,Drugs For Functional Gastrointestinal Disorders,32186,0.66,152019,0.29,0.29
201904,Alimentary Tract and Metabolism,A04,Antiemetics and Antinauseants,3339,0.07,258236,0.5,0.5
201904,Alimentary Tract and Metabolism,A05,Bile and Liver Therapy,1869,0.04,50754,0.1,0.1
201904,Alimentary Tract and Metabolism,A06,Laxatives,72551,1.5,779572,1.51,1.51
201904,Alimentary Tract and Metabolism,A07,Antidiarrheals Intestinal Antiinflammatory/Antiinfective Agents,22514,0.46,736223,1.42,1.42
201904,Alimentary Tract and Metabolism,A09,Digestives Incl. Enzymes,2192,0.05,122240,0.24,0.24
201904,Alimentary Tract and Metabolism,A10,Drugs Used In Diabetes,48451,1,951491,1.84,1.84
201904,Alimentary Tract and Metabolism,A11,Vitamins,79113,1.63,410152,0.79,0.79
201904,Alimentary Tract and Metabolism,A12,Mineral Supplements,101205,2.09,539814,1.04,1.04
201904,Alimentary Tract and Metabolism,A14,Anabolic Agents For Systemic Use,31,0,382,0,0
201904,Alimentary Tract and Metabolism,,,,,,,
201904,Antiinfectives For Systemic Use,J01,Antibacterials For Systemic Use,202163,4.17,1175914,2.27,2.27
201904,Antiinfectives For Systemic Use,J02,Antimycotics For Systemic Use,8203,0.17,77862,0.15,0.15
201904,Antiinfectives For Systemic Use,J04,Antimycobacterials,653,0.01,15608,0.03,0.03
201904,Antiinfectives For Systemic Use,J05,Antivirals For Systemic Use,5700,0.12,234178,0.45,0.45
201904,Antiinfectives For Systemic Use,,,,,,,
201904,Antineoplastic and Immunomodulating Agents,L01,Antineoplastic Agents,3333,0.07,144221,0.28,0.28
201904,Antineoplastic and Immunomodulating Agents,L02,Endocrine Therapy,9781,0.2,204079,0.39,0.39
201904,Antineoplastic and Immunomodulating Agents,L04,Immunosuppressive Agents,16063,0.33,208589,0.4,0.4
201904,Antineoplastic and Immunomodulating Agents,,,,,,,
201904,Antiparasitic Products Insecticides and Repellents,P01,Antiprotozoals,9027,0.19,53158,0.1,0.1
201904,Antiparasitic Products Insecticides and Repellents,P02,Anthelmintics,520,0.01,2221,0,0
201904,Antiparasitic Products Insecticides and Repellents,P03,Ectoparasiticides Incl. Scabicides Insecticides and Repellents,1245,0.03,18300,0.04,0.04
201904,Antiparasitic Products Insecticides and Repellents,,,,,,,
201904,Blood and Blood Forming Organs,B01,Antithrombotic Agents,261121,5.39,4131892,7.98,7.98
201904,Blood and Blood Forming Organs,B02,Antihemorrhagics,1340,0.03,16421,0.03,0.03
201904,Blood and Blood Forming Organs,B03,Antianemic Preparations,93461,1.93,180349,0.35,0.35
201904,Blood and Blood Forming Organs,B05,Blood Substitutes and Perfusion Solutions,2,0,470,0,0
201904,Blood and Blood Forming Organs,,,,,,,
201904,Cardiovascular System,C01,Cardiac Therapy,47421,0.98,741488,1.43,1.43
201904,Cardiovascular System,C02,Antihypertensives,16543,0.34,139752,0.27,0.27
201904,Cardiovascular System,C03,Diuretics,101011,2.09,289177,0.56,0.56
201904,Cardiovascular System,C04,Peripheral Vasodilators,2778,0.06,39784,0.08,0.08
201904,Cardiovascular System,C05,Vasoprotectives,9516,0.2,68089,0.13,0.13
201904,Cardiovascular System,C07,Beta Blocking Agents,161316,3.33,431904,0.83,0.83
201904,Cardiovascular System,C08,Calcium Channel Blockers,125599,2.59,408714,0.79,0.79
201904,Cardiovascular System,C09,Agents Acting On The Renin-Angiotensin System,251787,5.2,1821190,3.52,3.52
201904,Cardiovascular System,C10,Serum Lipid Reducing Agents,292435,6.04,1806564,3.49,3.49
201904,Cardiovascular System,,,,,,,
201904,Dermatologicals,D01,Antifungals For Dermatological Use,31239,0.65,191694,0.37,0.37
201904,Dermatologicals,D02,Emollients and Protectives,19370,0.4,51945,0.1,0.1
201904,Dermatologicals,D03,Preparations For Treatment Of Wounds and Ulcers,27,0,356,0,0
201904,Dermatologicals,D04,Antipruritics Incl. Antihistamines Anesthetics Etc.,1,0,36,0,0
201904,Dermatologicals,D05,Antipsoriatics,7042,0.15,321816,0.62,0.62
201904,Dermatologicals,D06,Antibiotics and Chemotherapeutics For Dermatological Use,10707,0.22,86425,0.17,0.17
201904,Dermatologicals,D07,Corticosteroids Dermatological Preparations,43198,0.89,221437,0.43,0.43
201904,Dermatologicals,D10,Anti-Acne Preparations,7180,0.15,110640,0.21,0.21
201904,Dermatologicals,D11,Other Dermatological Preparations,2610,0.05,111154,0.21,0.21
201904,Dermatologicals,,,,,,,
201904,Genito Urinary System and Sex Hormones,G01,Gynecological Antiinfectives and Antiseptics,1058,0.02,6510,0.01,0.01
201904,Genito Urinary System and Sex Hormones,G02,Other Gynecologicals,2393,0.05,186527,0.36,0.36
201904,Genito Urinary System and Sex Hormones,G03,Sex Hormones and Modulators Of The Genital System,77004,1.59,575049,1.11,1.11
201904,Genito Urinary System and Sex Hormones,G04,Urologicals,107012,2.21,1897557,3.67,3.67
201904,Genito Urinary System and Sex Hormones,,,,,,,
201904,Musculo-Skeletal System,M01,Antiinflammatory and Antirheumatic Products,96896,2,630569,1.22,1.22
201904,Musculo-Skeletal System,M02,Topical Products For Joint and Muscular Pain,65256,1.35,409115,0.79,0.79
201904,Musculo-Skeletal System,M03,Muscle Relaxants,5959,0.12,62550,0.12,0.12
201904,Musculo-Skeletal System,M04,Antigout Preparations,33647,0.69,257299,0.5,0.5
201904,Musculo-Skeletal System,M05,Drugs For Treatment Of Bone Diseases,34850,0.72,1312775,2.54,2.54
201904,Musculo-Skeletal System,M09,Other Drugs For Disorders Of The Musculo-Skeletal System,10161,0.21,115334,0.22,0.22
201904,Musculo-Skeletal System,,,,,,,
201904,Nervous System,N01,Anesthetics,2694,0.06,179368,0.35,0.35
201904,Nervous System,N02,Analgesics,280838,5.8,2410321,4.66,4.66
201904,Nervous System,N03,Antiepileptics,115774,2.39,2969687,5.74,5.74
201904,Nervous System,N04,Anti-Parkinson Drugs,20793,0.43,350051,0.68,0.68
201904,Nervous System,N05,Psycholeptics,296765,6.13,2394790,4.63,4.63
201904,Nervous System,N06,Psychoanaleptics,309906,6.4,2371260,4.58,4.58
201904,Nervous System,N07,Other Nervous System Drugs,31833,0.66,760521,1.47,1.47
201904,Nervous System,,,,,,,
201904,Respiratory System,R01,Nasal Preparations,48408,1,549755,1.06,1.06
201904,Respiratory System,R03,Drugs For Obstructive Airway Diseases,289630,5.98,5890070,11.38,11.38
201904,Respiratory System,R05,Cough and Cold Preparations,24228,0.5,118846,0.23,0.23
201904,Respiratory System,R06,Antihistamines For Systemic Use,63359,1.31,247699,0.48,0.48
201904,Respiratory System,,,,,,,
201904,Sensory Organs,S01,Ophthalmologicals,124913,2.58,1051740,2.03,2.03
201904,Sensory Organs,S02,Otologicals,2173,0.04,11296,0.02,0.02
201904,Sensory Organs,S03,Ophthalmological and Otological Preparations,5110,0.11,14040,0.03,0.03
201904,Sensory Organs,,,,,,,
201904,Systemic Hormonal Preparations Excl. Sex Hormones and Insulins,H01,Pituitary and Hypothalamic Hormones and Analogues,1078,0.02,57570,0.11,0.11
201904,Systemic Hormonal Preparations Excl. Sex Hormones and Insulins,H02,Corticosteroids For Systemic Use,64909,1.34,319593,0.62,0.62
201904,Systemic Hormonal Preparations Excl. Sex Hormones and Insulins,H03,Thyroid Therapy,153670,3.17,281705,0.54,0.54
201904,Systemic Hormonal Preparations Excl. Sex Hormones and Insulins,H04,Pancreatic Hormones,286,0.01,6174,0.01,0.01
201904,Systemic Hormonal Preparations Excl. Sex Hormones and Insulins,,,,,,,
201904,Various,V01,Allergens,92,0,7530,0.01,0.01
201904,Various,V03,All Other Therapeutic Products,1958,0.04,174717,0.34,0.34
201904,Various,V04,Diagnostic Agents,10651,0.22,325815,0.63,0.63
201904,Various,V06,General Nutrients,47146,0.97,3647820,7.05,7.05
201904,Various,V07,All Other Non-Therapeutic Products,,,,,5.5
201904,Various,V07 1,Ostomy Requisites,25909,0.54,1529106,2.95,2.95
201904,Various,V07 2,Urinary Requisites,11830,0.24,972341,1.88,1.88
201904,Various,V07 3,Needles/Syringes/Lancets,9014,0.19,107196,0.21,0.21
201904,Various,V07 4,Dressings,3522,0.07,152933,0.3,0.3
201904,Various,V07 5,Miscellaneous,5654,0.12,87330,0.17,0.17
201904,Various,,,,,,,
201905,Alimentary Tract and Metabolism,A01,Stomatological Preparations,6717,0.13,19957,0.04,0.04
201905,Alimentary Tract and Metabolism,A02,Drugs For Acid Related Disorders,362170,7.13,2102660,3.86,3.86
201905,Alimentary Tract and Metabolism,A03,Drugs For Functional Gastrointestinal Disorders,33933,0.67,152075,0.28,0.28
201905,Alimentary Tract and Metabolism,A04,Antiemetics and Antinauseants,3484,0.07,264889,0.49,0.49
201905,Alimentary Tract and Metabolism,A05,Bile and Liver Therapy,1951,0.04,52476,0.1,0.1
201905,Alimentary Tract and Metabolism,A06,Laxatives,76156,1.5,813470,1.49,1.49
201905,Alimentary Tract and Metabolism,A07,Antidiarrheals Intestinal Antiinflammatory/Antiinfective Agents,24104,0.47,769036,1.41,1.41
201905,Alimentary Tract and Metabolism,A09,Digestives Incl. Enzymes,2224,0.04,129104,0.24,0.24
201905,Alimentary Tract and Metabolism,A10,Drugs Used In Diabetes,50346,0.99,1002127,1.84,1.84
201905,Alimentary Tract and Metabolism,A11,Vitamins,84292,1.66,434673,0.8,0.8
201905,Alimentary Tract and Metabolism,A12,Mineral Supplements,106358,2.09,568341,1.04,1.04
201905,Alimentary Tract and Metabolism,A14,Anabolic Agents For Systemic Use,37,0,434,0,0
201905,Alimentary Tract and Metabolism,,,,,,,
201905,Antiinfectives For Systemic Use,J01,Antibacterials For Systemic Use,194633,3.83,1158487,2.12,2.12
201905,Antiinfectives For Systemic Use,J02,Antimycotics For Systemic Use,8841,0.17,82019,0.15,0.15
201905,Antiinfectives For Systemic Use,J04,Antimycobacterials,747,0.01,18154,0.03,0.03
201905,Antiinfectives For Systemic Use,J05,Antivirals For Systemic Use,5808,0.11,237545,0.44,0.44
201905,Antiinfectives For Systemic Use,,,,,,,
201905,Antineoplastic and Immunomodulating Agents,L01,Antineoplastic Agents,3554,0.07,150618,0.28,0.28
201905,Antineoplastic and Immunomodulating Agents,L02,Endocrine Therapy,10192,0.2,216141,0.4,0.4
201905,Antineoplastic and Immunomodulating Agents,L04,Immunosuppressive Agents,17008,0.33,223405,0.41,0.41
201905,Antineoplastic and Immunomodulating Agents,,,,,,,
201905,Antiparasitic Products Insecticides and Repellents,P01,Antiprotozoals,9606,0.19,60710,0.11,0.11
201905,Antiparasitic Products Insecticides and Repellents,P02,Anthelmintics,607,0.01,3069,0.01,0.01
201905,Antiparasitic Products Insecticides and Repellents,P03,Ectoparasiticides Incl. Scabicides Insecticides and Repellents,1042,0.02,14617,0.03,0.03
201905,Antiparasitic Products Insecticides and Repellents,,,,,,,
201905,Blood and Blood Forming Organs,B01,Antithrombotic Agents,272462,5.37,4339496,7.96,7.96
201905,Blood and Blood Forming Organs,B02,Antihemorrhagics,1483,0.03,18020,0.03,0.03
201905,Blood and Blood Forming Organs,B03,Antianemic Preparations,98865,1.95,192135,0.35,0.35
201905,Blood and Blood Forming Organs,B05,Blood Substitutes and Perfusion Solutions,3,0,470,0,0
201905,Blood and Blood Forming Organs,,,,,,,
201905,Cardiovascular System,C01,Cardiac Therapy,49319,0.97,775854,1.42,1.42
201905,Cardiovascular System,C02,Antihypertensives,17490,0.34,150755,0.28,0.28
201905,Cardiovascular System,C03,Diuretics,106705,2.1,303676,0.56,0.56
201905,Cardiovascular System,C04,Peripheral Vasodilators,2888,0.06,40852,0.07,0.07
201905,Cardiovascular System,C05,Vasoprotectives,10260,0.2,70479,0.13,0.13
201905,Cardiovascular System,C07,Beta Blocking Agents,169059,3.33,453583,0.83,0.83
201905,Cardiovascular System,C08,Calcium Channel Blockers,132052,2.6,428243,0.79,0.79
201905,Cardiovascular System,C09,Agents Acting On The Renin-Angiotensin System,264665,5.21,1938649,3.55,3.55
201905,Cardiovascular System,C10,Serum Lipid Reducing Agents,306060,6.03,1882836,3.45,3.45
201905,Cardiovascular System,,,,,,,
201905,Dermatologicals,D01,Antifungals For Dermatological Use,33791,0.67,208557,0.38,0.38
201905,Dermatologicals,D02,Emollients and Protectives,20845,0.41,56233,0.1,0.1
201905,Dermatologicals,D03,Preparations For Treatment Of Wounds and Ulcers,48,0,519,0,0
201905,Dermatologicals,D04,Antipruritics Incl. Antihistamines Anesthetics Etc.,3,0,179,0,0
201905,Dermatologicals,D05,Antipsoriatics,7660,0.15,341937,0.63,0.63
201905,Dermatologicals,D06,Antibiotics and Chemotherapeutics For Dermatological Use,11702,0.23,96437,0.18,0.18
201905,Dermatologicals,D07,Corticosteroids Dermatological Preparations,46567,0.92,239944,0.44,0.44
201905,Dermatologicals,D10,Anti-Acne Preparations,7650,0.15,118722,0.22,0.22
201905,Dermatologicals,D11,Other Dermatological Preparations,2942,0.06,125558,0.23,0.23
201905,Dermatologicals,,,,,,,
201905,Genito Urinary System and Sex Hormones,G01,Gynecological Antiinfectives and Antiseptics,1247,0.02,7189,0.01,0.01
201905,Genito Urinary System and Sex Hormones,G02,Other Gynecologicals,2566,0.05,207255,0.38,0.38
201905,Genito Urinary System and Sex Hormones,G03,Sex Hormones and Modulators Of The Genital System,82395,1.62,623801,1.14,1.14
201905,Genito Urinary System and Sex Hormones,G04,Urologicals,111512,2.2,1985615,3.64,3.64
201905,Genito Urinary System and Sex Hormones,,,,,,,
201905,Musculo-Skeletal System,M01,Antiinflammatory and Antirheumatic Products,102819,2.03,671397,1.23,1.23
201905,Musculo-Skeletal System,M02,Topical Products For Joint and Muscular Pain,69380,1.37,437407,0.8,0.8
201905,Musculo-Skeletal System,M03,Muscle Relaxants,6354,0.13,66558,0.12,0.12
201905,Musculo-Skeletal System,M04,Antigout Preparations,35084,0.69,266254,0.49,0.49
201905,Musculo-Skeletal System,M05,Drugs For Treatment Of Bone Diseases,36577,0.72,1456996,2.67,2.67
201905,Musculo-Skeletal System,M09,Other Drugs For Disorders Of The Musculo-Skeletal System,10670,0.21,127468,0.23,0.23
201905,Musculo-Skeletal System,,,,,,,
201905,Nervous System,N01,Anesthetics,2924,0.06,191151,0.35,0.35
201905,Nervous System,N02,Analgesics,294890,5.81,2556337,4.69,4.69
201905,Nervous System,N03,Antiepileptics,121726,2.4,3112132,5.71,5.71
201905,Nervous System,N04,Anti-Parkinson Drugs,21845,0.43,364503,0.67,0.67
201905,Nervous System,N05,Psycholeptics,312919,6.16,2526290,4.63,4.63
201905,Nervous System,N06,Psychoanaleptics,327461,6.45,2516607,4.61,4.61
201905,Nervous System,N07,Other Nervous System Drugs,33628,0.66,803166,1.47,1.47
201905,Nervous System,,,,,,,
201905,Respiratory System,R01,Nasal Preparations,53194,1.05,608852,1.12,1.12
201905,Respiratory System,R03,Drugs For Obstructive Airway Diseases,301823,5.94,6178848,11.33,11.33
201905,Respiratory System,R05,Cough and Cold Preparations,22520,0.44,117664,0.22,0.22
201905,Respiratory System,R06,Antihistamines For Systemic Use,73585,1.45,290785,0.53,0.53
201905,Respiratory System,,,,,,,
201905,Sensory Organs,S01,Ophthalmologicals,132848,2.62,1121584,2.06,2.06
201905,Sensory Organs,S02,Otologicals,2638,0.05,13953,0.03,0.03
201905,Sensory Organs,S03,Ophthalmological and Otological Preparations,4106,0.08,10799,0.02,0.02
201905,Sensory Organs,,,,,,,
201905,Systemic Hormonal Preparations Excl. Sex Hormones and Insulins,H01,Pituitary and Hypothalamic Hormones and Analogues,1146,0.02,61770,0.11,0.11
201905,Systemic Hormonal Preparations Excl. Sex Hormones and Insulins,H02,Corticosteroids For Systemic Use,62976,1.24,319501,0.59,0.59
201905,Systemic Hormonal Preparations Excl. Sex Hormones and Insulins,H03,Thyroid Therapy,161866,3.19,292619,0.54,0.54
201905,Systemic Hormonal Preparations Excl. Sex Hormones and Insulins,H04,Pancreatic Hormones,320,0.01,7397,0.01,0.01
201905,Systemic Hormonal Preparations Excl. Sex Hormones and Insulins,,,,,,,
201905,Various,V01,Allergens,96,0,7775,0.01,0.01
201905,Various,V03,All Other Therapeutic Products,2034,0.04,179714,0.33,0.33
201905,Various,V04,Diagnostic Agents,10919,0.22,337289,0.62,0.62
201905,Various,V06,General Nutrients,49339,0.97,3820311,7,7
201905,Various,V07,All Other Non-Therapeutic Products,,,,,5.49
201905,Various,V07 1,Ostomy Requisites,27081,0.53,1618561,2.97,2.97
201905,Various,V07 2,Urinary Requisites,12172,0.24,1019009,1.87,1.87
201905,Various,V07 3,Needles/Syringes/Lancets,8956,0.18,106187,0.19,0.19
201905,Various,V07 4,Dressings,3607,0.07,158456,0.29,0.29
201905,Various,V07 5,Miscellaneous,5773,0.11,90079,0.17,0.17
201905,Various,,,,,,,
201906,Alimentary Tract and Metabolism,A01,Stomatological Preparations,5874,0.13,17130,0.03,0.03
201906,Alimentary Tract and Metabolism,A02,Drugs For Acid Related Disorders,332433,7.15,1932679,3.84,3.84
201906,Alimentary Tract and Metabolism,A03,Drugs For Functional Gastrointestinal Disorders,30793,0.66,145085,0.29,0.29
201906,Alimentary Tract and Metabolism,A04,Antiemetics and Antinauseants,3214,0.07,243889,0.49,0.49
201906,Alimentary Tract and Metabolism,A05,Bile and Liver Therapy,1804,0.04,50065,0.1,0.1
201906,Alimentary Tract and Metabolism,A06,Laxatives,69577,1.5,742345,1.48,1.48
201906,Alimentary Tract and Metabolism,A07,Antidiarrheals Intestinal Antiinflammatory/Antiinfective Agents,21826,0.47,710083,1.41,1.41
201906,Alimentary Tract and Metabolism,A09,Digestives Incl. Enzymes,2111,0.05,120007,0.24,0.24
201906,Alimentary Tract and Metabolism,A10,Drugs Used In Diabetes,46785,1.01,928319,1.85,1.85
201906,Alimentary Tract and Metabolism,A11,Vitamins,78318,1.69,398974,0.79,0.79
201906,Alimentary Tract and Metabolism,A12,Mineral Supplements,98302,2.12,524423,1.04,1.04
201906,Alimentary Tract and Metabolism,A14,Anabolic Agents For Systemic Use,37,0,457,0,0
201906,Alimentary Tract and Metabolism,,,,,,,
201906,Antiinfectives For Systemic Use,J01,Antibacterials For Systemic Use,170340,3.67,1026427,2.04,2.04
201906,Antiinfectives For Systemic Use,J02,Antimycotics For Systemic Use,7704,0.17,73054,0.15,0.15
201906,Antiinfectives For Systemic Use,J04,Antimycobacterials,632,0.01,15576,0.03,0.03
201906,Antiinfectives For Systemic Use,J05,Antivirals For Systemic Use,5188,0.11,216946,0.43,0.43
201906,Antiinfectives For Systemic Use,,,,,,,
201906,Antineoplastic and Immunomodulating Agents,L01,Antineoplastic Agents,3162,0.07,140159,0.28,0.28
201906,Antineoplastic and Immunomodulating Agents,L02,Endocrine Therapy,9529,0.21,199790,0.4,0.4
201906,Antineoplastic and Immunomodulating Agents,L04,Immunosuppressive Agents,15427,0.33,205727,0.41,0.41
201906,Antineoplastic and Immunomodulating Agents,,,,,,,
201906,Antiparasitic Products Insecticides and Repellents,P01,Antiprotozoals,9258,0.2,85466,0.17,0.17
201906,Antiparasitic Products Insecticides and Repellents,P02,Anthelmintics,520,0.01,2012,0,0
201906,Antiparasitic Products Insecticides and Repellents,P03,Ectoparasiticides Incl. Scabicides Insecticides and Repellents,900,0.02,12165,0.02,0.02
201906,Antiparasitic Products Insecticides and Repellents,,,,,,,
201906,Blood and Blood Forming Organs,B01,Antithrombotic Agents,251940,5.42,4065315,8.09,8.09
201906,Blood and Blood Forming Organs,B02,Antihemorrhagics,1262,0.03,14983,0.03,0.03
201906,Blood and Blood Forming Organs,B03,Antianemic Preparations,91282,1.96,178038,0.35,0.35
201906,Blood and Blood Forming Organs,B05,Blood Substitutes and Perfusion Solutions,2,0,421,0,0
201906,Blood and Blood Forming Organs,,,,,,,
201906,Cardiovascular System,C01,Cardiac Therapy,45553,0.98,717207,1.43,1.43
201906,Cardiovascular System,C02,Antihypertensives,16044,0.35,135615,0.27,0.27
201906,Cardiovascular System,C03,Diuretics,98147,2.11,281995,0.56,0.56
201906,Cardiovascular System,C04,Peripheral Vasodilators,2724,0.06,38268,0.08,0.08
201906,Cardiovascular System,C05,Vasoprotectives,8818,0.19,60288,0.12,0.12
201906,Cardiovascular System,C07,Beta Blocking Agents,155930,3.36,419550,0.83,0.83
201906,Cardiovascular System,C08,Calcium Channel Blockers,121463,2.61,395689,0.79,0.79
201906,Cardiovascular System,C09,Agents Acting On The Renin-Angiotensin System,243693,5.24,1782137,3.55,3.55
201906,Cardiovascular System,C10,Serum Lipid Reducing Agents,282635,6.08,1743094,3.47,3.47
201906,Cardiovascular System,,,,,,,
201906,Dermatologicals,D01,Antifungals For Dermatological Use,29747,0.64,185331,0.37,0.37
201906,Dermatologicals,D02,Emollients and Protectives,18484,0.4,49586,0.1,0.1
201906,Dermatologicals,D03,Preparations For Treatment Of Wounds and Ulcers,32,0,492,0,0
201906,Dermatologicals,D04,Antipruritics Incl. Antihistamines Anesthetics Etc.,3,0,108,0,0
201906,Dermatologicals,D05,Antipsoriatics,6856,0.15,300340,0.6,0.6
201906,Dermatologicals,D06,Antibiotics and Chemotherapeutics For Dermatological Use,9512,0.2,82671,0.16,0.16
201906,Dermatologicals,D07,Corticosteroids Dermatological Preparations,40133,0.86,211358,0.42,0.42
201906,Dermatologicals,D10,Anti-Acne Preparations,6479,0.14,100389,0.2,0.2
201906,Dermatologicals,D11,Other Dermatological Preparations,2540,0.05,108829,0.22,0.22
201906,Dermatologicals,,,,,,,
201906,Genito Urinary System and Sex Hormones,G01,Gynecological Antiinfectives and Antiseptics,1076,0.02,6499,0.01,0.01
201906,Genito Urinary System and Sex Hormones,G02,Other Gynecologicals,2292,0.05,183720,0.37,0.37
201906,Genito Urinary System and Sex Hormones,G03,Sex Hormones and Modulators Of The Genital System,75595,1.63,576599,1.15,1.15
201906,Genito Urinary System and Sex Hormones,G04,Urologicals,104237,2.24,1847293,3.67,3.67
201906,Genito Urinary System and Sex Hormones,,,,,,,
201906,Musculo-Skeletal System,M01,Antiinflammatory and Antirheumatic Products,90621,1.95,599822,1.19,1.19
201906,Musculo-Skeletal System,M02,Topical Products For Joint and Muscular Pain,62578,1.35,395315,0.79,0.79
201906,Musculo-Skeletal System,M03,Muscle Relaxants,5919,0.13,61718,0.12,0.12
201906,Musculo-Skeletal System,M04,Antigout Preparations,32475,0.7,241253,0.48,0.48
201906,Musculo-Skeletal System,M05,Drugs For Treatment Of Bone Diseases,33343,0.72,1267426,2.52,2.52
201906,Musculo-Skeletal System,M09,Other Drugs For Disorders Of The Musculo-Skeletal System,9968,0.21,115288,0.23,0.23
201906,Musculo-Skeletal System,,,,,,,
201906,Nervous System,N01,Anesthetics,2652,0.06,175598,0.35,0.35
201906,Nervous System,N02,Analgesics,267440,5.76,2306591,4.59,4.59
201906,Nervous System,N03,Antiepileptics,111311,2.4,2865660,5.7,5.7
201906,Nervous System,N04,Anti-Parkinson Drugs,20167,0.43,334454,0.67,0.67
201906,Nervous System,N05,Psycholeptics,283907,6.11,2329272,4.63,4.63
201906,Nervous System,N06,Psychoanaleptics,299481,6.45,2299072,4.57,4.57
201906,Nervous System,N07,Other Nervous System Drugs,30232,0.65,707682,1.41,1.41
201906,Nervous System,,,,,,,
201906,Respiratory System,R01,Nasal Preparations,50519,1.09,583611,1.16,1.16
201906,Respiratory System,R03,Drugs For Obstructive Airway Diseases,275680,5.93,5664945,11.27,11.27
201906,Respiratory System,R05,Cough and Cold Preparations,19328,0.42,102442,0.2,0.2
201906,Respiratory System,R06,Antihistamines For Systemic Use,72123,1.55,288652,0.57,0.57
201906,Respiratory System,,,,,,,
201906,Sensory Organs,S01,Ophthalmologicals,123132,2.65,1038640,2.07,2.07
201906,Sensory Organs,S02,Otologicals,2087,0.04,11023,0.02,0.02
201906,Sensory Organs,S03,Ophthalmological and Otological Preparations,3922,0.08,11510,0.02,0.02
201906,Sensory Organs,,,,,,,
201906,Systemic Hormonal Preparations Excl. Sex Hormones and Insulins,H01,Pituitary and Hypothalamic Hormones and Analogues,1076,0.02,58468,0.12,0.12
201906,Systemic Hormonal Preparations Excl. Sex Hormones and Insulins,H02,Corticosteroids For Systemic Use,55837,1.2,288831,0.57,0.57
201906,Systemic Hormonal Preparations Excl. Sex Hormones and Insulins,H03,Thyroid Therapy,149645,3.22,272321,0.54,0.54
201906,Systemic Hormonal Preparations Excl. Sex Hormones and Insulins,H04,Pancreatic Hormones,276,0.01,6117,0.01,0.01
201906,Systemic Hormonal Preparations Excl. Sex Hormones and Insulins,,,,,,,
201906,Various,V01,Allergens,86,0,7189,0.01,0.01
201906,Various,V03,All Other Therapeutic Products,1861,0.04,164016,0.33,0.33
201906,Various,V04,Diagnostic Agents,10298,0.22,311440,0.62,0.62
201906,Various,V06,General Nutrients,46788,1.01,3656286,7.27,7.27
201906,Various,V07,All Other Non-Therapeutic Products,,,,,5.62
201906,Various,V07 1,Ostomy Requisites,25329,0.55,1499061,2.98,2.98
201906,Various,V07 2,Urinary Requisites,11629,0.25,978894,1.95,1.95
201906,Various,V07 3,Needles/Syringes/Lancets,8103,0.17,100466,0.2,0.2
201906,Various,V07 4,Dressings,3495,0.08,155758,0.31,0.31
201906,Various,V07 5,Miscellaneous,5195,0.11,92193,0.18,0.18
201906,Various,,,,,,,
201907,Alimentary Tract and Metabolism,A01,Stomatological Preparations,6607,0.13,19455,0.04,0.04
201907,Alimentary Tract and Metabolism,A02,Drugs For Acid Related Disorders,356614,7.18,2073905,3.97,3.97
201907,Alimentary Tract and Metabolism,A03,Drugs For Functional Gastrointestinal Disorders,33227,0.67,147879,0.28,0.28
201907,Alimentary Tract and Metabolism,A04,Antiemetics and Antinauseants,3627,0.07,275658,0.53,0.53
201907,Alimentary Tract and Metabolism,A05,Bile and Liver Therapy,1923,0.04,49046,0.09,0.09
201907,Alimentary Tract and Metabolism,A06,Laxatives,74559,1.5,792389,1.52,1.52
201907,Alimentary Tract and Metabolism,A07,Antidiarrheals Intestinal Antiinflammatory/Antiinfective Agents,23943,0.48,759020,1.45,1.45
201907,Alimentary Tract and Metabolism,A09,Digestives Incl. Enzymes,2268,0.05,128273,0.25,0.25
201907,Alimentary Tract and Metabolism,A10,Drugs Used In Diabetes,49938,1,985251,1.89,1.89
201907,Alimentary Tract and Metabolism,A11,Vitamins,83991,1.69,421516,0.81,0.81
201907,Alimentary Tract and Metabolism,A12,Mineral Supplements,105325,2.12,547246,1.05,1.05
201907,Alimentary Tract and Metabolism,A14,Anabolic Agents For Systemic Use,32,0,392,0,0
201907,Alimentary Tract and Metabolism,,,,,,,
201907,Antiinfectives For Systemic Use,J01,Antibacterials For Systemic Use,172524,3.47,1056059,2.02,2.02
201907,Antiinfectives For Systemic Use,J02,Antimycotics For Systemic Use,8417,0.17,81468,0.16,0.16
201907,Antiinfectives For Systemic Use,J04,Antimycobacterials,672,0.01,15918,0.03,0.03
201907,Antiinfectives For Systemic Use,J05,Antivirals For Systemic Use,5645,0.11,237270,0.45,0.45
201907,Antiinfectives For Systemic Use,,,,,,,
201907,Antineoplastic and Immunomodulating Agents,L01,Antineoplastic Agents,3419,0.07,143183,0.27,0.27
201907,Antineoplastic and Immunomodulating Agents,L02,Endocrine Therapy,10130,0.2,215461,0.41,0.41
201907,Antineoplastic and Immunomodulating Agents,L04,Immunosuppressive Agents,16659,0.34,219208,0.42,0.42
201907,Antineoplastic and Immunomodulating Agents,,,,,,,
201907,Antiparasitic Products Insecticides and Repellents,P01,Antiprotozoals,10194,0.21,95085,0.18,0.18
201907,Antiparasitic Products Insecticides and Repellents,P02,Anthelmintics,539,0.01,2634,0.01,0.01
201907,Antiparasitic Products Insecticides and Repellents,P03,Ectoparasiticides Incl. Scabicides Insecticides and Repellents,940,0.02,13173,0.03,0.03
201907,Antiparasitic Products Insecticides and Repellents,,,,,,,
201907,Blood and Blood Forming Organs,B01,Antithrombotic Agents,269085,5.42,4344976,8.32,8.32
201907,Blood and Blood Forming Organs,B02,Antihemorrhagics,1363,0.03,15986,0.03,0.03
201907,Blood and Blood Forming Organs,B03,Antianemic Preparations,98904,1.99,193952,0.37,0.37
201907,Blood and Blood Forming Organs,B05,Blood Substitutes and Perfusion Solutions,1,0,395,0,0
201907,Blood and Blood Forming Organs,,,,,,,
201907,Cardiovascular System,C01,Cardiac Therapy,48569,0.98,774019,1.48,1.48
201907,Cardiovascular System,C02,Antihypertensives,17088,0.34,141051,0.27,0.27
201907,Cardiovascular System,C03,Diuretics,106206,2.14,298407,0.57,0.57
201907,Cardiovascular System,C04,Peripheral Vasodilators,2867,0.06,40314,0.08,0.08
201907,Cardiovascular System,C05,Vasoprotectives,8925,0.18,63067,0.12,0.12
201907,Cardiovascular System,C07,Beta Blocking Agents,166764,3.36,445886,0.85,0.85
201907,Cardiovascular System,C08,Calcium Channel Blockers,129909,2.61,422252,0.81,0.81
201907,Cardiovascular System,C09,Agents Acting On The Renin-Angiotensin System,261427,5.26,1840492,3.53,3.53
201907,Cardiovascular System,C10,Serum Lipid Reducing Agents,303247,6.1,1770395,3.39,3.39
201907,Cardiovascular System,,,,,,,
201907,Dermatologicals,D01,Antifungals For Dermatological Use,33441,0.67,205570,0.39,0.39
201907,Dermatologicals,D02,Emollients and Protectives,19231,0.39,51549,0.1,0.1
201907,Dermatologicals,D03,Preparations For Treatment Of Wounds and Ulcers,43,0,483,0,0
201907,Dermatologicals,D04,Antipruritics Incl. Antihistamines Anesthetics Etc.,1,0,36,0,0
201907,Dermatologicals,D05,Antipsoriatics,7338,0.15,325216,0.62,0.62
201907,Dermatologicals,D06,Antibiotics and Chemotherapeutics For Dermatological Use,10915,0.22,86270,0.17,0.17
201907,Dermatologicals,D07,Corticosteroids Dermatological Preparations,45604,0.92,237582,0.46,0.46
201907,Dermatologicals,D10,Anti-Acne Preparations,7067,0.14,107220,0.21,0.21
201907,Dermatologicals,D11,Other Dermatological Preparations,2805,0.06,116888,0.22,0.22
201907,Dermatologicals,,,,,,,
201907,Genito Urinary System and Sex Hormones,G01,Gynecological Antiinfectives and Antiseptics,1137,0.02,7216,0.01,0.01
201907,Genito Urinary System and Sex Hormones,G02,Other Gynecologicals,2381,0.05,188605,0.36,0.36
201907,Genito Urinary System and Sex Hormones,G03,Sex Hormones and Modulators Of The Genital System,81384,1.64,613096,1.17,1.17
201907,Genito Urinary System and Sex Hormones,G04,Urologicals,110948,2.23,1962259,3.76,3.76
201907,Genito Urinary System and Sex Hormones,,,,,,,
201907,Musculo-Skeletal System,M01,Antiinflammatory and Antirheumatic Products,98762,1.99,654763,1.25,1.25
201907,Musculo-Skeletal System,M02,Topical Products For Joint and Muscular Pain,68572,1.38,434373,0.83,0.83
201907,Musculo-Skeletal System,M03,Muscle Relaxants,6307,0.13,65547,0.13,0.13
201907,Musculo-Skeletal System,M04,Antigout Preparations,35153,0.71,172846,0.33,0.33
201907,Musculo-Skeletal System,M05,Drugs For Treatment Of Bone Diseases,35362,0.71,1312761,2.51,2.51
201907,Musculo-Skeletal System,M09,Other Drugs For Disorders Of The Musculo-Skeletal System,10731,0.22,121620,0.23,0.23
201907,Musculo-Skeletal System,,,,,,,
201907,Nervous System,N01,Anesthetics,2882,0.06,192000,0.37,0.37
201907,Nervous System,N02,Analgesics,287368,5.78,2438903,4.67,4.67
201907,Nervous System,N03,Antiepileptics,120116,2.42,3064679,5.87,5.87
201907,Nervous System,N04,Anti-Parkinson Drugs,21425,0.43,352337,0.68,0.68
201907,Nervous System,N05,Psycholeptics,307565,6.19,2474020,4.74,4.74
201907,Nervous System,N06,Psychoanaleptics,321363,6.47,2384519,4.57,4.57
201907,Nervous System,N07,Other Nervous System Drugs,32900,0.66,767398,1.47,1.47
201907,Nervous System,,,,,,,
201907,Respiratory System,R01,Nasal Preparations,53097,1.07,571391,1.09,1.09
201907,Respiratory System,R03,Drugs For Obstructive Airway Diseases,291554,5.87,5867800,11.24,11.24
201907,Respiratory System,R05,Cough and Cold Preparations,18535,0.37,101391,0.19,0.19
201907,Respiratory System,R06,Antihistamines For Systemic Use,80462,1.62,319312,0.61,0.61
201907,Respiratory System,,,,,,,
201907,Sensory Organs,S01,Ophthalmologicals,132972,2.68,1108028,2.12,2.12
201907,Sensory Organs,S02,Otologicals,2212,0.04,11579,0.02,0.02
201907,Sensory Organs,S03,Ophthalmological and Otological Preparations,4986,0.1,14084,0.03,0.03
201907,Sensory Organs,,,,,,,
201907,Systemic Hormonal Preparations Excl. Sex Hormones and Insulins,H01,Pituitary and Hypothalamic Hormones and Analogues,1149,0.02,62334,0.12,0.12
201907,Systemic Hormonal Preparations Excl. Sex Hormones and Insulins,H02,Corticosteroids For Systemic Use,56690,1.14,294375,0.56,0.56
201907,Systemic Hormonal Preparations Excl. Sex Hormones and Insulins,H03,Thyroid Therapy,160761,3.24,288474,0.55,0.55
201907,Systemic Hormonal Preparations Excl. Sex Hormones and Insulins,H04,Pancreatic Hormones,299,0.01,6886,0.01,0.01
201907,Systemic Hormonal Preparations Excl. Sex Hormones and Insulins,,,,,,,
201907,Various,V01,Allergens,86,0,7042,0.01,0.01
201907,Various,V03,All Other Therapeutic Products,1987,0.04,184388,0.35,0.35
201907,Various,V04,Diagnostic Agents,10627,0.21,322059,0.62,0.62
201907,Various,V06,General Nutrients,38888,0.78,2990504,5.73,5.73
201907,Various,V07,All Other Non-Therapeutic Products,,,,,5.9
201907,Various,V07 1,Ostomy Requisites,27919,0.56,1662657,3.19,3.19
201907,Various,V07 2,Urinary Requisites,12545,0.25,1032159,1.98,1.98
201907,Various,V07 3,Needles/Syringes/Lancets,8253,0.17,102784,0.2,0.2
201907,Various,V07 4,Dressings,4061,0.08,182863,0.35,0.35
201907,Various,V07 5,Miscellaneous,5640,0.11,99570,0.19,0.19
201907,Various,,,,,,,
201908,Alimentary Tract and Metabolism,A01,Stomatological Preparations,6253,0.13,18431,0.04,0.04
201908,Alimentary Tract and Metabolism,A02,Drugs For Acid Related Disorders,353497,7.25,2056066,4,4
201908,Alimentary Tract and Metabolism,A03,Drugs For Functional Gastrointestinal Disorders,32592,0.67,156576,0.3,0.3
201908,Alimentary Tract and Metabolism,A04,Antiemetics and Antinauseants,3560,0.07,278199,0.54,0.54
201908,Alimentary Tract and Metabolism,A05,Bile and Liver Therapy,1900,0.04,47667,0.09,0.09
201908,Alimentary Tract and Metabolism,A06,Laxatives,73108,1.5,778634,1.51,1.51
201908,Alimentary Tract and Metabolism,A07,Antidiarrheals Intestinal Antiinflammatory/Antiinfective Agents,23099,0.47,742994,1.44,1.44
201908,Alimentary Tract and Metabolism,A09,Digestives Incl. Enzymes,2305,0.05,132084,0.26,0.26
201908,Alimentary Tract and Metabolism,A10,Drugs Used In Diabetes,49384,1.01,982551,1.91,1.91
201908,Alimentary Tract and Metabolism,A11,Vitamins,83301,1.71,411794,0.8,0.8
201908,Alimentary Tract and Metabolism,A12,Mineral Supplements,104452,2.14,541628,1.05,1.05
201908,Alimentary Tract and Metabolism,A14,Anabolic Agents For Systemic Use,36,0,426,0,0
201908,Alimentary Tract and Metabolism,,,,,,,
201908,Antiinfectives For Systemic Use,J01,Antibacterials For Systemic Use,163382,3.35,1008771,1.96,1.96
201908,Antiinfectives For Systemic Use,J02,Antimycotics For Systemic Use,8375,0.17,81021,0.16,0.16
201908,Antiinfectives For Systemic Use,J04,Antimycobacterials,625,0.01,14787,0.03,0.03
201908,Antiinfectives For Systemic Use,J05,Antivirals For Systemic Use,5433,0.11,231183,0.45,0.45
201908,Antiinfectives For Systemic Use,,,,,,,
201908,Antineoplastic and Immunomodulating Agents,L01,Antineoplastic Agents,3418,0.07,144398,0.28,0.28
201908,Antineoplastic and Immunomodulating Agents,L02,Endocrine Therapy,10161,0.21,214707,0.42,0.42
201908,Antineoplastic and Immunomodulating Agents,L04,Immunosuppressive Agents,16528,0.34,220071,0.43,0.43
201908,Antineoplastic and Immunomodulating Agents,,,,,,,
201908,Antiparasitic Products Insecticides and Repellents,P01,Antiprotozoals,9462,0.19,60538,0.12,0.12
201908,Antiparasitic Products Insecticides and Repellents,P02,Anthelmintics,543,0.01,2572,0,0
201908,Antiparasitic Products Insecticides and Repellents,P03,Ectoparasiticides Incl. Scabicides Insecticides and Repellents,1211,0.02,17233,0.03,0.03
201908,Antiparasitic Products Insecticides and Repellents,,,,,,,
201908,Blood and Blood Forming Organs,B01,Antithrombotic Agents,266765,5.47,4366681,8.49,8.49
201908,Blood and Blood Forming Organs,B02,Antihemorrhagics,1404,0.03,17501,0.03,0.03
201908,Blood and Blood Forming Organs,B03,Antianemic Preparations,97005,1.99,190110,0.37,0.37
201908,Blood and Blood Forming Organs,B05,Blood Substitutes and Perfusion Solutions,5,0,569,0,0
201908,Blood and Blood Forming Organs,,,,,,,
201908,Cardiovascular System,C01,Cardiac Therapy,48287,0.99,798464,1.55,1.55
201908,Cardiovascular System,C02,Antihypertensives,16869,0.35,150821,0.29,0.29
201908,Cardiovascular System,C03,Diuretics,103853,2.13,295690,0.57,0.57
201908,Cardiovascular System,C04,Peripheral Vasodilators,2839,0.06,39673,0.08,0.08
201908,Cardiovascular System,C05,Vasoprotectives,8893,0.18,62949,0.12,0.12
201908,Cardiovascular System,C07,Beta Blocking Agents,165644,3.4,440600,0.86,0.86
201908,Cardiovascular System,C08,Calcium Channel Blockers,128788,2.64,417789,0.81,0.81
201908,Cardiovascular System,C09,Agents Acting On The Renin-Angiotensin System,259393,5.32,1837517,3.57,3.57
201908,Cardiovascular System,C10,Serum Lipid Reducing Agents,301081,6.18,1751227,3.4,3.4
201908,Cardiovascular System,,,,,,,
201908,Dermatologicals,D01,Antifungals For Dermatological Use,33043,0.68,201587,0.39,0.39
201908,Dermatologicals,D02,Emollients and Protectives,18186,0.37,49022,0.1,0.1
201908,Dermatologicals,D03,Preparations For Treatment Of Wounds and Ulcers,43,0,555,0,0
201908,Dermatologicals,D04,Antipruritics Incl. Antihistamines Anesthetics Etc.,2,0,72,0,0
201908,Dermatologicals,D05,Antipsoriatics,6995,0.14,303865,0.59,0.59
201908,Dermatologicals,D06,Antibiotics and Chemotherapeutics For Dermatological Use,10020,0.21,82737,0.16,0.16
201908,Dermatologicals,D07,Corticosteroids Dermatological Preparations,42709,0.88,223814,0.43,0.43
201908,Dermatologicals,D10,Anti-Acne Preparations,6823,0.14,102166,0.2,0.2
201908,Dermatologicals,D11,Other Dermatological Preparations,2629,0.05,107796,0.21,0.21
201908,Dermatologicals,,,,,,,
201908,Genito Urinary System and Sex Hormones,G01,Gynecological Antiinfectives and Antiseptics,987,0.02,6042,0.01,0.01
201908,Genito Urinary System and Sex Hormones,G02,Other Gynecologicals,2352,0.05,184479,0.36,0.36
201908,Genito Urinary System and Sex Hormones,G03,Sex Hormones and Modulators Of The Genital System,80305,1.65,592689,1.15,1.15
201908,Genito Urinary System and Sex Hormones,G04,Urologicals,110335,2.26,1934974,3.76,3.76
201908,Genito Urinary System and Sex Hormones,,,,,,,
201908,Musculo-Skeletal System,M01,Antiinflammatory and Antirheumatic Products,95913,1.97,633952,1.23,1.23
201908,Musculo-Skeletal System,M02,Topical Products For Joint and Muscular Pain,67137,1.38,421239,0.82,0.82
201908,Musculo-Skeletal System,M03,Muscle Relaxants,6286,0.13,64960,0.13,0.13
201908,Musculo-Skeletal System,M04,Antigout Preparations,34739,0.71,167972,0.33,0.33
201908,Musculo-Skeletal System,M05,Drugs For Treatment Of Bone Diseases,34800,0.71,1236604,2.4,2.4
201908,Musculo-Skeletal System,M09,Other Drugs For Disorders Of The Musculo-Skeletal System,10740,0.22,115112,0.22,0.22
201908,Musculo-Skeletal System,,,,,,,
201908,Nervous System,N01,Anesthetics,2891,0.06,192299,0.37,0.37
201908,Nervous System,N02,Analgesics,281923,5.79,2409186,4.68,4.68
201908,Nervous System,N03,Antiepileptics,117589,2.41,3008264,5.85,5.85
201908,Nervous System,N04,Anti-Parkinson Drugs,21131,0.43,351888,0.68,0.68
201908,Nervous System,N05,Psycholeptics,302346,6.2,2430014,4.72,4.72
201908,Nervous System,N06,Psychoanaleptics,318958,6.55,2361468,4.59,4.59
201908,Nervous System,N07,Other Nervous System Drugs,32067,0.66,746714,1.45,1.45
201908,Nervous System,,,,,,,
201908,Respiratory System,R01,Nasal Preparations,47427,0.97,510381,0.99,0.99
201908,Respiratory System,R03,Drugs For Obstructive Airway Diseases,284281,5.83,5767372,11.21,11.21
201908,Respiratory System,R05,Cough and Cold Preparations,17755,0.36,100701,0.2,0.2
201908,Respiratory System,R06,Antihistamines For Systemic Use,69908,1.43,273886,0.53,0.53
201908,Respiratory System,,,,,,,
201908,Sensory Organs,S01,Ophthalmologicals,128415,2.64,1082954,2.1,2.1
201908,Sensory Organs,S02,Otologicals,2160,0.04,11224,0.02,0.02
201908,Sensory Organs,S03,Ophthalmological and Otological Preparations,5010,0.1,14464,0.03,0.03
201908,Sensory Organs,,,,,,,
201908,Systemic Hormonal Preparations Excl. Sex Hormones and Insulins,H01,Pituitary and Hypothalamic Hormones and Analogues,1159,0.02,62427,0.12,0.12
201908,Systemic Hormonal Preparations Excl. Sex Hormones and Insulins,H02,Corticosteroids For Systemic Use,53286,1.09,282834,0.55,0.55
201908,Systemic Hormonal Preparations Excl. Sex Hormones and Insulins,H03,Thyroid Therapy,159819,3.28,285024,0.55,0.55
201908,Systemic Hormonal Preparations Excl. Sex Hormones and Insulins,H04,Pancreatic Hormones,294,0.01,6721,0.01,0.01
201908,Systemic Hormonal Preparations Excl. Sex Hormones and Insulins,,,,,,,
201908,Various,V01,Allergens,82,0,6722,0.01,0.01
201908,Various,V03,All Other Therapeutic Products,1979,0.04,181272,0.35,0.35
201908,Various,V04,Diagnostic Agents,10412,0.21,311185,0.6,0.6
201908,Various,V06,General Nutrients,40358,0.83,3112473,6.05,6.05
201908,Various,V07,All Other Non-Therapeutic Products,,,,,5.84
201908,Various,V07 1,Ostomy Requisites,27219,0.56,1643351,3.19,3.19
201908,Various,V07 2,Urinary Requisites,11968,0.25,1000593,1.94,1.94
201908,Various,V07 3,Needles/Syringes/Lancets,7801,0.16,96505,0.19,0.19
201908,Various,V07 4,Dressings,3618,0.07,173530,0.34,0.34
201908,Various,V07 5,Miscellaneous,5309,0.11,92226,0.18,0.18
201908,Various,,,,,,,
201909,Alimentary Tract and Metabolism,A01,Stomatological Preparations,6338,0.13,18685,0.04,0.04
201909,Alimentary Tract and Metabolism,A02,Drugs For Acid Related Disorders,340487,7.15,1983245,3.95,3.95
201909,Alimentary Tract and Metabolism,A03,Drugs For Functional Gastrointestinal Disorders,31284,0.66,144423,0.29,0.29
201909,Alimentary Tract and Metabolism,A04,Antiemetics and Antinauseants,3257,0.07,257201,0.51,0.51
201909,Alimentary Tract and Metabolism,A05,Bile and Liver Therapy,1836,0.04,46273,0.09,0.09
201909,Alimentary Tract and Metabolism,A06,Laxatives,71599,1.5,769019,1.53,1.53
201909,Alimentary Tract and Metabolism,A07,Antidiarrheals Intestinal Antiinflammatory/Antiinfective Agents,22421,0.47,730913,1.46,1.46
201909,Alimentary Tract and Metabolism,A09,Digestives Incl. Enzymes,2221,0.05,125636,0.25,0.25
201909,Alimentary Tract and Metabolism,A10,Drugs Used In Diabetes,47561,1,956441,1.91,1.91
201909,Alimentary Tract and Metabolism,A11,Vitamins,81416,1.71,401970,0.8,0.8
201909,Alimentary Tract and Metabolism,A12,Mineral Supplements,100509,2.11,522618,1.04,1.04
201909,Alimentary Tract and Metabolism,A14,Anabolic Agents For Systemic Use,37,0,433,0,0
201909,Alimentary Tract and Metabolism,,,,,,,
201909,Antiinfectives For Systemic Use,J01,Antibacterials For Systemic Use,192358,4.04,1111935,2.22,2.22
201909,Antiinfectives For Systemic Use,J02,Antimycotics For Systemic Use,8754,0.18,79843,0.16,0.16
201909,Antiinfectives For Systemic Use,J04,Antimycobacterials,654,0.01,15179,0.03,0.03
201909,Antiinfectives For Systemic Use,J05,Antivirals For Systemic Use,5407,0.11,225184,0.45,0.45
201909,Antiinfectives For Systemic Use,,,,,,,
201909,Antineoplastic and Immunomodulating Agents,L01,Antineoplastic Agents,3357,0.07,140006,0.28,0.28
201909,Antineoplastic and Immunomodulating Agents,L02,Endocrine Therapy,9653,0.2,206348,0.41,0.41
201909,Antineoplastic and Immunomodulating Agents,L04,Immunosuppressive Agents,15776,0.33,208906,0.42,0.42
201909,Antineoplastic and Immunomodulating Agents,,,,,,,
201909,Antiparasitic Products Insecticides and Repellents,P01,Antiprotozoals,8981,0.19,48088,0.1,0.1
201909,Antiparasitic Products Insecticides and Repellents,P02,Anthelmintics,578,0.01,3702,0.01,0.01
201909,Antiparasitic Products Insecticides and Repellents,P03,Ectoparasiticides Incl. Scabicides Insecticides and Repellents,1320,0.03,18692,0.04,0.04
201909,Antiparasitic Products Insecticides and Repellents,,,,,,,
201909,Blood and Blood Forming Organs,B01,Antithrombotic Agents,255019,5.36,4208144,8.39,8.39
201909,Blood and Blood Forming Organs,B02,Antihemorrhagics,1362,0.03,15760,0.03,0.03
201909,Blood and Blood Forming Organs,B03,Antianemic Preparations,93659,1.97,187715,0.37,0.37
201909,Blood and Blood Forming Organs,B05,Blood Substitutes and Perfusion Solutions,2,0,477,0,0
201909,Blood and Blood Forming Organs,,,,,,,
201909,Cardiovascular System,C01,Cardiac Therapy,46319,0.97,780970,1.56,1.56
201909,Cardiovascular System,C02,Antihypertensives,16102,0.34,141463,0.28,0.28
201909,Cardiovascular System,C03,Diuretics,99215,2.08,283358,0.56,0.56
201909,Cardiovascular System,C04,Peripheral Vasodilators,2722,0.06,39036,0.08,0.08
201909,Cardiovascular System,C05,Vasoprotectives,9364,0.2,61846,0.12,0.12
201909,Cardiovascular System,C07,Beta Blocking Agents,157991,3.32,423970,0.85,0.85
201909,Cardiovascular System,C08,Calcium Channel Blockers,123341,2.59,399807,0.8,0.8
201909,Cardiovascular System,C09,Agents Acting On The Renin-Angiotensin System,247892,5.21,1756695,3.5,3.5
201909,Cardiovascular System,C10,Serum Lipid Reducing Agents,288237,6.05,1598137,3.19,3.19
201909,Cardiovascular System,,,,,,,
201909,Dermatologicals,D01,Antifungals For Dermatological Use,32851,0.69,202061,0.4,0.4
201909,Dermatologicals,D02,Emollients and Protectives,18119,0.38,48586,0.1,0.1
201909,Dermatologicals,D03,Preparations For Treatment Of Wounds and Ulcers,29,0,429,0,0
201909,Dermatologicals,D05,Antipsoriatics,7076,0.15,315179,0.63,0.63
201909,Dermatologicals,D06,Antibiotics and Chemotherapeutics For Dermatological Use,9958,0.21,83196,0.17,0.17
201909,Dermatologicals,D07,Corticosteroids Dermatological Preparations,41795,0.88,219332,0.44,0.44
201909,Dermatologicals,D10,Anti-Acne Preparations,7264,0.15,110690,0.22,0.22
201909,Dermatologicals,D11,Other Dermatological Preparations,2596,0.05,106065,0.21,0.21
201909,Dermatologicals,,,,,,,
201909,Genito Urinary System and Sex Hormones,G01,Gynecological Antiinfectives and Antiseptics,1023,0.02,6341,0.01,0.01
201909,Genito Urinary System and Sex Hormones,G02,Other Gynecologicals,2414,0.05,197321,0.39,0.39
201909,Genito Urinary System and Sex Hormones,G03,Sex Hormones and Modulators Of The Genital System,76585,1.61,609545,1.22,1.22
201909,Genito Urinary System and Sex Hormones,G04,Urologicals,106991,2.25,1863843,3.72,3.72
201909,Genito Urinary System and Sex Hormones,,,,,,,
201909,Musculo-Skeletal System,M01,Antiinflammatory and Antirheumatic Products,95195,2,619909,1.24,1.24
201909,Musculo-Skeletal System,M02,Topical Products For Joint and Muscular Pain,65743,1.38,410187,0.82,0.82
201909,Musculo-Skeletal System,M03,Muscle Relaxants,6066,0.13,61885,0.12,0.12
201909,Musculo-Skeletal System,M04,Antigout Preparations,33378,0.7,160307,0.32,0.32
201909,Musculo-Skeletal System,M05,Drugs For Treatment Of Bone Diseases,33404,0.7,1259624,2.51,2.51
201909,Musculo-Skeletal System,M09,Other Drugs For Disorders Of The Musculo-Skeletal System,10236,0.22,117885,0.24,0.24
201909,Musculo-Skeletal System,,,,,,,
201909,Nervous System,N01,Anesthetics,2779,0.06,185403,0.37,0.37
201909,Nervous System,N02,Analgesics,274860,5.77,2306144,4.6,4.6
201909,Nervous System,N03,Antiepileptics,113240,2.38,2891669,5.76,5.76
201909,Nervous System,N04,Anti-Parkinson Drugs,20392,0.43,332216,0.66,0.66
201909,Nervous System,N05,Psycholeptics,290481,6.1,2339576,4.66,4.66
201909,Nervous System,N06,Psychoanaleptics,307574,6.46,2285495,4.56,4.56
201909,Nervous System,N07,Other Nervous System Drugs,32147,0.68,768557,1.53,1.53
201909,Nervous System,,,,,,,
201909,Respiratory System,R01,Nasal Preparations,47380,1,505923,1.01,1.01
201909,Respiratory System,R03,Drugs For Obstructive Airway Diseases,286188,6.01,5664620,11.29,11.29
201909,Respiratory System,R05,Cough and Cold Preparations,22157,0.47,113210,0.23,0.23
201909,Respiratory System,R06,Antihistamines For Systemic Use,65349,1.37,254296,0.51,0.51
201909,Respiratory System,,,,,,,
201909,Sensory Organs,S01,Ophthalmologicals,123274,2.59,1041861,2.08,2.08
201909,Sensory Organs,S02,Otologicals,2121,0.04,11186,0.02,0.02
201909,Sensory Organs,S03,Ophthalmological and Otological Preparations,5261,0.11,15081,0.03,0.03
201909,Sensory Organs,,,,,,,
201909,Systemic Hormonal Preparations Excl. Sex Hormones and Insulins,H01,Pituitary and Hypothalamic Hormones and Analogues,1092,0.02,59322,0.12,0.12
201909,Systemic Hormonal Preparations Excl. Sex Hormones and Insulins,H02,Corticosteroids For Systemic Use,61720,1.3,309914,0.62,0.62
201909,Systemic Hormonal Preparations Excl. Sex Hormones and Insulins,H03,Thyroid Therapy,148725,3.12,285632,0.57,0.57
201909,Systemic Hormonal Preparations Excl. Sex Hormones and Insulins,H04,Pancreatic Hormones,292,0.01,6943,0.01,0.01
201909,Systemic Hormonal Preparations Excl. Sex Hormones and Insulins,,,,,,,
201909,Various,V01,Allergens,62,0,5068,0.01,0.01
201909,Various,V03,All Other Therapeutic Products,1864,0.04,172110,0.34,0.34
201909,Various,V04,Diagnostic Agents,10197,0.21,311253,0.62,0.62
201909,Various,V06,General Nutrients,39936,0.84,3066011,6.11,6.11
201909,Various,V07,All Other Non-Therapeutic Products,,,,,5.83
201909,Various,V07 1,Ostomy Requisites,26534,0.56,1588207,3.17,3.17
201909,Various,V07 2,Urinary Requisites,11833,0.25,999411,1.99,1.99
201909,Various,V07 3,Needles/Syringes/Lancets,8626,0.18,100791,0.2,0.2
201909,Various,V07 4,Dressings,3427,0.07,147198,0.29,0.29
201909,Various,V07 5,Miscellaneous,5295,0.11,90800,0.18,0.18
201909,Various,,,,,,,
201910,Alimentary Tract and Metabolism,A01,Stomatological Preparations,6443,0.13,19119,0.04,0.04
201910,Alimentary Tract and Metabolism,A02,Drugs For Acid Related Disorders,351351,7.04,2058943,3.91,3.91
201910,Alimentary Tract and Metabolism,A03,Drugs For Functional Gastrointestinal Disorders,32459,0.65,157714,0.3,0.3
201910,Alimentary Tract and Metabolism,A04,Antiemetics and Antinauseants,3411,0.07,265039,0.5,0.5
201910,Alimentary Tract and Metabolism,A05,Bile and Liver Therapy,1976,0.04,49911,0.09,0.09
201910,Alimentary Tract and Metabolism,A06,Laxatives,75481,1.51,812805,1.54,1.54
201910,Alimentary Tract and Metabolism,A07,Antidiarrheals Intestinal Antiinflammatory/Antiinfective Agents,22862,0.46,754732,1.43,1.43
201910,Alimentary Tract and Metabolism,A09,Digestives Incl. Enzymes,2334,0.05,131279,0.25,0.25
201910,Alimentary Tract and Metabolism,A10,Drugs Used In Diabetes,49781,1,991165,1.88,1.88
201910,Alimentary Tract and Metabolism,A11,Vitamins,86955,1.74,428850,0.81,0.81
201910,Alimentary Tract and Metabolism,A12,Mineral Supplements,106290,2.13,552946,1.05,1.05
201910,Alimentary Tract and Metabolism,A14,Anabolic Agents For Systemic Use,41,0,490,0,0
201910,Alimentary Tract and Metabolism,,,,,,,
201910,Antiinfectives For Systemic Use,J01,Antibacterials For Systemic Use,204623,4.1,1160280,2.2,2.2
201910,Antiinfectives For Systemic Use,J02,Antimycotics For Systemic Use,8873,0.18,82460,0.16,0.16
201910,Antiinfectives For Systemic Use,J04,Antimycobacterials,709,0.01,16370,0.03,0.03
201910,Antiinfectives For Systemic Use,J05,Antivirals For Systemic Use,5807,0.12,242658,0.46,0.46
201910,Antiinfectives For Systemic Use,,,,,,,
201910,Antineoplastic and Immunomodulating Agents,L01,Antineoplastic Agents,3465,0.07,146797,0.28,0.28
201910,Antineoplastic and Immunomodulating Agents,L02,Endocrine Therapy,10083,0.2,215241,0.41,0.41
201910,Antineoplastic and Immunomodulating Agents,L04,Immunosuppressive Agents,16675,0.33,224960,0.43,0.43
201910,Antineoplastic and Immunomodulating Agents,,,,,,,
201910,Antiparasitic Products Insecticides and Repellents,P01,Antiprotozoals,9164,0.18,51764,0.1,0.1
201910,Antiparasitic Products Insecticides and Repellents,P02,Anthelmintics,600,0.01,3912,0.01,0.01
201910,Antiparasitic Products Insecticides and Repellents,P03,Ectoparasiticides Incl. Scabicides Insecticides and Repellents,1523,0.03,21642,0.04,0.04
201910,Antiparasitic Products Insecticides and Repellents,,,,,,,
201910,Blood and Blood Forming Organs,B01,Antithrombotic Agents,266692,5.35,4446243,8.44,8.44
201910,Blood and Blood Forming Organs,B02,Antihemorrhagics,1329,0.03,16595,0.03,0.03
201910,Blood and Blood Forming Organs,B03,Antianemic Preparations,97241,1.95,199586,0.38,0.38
201910,Blood and Blood Forming Organs,B05,Blood Substitutes and Perfusion Solutions,2,0,477,0,0
201910,Blood and Blood Forming Organs,,,,,,,
201910,Cardiovascular System,C01,Cardiac Therapy,47884,0.96,786546,1.49,1.49
201910,Cardiovascular System,C02,Antihypertensives,17007,0.34,156365,0.3,0.3
201910,Cardiovascular System,C03,Diuretics,103360,2.07,298977,0.57,0.57
201910,Cardiovascular System,C04,Peripheral Vasodilators,2920,0.06,42087,0.08,0.08
201910,Cardiovascular System,C05,Vasoprotectives,9559,0.19,62884,0.12,0.12
201910,Cardiovascular System,C07,Beta Blocking Agents,165110,3.31,435853,0.83,0.83
201910,Cardiovascular System,C08,Calcium Channel Blockers,129993,2.61,421066,0.8,0.8
201910,Cardiovascular System,C09,Agents Acting On The Renin-Angiotensin System,260783,5.23,1859432,3.53,3.53
201910,Cardiovascular System,C10,Serum Lipid Reducing Agents,302263,6.06,1594719,3.03,3.03
201910,Cardiovascular System,,,,,,,
201910,Dermatologicals,D01,Antifungals For Dermatological Use,33925,0.68,199748,0.38,0.38
201910,Dermatologicals,D02,Emollients and Protectives,19019,0.38,51442,0.1,0.1
201910,Dermatologicals,D03,Preparations For Treatment Of Wounds and Ulcers,33,0,528,0,0
201910,Dermatologicals,D05,Antipsoriatics,7256,0.15,318090,0.6,0.6
201910,Dermatologicals,D06,Antibiotics and Chemotherapeutics For Dermatological Use,10276,0.21,82941,0.16,0.16
201910,Dermatologicals,D07,Corticosteroids Dermatological Preparations,43171,0.87,225919,0.43,0.43
201910,Dermatologicals,D10,Anti-Acne Preparations,7482,0.15,114539,0.22,0.22
201910,Dermatologicals,D11,Other Dermatological Preparations,2828,0.06,114367,0.22,0.22
201910,Dermatologicals,,,,,,,
201910,Genito Urinary System and Sex Hormones,G01,Gynecological Antiinfectives and Antiseptics,928,0.02,5586,0.01,0.01
201910,Genito Urinary System and Sex Hormones,G02,Other Gynecologicals,2358,0.05,186294,0.35,0.35
201910,Genito Urinary System and Sex Hormones,G03,Sex Hormones and Modulators Of The Genital System,78863,1.58,597638,1.13,1.13
201910,Genito Urinary System and Sex Hormones,G04,Urologicals,111555,2.24,1958285,3.72,3.72
201910,Genito Urinary System and Sex Hormones,,,,,,,
201910,Musculo-Skeletal System,M01,Antiinflammatory and Antirheumatic Products,97110,1.95,639604,1.21,1.21
201910,Musculo-Skeletal System,M02,Topical Products For Joint and Muscular Pain,68142,1.37,423180,0.8,0.8
201910,Musculo-Skeletal System,M03,Muscle Relaxants,6461,0.13,67547,0.13,0.13
201910,Musculo-Skeletal System,M04,Antigout Preparations,34732,0.7,166128,0.32,0.32
201910,Musculo-Skeletal System,M05,Drugs For Treatment Of Bone Diseases,35441,0.71,1433019,2.72,2.72
201910,Musculo-Skeletal System,M09,Other Drugs For Disorders Of The Musculo-Skeletal System,10782,0.22,129442,0.25,0.25
201910,Musculo-Skeletal System,,,,,,,
201910,Nervous System,N01,Anesthetics,2917,0.06,192544,0.37,0.37
201910,Nervous System,N02,Analgesics,288169,5.78,2426420,4.6,4.6
201910,Nervous System,N03,Antiepileptics,119019,2.39,3042852,5.77,5.77
201910,Nervous System,N04,Anti-Parkinson Drugs,21362,0.43,348820,0.66,0.66
201910,Nervous System,N05,Psycholeptics,303117,6.08,2427945,4.61,4.61
201910,Nervous System,N06,Psychoanaleptics,324381,6.5,2418992,4.59,4.59
201910,Nervous System,N07,Other Nervous System Drugs,34526,0.69,843993,1.6,1.6
201910,Nervous System,,,,,,,
201910,Respiratory System,R01,Nasal Preparations,48987,0.98,523041,0.99,0.99
201910,Respiratory System,R03,Drugs For Obstructive Airway Diseases,301933,6.05,5989677,11.36,11.36
201910,Respiratory System,R05,Cough and Cold Preparations,25909,0.52,125937,0.24,0.24
201910,Respiratory System,R06,Antihistamines For Systemic Use,64645,1.3,250919,0.48,0.48
201910,Respiratory System,,,,,,,
201910,Sensory Organs,S01,Ophthalmologicals,130519,2.62,1106172,2.1,2.1
201910,Sensory Organs,S02,Otologicals,2182,0.04,11517,0.02,0.02
201910,Sensory Organs,S03,Ophthalmological and Otological Preparations,5391,0.11,14881,0.03,0.03
201910,Sensory Organs,,,,,,,
201910,Systemic Hormonal Preparations Excl. Sex Hormones and Insulins,H01,Pituitary and Hypothalamic Hormones and Analogues,1152,0.02,62099,0.12,0.12
201910,Systemic Hormonal Preparations Excl. Sex Hormones and Insulins,H02,Corticosteroids For Systemic Use,67801,1.36,333184,0.63,0.63
201910,Systemic Hormonal Preparations Excl. Sex Hormones and Insulins,H03,Thyroid Therapy,157128,3.15,299719,0.57,0.57
201910,Systemic Hormonal Preparations Excl. Sex Hormones and Insulins,H04,Pancreatic Hormones,279,0.01,6958,0.01,0.01
201910,Systemic Hormonal Preparations Excl. Sex Hormones and Insulins,,,,,,,
201910,Various,V01,Allergens,61,0,4987,0.01,0.01
201910,Various,V03,All Other Therapeutic Products,1969,0.04,184837,0.35,0.35
201910,Various,V04,Diagnostic Agents,10416,0.21,321651,0.61,0.61
201910,Various,V06,General Nutrients,42232,0.85,3234525,6.14,6.14
201910,Various,V07,All Other Non-Therapeutic Products,,,,,5.91
201910,Various,V07 1,Ostomy Requisites,28170,0.56,1693618,3.21,3.21
201910,Various,V07 2,Urinary Requisites,12577,0.25,1050936,1.99,1.99
201910,Various,V07 3,Needles/Syringes/Lancets,9315,0.19,107132,0.2,0.2
201910,Various,V07 4,Dressings,3537,0.07,167842,0.32,0.32
201910,Various,V07 5,Miscellaneous,5913,0.12,93226,0.18,0.18
201910,Various,,,,,,,
201911,Alimentary Tract and Metabolism,A01,Stomatological Preparations,6214,0.13,18079,0.03,0.03
201911,Alimentary Tract and Metabolism,A02,Drugs For Acid Related Disorders,346141,7.01,2032275,3.9,3.9
201911,Alimentary Tract and Metabolism,A03,Drugs For Functional Gastrointestinal Disorders,32051,0.65,148301,0.28,0.28
201911,Alimentary Tract and Metabolism,A04,Antiemetics and Antinauseants,3500,0.07,252179,0.48,0.48
201911,Alimentary Tract and Metabolism,A05,Bile and Liver Therapy,1923,0.04,48656,0.09,0.09
201911,Alimentary Tract and Metabolism,A06,Laxatives,75428,1.53,810288,1.55,1.55
201911,Alimentary Tract and Metabolism,A07,Antidiarrheals Intestinal Antiinflammatory/Antiinfective Agents,22638,0.46,731016,1.4,1.4
201911,Alimentary Tract and Metabolism,A09,Digestives Incl. Enzymes,2300,0.05,130010,0.25,0.25
201911,Alimentary Tract and Metabolism,A10,Drugs Used In Diabetes,49587,1,1000502,1.92,1.92
201911,Alimentary Tract and Metabolism,A11,Vitamins,87833,1.78,433667,0.83,0.83
201911,Alimentary Tract and Metabolism,A12,Mineral Supplements,104867,2.12,545779,1.05,1.05
201911,Alimentary Tract and Metabolism,A14,Anabolic Agents For Systemic Use,39,0,440,0,0
201911,Alimentary Tract and Metabolism,,,,,,,
201911,Antiinfectives For Systemic Use,J01,Antibacterials For Systemic Use,212274,4.3,1189727,2.28,2.28
201911,Antiinfectives For Systemic Use,J02,Antimycotics For Systemic Use,8226,0.17,77664,0.15,0.15
201911,Antiinfectives For Systemic Use,J04,Antimycobacterials,683,0.01,16391,0.03,0.03
201911,Antiinfectives For Systemic Use,J05,Antivirals For Systemic Use,6230,0.13,251554,0.48,0.48
201911,Antiinfectives For Systemic Use,,,,,,,
201911,Antineoplastic and Immunomodulating Agents,L01,Antineoplastic Agents,3424,0.07,143273,0.27,0.27
201911,Antineoplastic and Immunomodulating Agents,L02,Endocrine Therapy,9734,0.2,208091,0.4,0.4
201911,Antineoplastic and Immunomodulating Agents,L04,Immunosuppressive Agents,16343,0.33,220443,0.42,0.42
201911,Antineoplastic and Immunomodulating Agents,,,,,,,
201911,Antiparasitic Products Insecticides and Repellents,P01,Antiprotozoals,9154,0.19,52220,0.1,0.1
201911,Antiparasitic Products Insecticides and Repellents,P02,Anthelmintics,547,0.01,3380,0.01,0.01
201911,Antiparasitic Products Insecticides and Repellents,P03,Ectoparasiticides Incl. Scabicides Insecticides and Repellents,1439,0.03,20359,0.04,0.04
201911,Antiparasitic Products Insecticides and Repellents,,,,,,,
201911,Blood and Blood Forming Organs,B01,Antithrombotic Agents,261769,5.3,4373048,8.39,8.39
201911,Blood and Blood Forming Organs,B02,Antihemorrhagics,1311,0.03,16461,0.03,0.03
201911,Blood and Blood Forming Organs,B03,Antianemic Preparations,96236,1.95,189693,0.36,0.36
201911,Blood and Blood Forming Organs,B05,Blood Substitutes and Perfusion Solutions,3,0,424,0,0
201911,Blood and Blood Forming Organs,,,,,,,
201911,Cardiovascular System,C01,Cardiac Therapy,46757,0.95,751069,1.44,1.44
201911,Cardiovascular System,C02,Antihypertensives,16695,0.34,150529,0.29,0.29
201911,Cardiovascular System,C03,Diuretics,101837,2.06,292558,0.56,0.56
201911,Cardiovascular System,C04,Peripheral Vasodilators,2739,0.06,39522,0.08,0.08
201911,Cardiovascular System,C05,Vasoprotectives,9417,0.19,64979,0.12,0.12
201911,Cardiovascular System,C07,Beta Blocking Agents,162691,3.3,434090,0.83,0.83
201911,Cardiovascular System,C08,Calcium Channel Blockers,128474,2.6,416233,0.8,0.8
201911,Cardiovascular System,C09,Agents Acting On The Renin-Angiotensin System,256944,5.2,1838281,3.53,3.53
201911,Cardiovascular System,C10,Serum Lipid Reducing Agents,298767,6.05,1584507,3.04,3.04
201911,Cardiovascular System,,,,,,,
201911,Dermatologicals,D01,Antifungals For Dermatological Use,32212,0.65,189059,0.36,0.36
201911,Dermatologicals,D02,Emollients and Protectives,19246,0.39,51453,0.1,0.1
201911,Dermatologicals,D03,Preparations For Treatment Of Wounds and Ulcers,32,0,419,0,0
201911,Dermatologicals,D05,Antipsoriatics,7244,0.15,315224,0.6,0.6
201911,Dermatologicals,D06,Antibiotics and Chemotherapeutics For Dermatological Use,9938,0.2,80579,0.15,0.15
201911,Dermatologicals,D07,Corticosteroids Dermatological Preparations,42182,0.85,219349,0.42,0.42
201911,Dermatologicals,D10,Anti-Acne Preparations,7447,0.15,114192,0.22,0.22
201911,Dermatologicals,D11,Other Dermatological Preparations,2643,0.05,107226,0.21,0.21
201911,Dermatologicals,,,,,,,
201911,Genito Urinary System and Sex Hormones,G01,Gynecological Antiinfectives and Antiseptics,837,0.02,5262,0.01,0.01
201911,Genito Urinary System and Sex Hormones,G02,Other Gynecologicals,2301,0.05,186190,0.36,0.36
201911,Genito Urinary System and Sex Hormones,G03,Sex Hormones and Modulators Of The Genital System,76359,1.55,588428,1.13,1.13
201911,Genito Urinary System and Sex Hormones,G04,Urologicals,110587,2.24,1894237,3.63,3.63
201911,Genito Urinary System and Sex Hormones,,,,,,,
201911,Musculo-Skeletal System,M01,Antiinflammatory and Antirheumatic Products,95467,1.93,626240,1.2,1.2
201911,Musculo-Skeletal System,M02,Topical Products For Joint and Muscular Pain,66395,1.34,413970,0.79,0.79
201911,Musculo-Skeletal System,M03,Muscle Relaxants,6272,0.13,65316,0.13,0.13
201911,Musculo-Skeletal System,M04,Antigout Preparations,34253,0.69,161130,0.31,0.31
201911,Musculo-Skeletal System,M05,Drugs For Treatment Of Bone Diseases,35252,0.71,1467991,2.82,2.82
201911,Musculo-Skeletal System,M09,Other Drugs For Disorders Of The Musculo-Skeletal System,10520,0.21,127372,0.24,0.24
201911,Musculo-Skeletal System,,,,,,,
201911,Nervous System,N01,Anesthetics,2921,0.06,192398,0.37,0.37
201911,Nervous System,N02,Analgesics,284679,5.77,2381246,4.57,4.57
201911,Nervous System,N03,Antiepileptics,116364,2.36,2985321,5.73,5.73
201911,Nervous System,N04,Anti-Parkinson Drugs,20980,0.42,344494,0.66,0.66
201911,Nervous System,N05,Psycholeptics,296369,6,2489697,4.78,4.78
201911,Nervous System,N06,Psychoanaleptics,319456,6.47,2370997,4.55,4.55
201911,Nervous System,N07,Other Nervous System Drugs,33304,0.67,813862,1.56,1.56
201911,Nervous System,,,,,,,
201911,Respiratory System,R01,Nasal Preparations,49093,0.99,519848,1,1
201911,Respiratory System,R03,Drugs For Obstructive Airway Diseases,302905,6.14,5989882,11.49,11.49
201911,Respiratory System,R05,Cough and Cold Preparations,27759,0.56,133150,0.26,0.26
201911,Respiratory System,R06,Antihistamines For Systemic Use,62115,1.26,242181,0.46,0.46
201911,Respiratory System,,,,,,,
201911,Sensory Organs,S01,Ophthalmologicals,128410,2.6,1089581,2.09,2.09
201911,Sensory Organs,S02,Otologicals,2242,0.05,11792,0.02,0.02
201911,Sensory Organs,S03,Ophthalmological and Otological Preparations,5186,0.11,12812,0.02,0.02
201911,Sensory Organs,,,,,,,
201911,Systemic Hormonal Preparations Excl. Sex Hormones and Insulins,H01,Pituitary and Hypothalamic Hormones and Analogues,1122,0.02,59551,0.11,0.11
201911,Systemic Hormonal Preparations Excl. Sex Hormones and Insulins,H02,Corticosteroids For Systemic Use,69889,1.42,343316,0.66,0.66
201911,Systemic Hormonal Preparations Excl. Sex Hormones and Insulins,H03,Thyroid Therapy,156942,3.18,288730,0.55,0.55
201911,Systemic Hormonal Preparations Excl. Sex Hormones and Insulins,H04,Pancreatic Hormones,267,0.01,6156,0.01,0.01
201911,Systemic Hormonal Preparations Excl. Sex Hormones and Insulins,,,,,,,
201911,Various,V01,Allergens,54,0,4406,0.01,0.01
201911,Various,V03,All Other Therapeutic Products,1923,0.04,169308,0.32,0.32
201911,Various,V04,Diagnostic Agents,10318,0.21,314855,0.6,0.6
201911,Various,V06,General Nutrients,42048,0.85,3234833,6.2,6.2
201911,Various,V07,All Other Non-Therapeutic Products,,,,,5.83
201911,Various,V07 1,Ostomy Requisites,27358,0.55,1645690,3.16,3.16
201911,Various,V07 2,Urinary Requisites,12402,0.25,1036415,1.99,1.99
201911,Various,V07 3,Needles/Syringes/Lancets,9587,0.19,111916,0.21,0.21
201911,Various,V07 4,Dressings,3740,0.08,159368,0.31,0.31
201911,Various,V07 5,Miscellaneous,5795,0.12,87289,0.17,0.17
201911,Various,,,,,,,
201912,Alimentary Tract and Metabolism,A01,Stomatological Preparations,6364,0.13,18405,0.04,0.04
201912,Alimentary Tract and Metabolism,A02,Drugs For Acid Related Disorders,349653,6.93,2058051,3.92,3.92
201912,Alimentary Tract and Metabolism,A03,Drugs For Functional Gastrointestinal Disorders,32277,0.64,154493,0.29,0.29
201912,Alimentary Tract and Metabolism,A04,Antiemetics and Antinauseants,3630,0.07,269572,0.51,0.51
201912,Alimentary Tract and Metabolism,A05,Bile and Liver Therapy,1987,0.04,49515,0.09,0.09
201912,Alimentary Tract and Metabolism,A06,Laxatives,74668,1.48,811302,1.54,1.54
201912,Alimentary Tract and Metabolism,A07,Antidiarrheals Intestinal Antiinflammatory/Antiinfective Agents,23478,0.47,762076,1.45,1.45
201912,Alimentary Tract and Metabolism,A09,Digestives Incl. Enzymes,2325,0.05,134136,0.26,0.26
201912,Alimentary Tract and Metabolism,A10,Drugs Used In Diabetes,49531,0.98,1004944,1.91,1.91
201912,Alimentary Tract and Metabolism,A11,Vitamins,89139,1.77,437279,0.83,0.83
201912,Alimentary Tract and Metabolism,A12,Mineral Supplements,106182,2.1,553046,1.05,1.05
201912,Alimentary Tract and Metabolism,A14,Anabolic Agents For Systemic Use,42,0,528,0,0
201912,Alimentary Tract and Metabolism,,,,,,,
201912,Antiinfectives For Systemic Use,J01,Antibacterials For Systemic Use,264506,5.24,1413356,2.69,2.69
201912,Antiinfectives For Systemic Use,J02,Antimycotics For Systemic Use,8386,0.17,76268,0.15,0.15
201912,Antiinfectives For Systemic Use,J04,Antimycobacterials,691,0.01,17655,0.03,0.03
201912,Antiinfectives For Systemic Use,J05,Antivirals For Systemic Use,11046,0.22,339094,0.65,0.65
201912,Antiinfectives For Systemic Use,,,,,,,
201912,Antineoplastic and Immunomodulating Agents,L01,Antineoplastic Agents,3307,0.07,142692,0.27,0.27
201912,Antineoplastic and Immunomodulating Agents,L02,Endocrine Therapy,10002,0.2,209822,0.4,0.4
201912,Antineoplastic and Immunomodulating Agents,L04,Immunosuppressive Agents,16434,0.33,223448,0.43,0.43
201912,Antineoplastic and Immunomodulating Agents,,,,,,,
201912,Antiparasitic Products Insecticides and Repellents,P01,Antiprotozoals,9272,0.18,65280,0.12,0.12
201912,Antiparasitic Products Insecticides and Repellents,P02,Anthelmintics,480,0.01,4670,0.01,0.01
201912,Antiparasitic Products Insecticides and Repellents,P03,Ectoparasiticides Incl. Scabicides Insecticides and Repellents,1202,0.02,16917,0.03,0.03
201912,Antiparasitic Products Insecticides and Repellents,,,,,,,
201912,Blood and Blood Forming Organs,B01,Antithrombotic Agents,264433,5.24,4466934,8.51,8.51
201912,Blood and Blood Forming Organs,B02,Antihemorrhagics,1408,0.03,16787,0.03,0.03
201912,Blood and Blood Forming Organs,B03,Antianemic Preparations,95722,1.9,174024,0.33,0.33
201912,Blood and Blood Forming Organs,B05,Blood Substitutes and Perfusion Solutions,9,0,1070,0,0
201912,Blood and Blood Forming Organs,,,,,,,
201912,Cardiovascular System,C01,Cardiac Therapy,47231,0.94,762824,1.45,1.45
201912,Cardiovascular System,C02,Antihypertensives,16909,0.34,163595,0.31,0.31
201912,Cardiovascular System,C03,Diuretics,101895,2.02,295661,0.56,0.56
201912,Cardiovascular System,C04,Peripheral Vasodilators,2859,0.06,40155,0.08,0.08
201912,Cardiovascular System,C05,Vasoprotectives,8885,0.18,59269,0.11,0.11
201912,Cardiovascular System,C07,Beta Blocking Agents,164481,3.26,437143,0.83,0.83
201912,Cardiovascular System,C08,Calcium Channel Blockers,129847,2.57,421476,0.8,0.8
201912,Cardiovascular System,C09,Agents Acting On The Renin-Angiotensin System,258720,5.13,1857332,3.54,3.54
201912,Cardiovascular System,C10,Serum Lipid Reducing Agents,302240,5.99,1601651,3.05,3.05
201912,Cardiovascular System,,,,,,,
201912,Dermatologicals,D01,Antifungals For Dermatological Use,30074,0.6,171800,0.33,0.33
201912,Dermatologicals,D02,Emollients and Protectives,18160,0.36,48478,0.09,0.09
201912,Dermatologicals,D03,Preparations For Treatment Of Wounds and Ulcers,35,0,564,0,0
201912,Dermatologicals,D05,Antipsoriatics,6692,0.13,298160,0.57,0.57
201912,Dermatologicals,D06,Antibiotics and Chemotherapeutics For Dermatological Use,9013,0.18,68750,0.13,0.13
201912,Dermatologicals,D07,Corticosteroids Dermatological Preparations,38385,0.76,203261,0.39,0.39
201912,Dermatologicals,D10,Anti-Acne Preparations,6927,0.14,106804,0.2,0.2
201912,Dermatologicals,D11,Other Dermatological Preparations,2446,0.05,99307,0.19,0.19
201912,Dermatologicals,,,,,,,
201912,Genito Urinary System and Sex Hormones,G01,Gynecological Antiinfectives and Antiseptics,832,0.02,5759,0.01,0.01
201912,Genito Urinary System and Sex Hormones,G02,Other Gynecologicals,1906,0.04,134069,0.26,0.26
201912,Genito Urinary System and Sex Hormones,G03,Sex Hormones and Modulators Of The Genital System,76565,1.52,554178,1.06,1.06
201912,Genito Urinary System and Sex Hormones,G04,Urologicals,111646,2.21,1910874,3.64,3.64
201912,Genito Urinary System and Sex Hormones,,,,,,,
201912,Musculo-Skeletal System,M01,Antiinflammatory and Antirheumatic Products,93285,1.85,613671,1.17,1.17
201912,Musculo-Skeletal System,M02,Topical Products For Joint and Muscular Pain,64095,1.27,397640,0.76,0.76
201912,Musculo-Skeletal System,M03,Muscle Relaxants,6442,0.13,66492,0.13,0.13
201912,Musculo-Skeletal System,M04,Antigout Preparations,34568,0.68,162250,0.31,0.31
201912,Musculo-Skeletal System,M05,Drugs For Treatment Of Bone Diseases,34177,0.68,1267250,2.41,2.41
201912,Musculo-Skeletal System,M09,Other Drugs For Disorders Of The Musculo-Skeletal System,10792,0.21,120667,0.23,0.23
201912,Musculo-Skeletal System,,,,,,,
201912,Nervous System,N01,Anesthetics,2869,0.06,198509,0.38,0.38
201912,Nervous System,N02,Analgesics,291444,5.78,2411730,4.59,4.59
201912,Nervous System,N03,Antiepileptics,117042,2.32,3018135,5.75,5.75
201912,Nervous System,N04,Anti-Parkinson Drugs,21049,0.42,345544,0.66,0.66
201912,Nervous System,N05,Psycholeptics,297274,5.89,2408909,4.59,4.59
201912,Nervous System,N06,Psychoanaleptics,321257,6.37,2397770,4.57,4.57
201912,Nervous System,N07,Other Nervous System Drugs,31613,0.63,757150,1.44,1.44
201912,Nervous System,,,,,,,
201912,Respiratory System,R01,Nasal Preparations,49243,0.98,523334,1,1
201912,Respiratory System,R03,Drugs For Obstructive Airway Diseases,317136,6.28,6157647,11.73,11.73
201912,Respiratory System,R05,Cough and Cold Preparations,35501,0.7,155843,0.3,0.3
201912,Respiratory System,R06,Antihistamines For Systemic Use,62815,1.24,244785,0.47,0.47
201912,Respiratory System,,,,,,,
201912,Sensory Organs,S01,Ophthalmologicals,127269,2.52,1090694,2.08,2.08
201912,Sensory Organs,S02,Otologicals,2333,0.05,12054,0.02,0.02
201912,Sensory Organs,S03,Ophthalmological and Otological Preparations,5260,0.1,12633,0.02,0.02
201912,Sensory Organs,,,,,,,
201912,Systemic Hormonal Preparations Excl. Sex Hormones and Insulins,H01,Pituitary and Hypothalamic Hormones and Analogues,1123,0.02,61342,0.12,0.12
201912,Systemic Hormonal Preparations Excl. Sex Hormones and Insulins,H02,Corticosteroids For Systemic Use,87158,1.73,405828,0.77,0.77
201912,Systemic Hormonal Preparations Excl. Sex Hormones and Insulins,H03,Thyroid Therapy,158858,3.15,286983,0.55,0.55
201912,Systemic Hormonal Preparations Excl. Sex Hormones and Insulins,H04,Pancreatic Hormones,251,0,5860,0.01,0.01
201912,Systemic Hormonal Preparations Excl. Sex Hormones and Insulins,,,,,,,
201912,Various,V01,Allergens,61,0,4954,0.01,0.01
201912,Various,V03,All Other Therapeutic Products,1888,0.04,170535,0.32,0.32
201912,Various,V04,Diagnostic Agents,10165,0.2,307424,0.59,0.59
201912,Various,V06,General Nutrients,41157,0.82,3198944,6.09,6.09
201912,Various,V07,All Other Non-Therapeutic Products,,,,,5.8
201912,Various,V07 1,Ostomy Requisites,27726,0.55,1678623,3.2,3.2
201912,Various,V07 2,Urinary Requisites,12381,0.25,1043962,1.99,1.99
201912,Various,V07 3,Needles/Syringes/Lancets,9626,0.19,108117,0.21,0.21
201912,Various,V07 4,Dressings,2780,0.06,124244,0.24,0.24
201912,Various,V07 5,Miscellaneous,5911,0.12,93332,0.18,0.18
201912,Various,,,,,,,
202001,Alimentary Tract and Metabolism,A01,Stomatological Preparations,6661,0.13,19591,0.04,0.04
202001,Alimentary Tract and Metabolism,A02,Drugs For Acid Related Disorders,358338,6.98,2105283,3.88,3.88
202001,Alimentary Tract and Metabolism,A03,Drugs For Functional Gastrointestinal Disorders,32653,0.64,155153,0.29,0.29
202001,Alimentary Tract and Metabolism,A04,Antiemetics and Antinauseants,3651,0.07,273963,0.51,0.51
202001,Alimentary Tract and Metabolism,A05,Bile and Liver Therapy,2015,0.04,50736,0.09,0.09
202001,Alimentary Tract and Metabolism,A06,Laxatives,76932,1.5,834133,1.54,1.54
202001,Alimentary Tract and Metabolism,A07,Antidiarrheals Intestinal Antiinflammatory/Antiinfective Agents,23598,0.46,777048,1.43,1.43
202001,Alimentary Tract and Metabolism,A09,Digestives Incl. Enzymes,2425,0.05,138223,0.25,0.25
202001,Alimentary Tract and Metabolism,A10,Drugs Used In Diabetes,50547,0.98,1028822,1.9,1.9
202001,Alimentary Tract and Metabolism,A11,Vitamins,93674,1.83,460709,0.85,0.85
202001,Alimentary Tract and Metabolism,A12,Mineral Supplements,108262,2.11,562422,1.04,1.04
202001,Alimentary Tract and Metabolism,A14,Anabolic Agents For Systemic Use,48,0,577,0,0
202001,Alimentary Tract and Metabolism,,,,,,,
202001,Antiinfectives For Systemic Use,J01,Antibacterials For Systemic Use,231435,4.51,1290067,2.38,2.38
202001,Antiinfectives For Systemic Use,J02,Antimycotics For Systemic Use,9191,0.18,83220,0.15,0.15
202001,Antiinfectives For Systemic Use,J04,Antimycobacterials,717,0.01,18006,0.03,0.03
202001,Antiinfectives For Systemic Use,J05,Antivirals For Systemic Use,9916,0.19,317235,0.59,0.59
202001,Antiinfectives For Systemic Use,,,,,,,
202001,Antineoplastic and Immunomodulating Agents,L01,Antineoplastic Agents,3581,0.07,148602,0.27,0.27
202001,Antineoplastic and Immunomodulating Agents,L02,Endocrine Therapy,10240,0.2,213753,0.39,0.39
202001,Antineoplastic and Immunomodulating Agents,L04,Immunosuppressive Agents,16766,0.33,231069,0.43,0.43
202001,Antineoplastic and Immunomodulating Agents,,,,,,,
202001,Antiparasitic Products Insecticides and Repellents,P01,Antiprotozoals,9414,0.18,54114,0.1,0.1
202001,Antiparasitic Products Insecticides and Repellents,P02,Anthelmintics,683,0.01,5681,0.01,0.01
202001,Antiparasitic Products Insecticides and Repellents,P03,Ectoparasiticides Incl. Scabicides Insecticides and Repellents,1629,0.03,23088,0.04,0.04
202001,Antiparasitic Products Insecticides and Repellents,,,,,,,
202001,Blood and Blood Forming Organs,B01,Antithrombotic Agents,268217,5.23,4573706,8.44,8.44
202001,Blood and Blood Forming Organs,B02,Antihemorrhagics,1654,0.03,19460,0.04,0.04
202001,Blood and Blood Forming Organs,B03,Antianemic Preparations,99178,1.93,187555,0.35,0.35
202001,Blood and Blood Forming Organs,B05,Blood Substitutes and Perfusion Solutions,4,0,10,0,0
202001,Blood and Blood Forming Organs,,,,,,,
202001,Cardiovascular System,C01,Cardiac Therapy,48144,0.94,788168,1.45,1.45
202001,Cardiovascular System,C02,Antihypertensives,17090,0.33,172563,0.32,0.32
202001,Cardiovascular System,C03,Diuretics,103908,2.02,304459,0.56,0.56
202001,Cardiovascular System,C04,Peripheral Vasodilators,2909,0.06,41437,0.08,0.08
202001,Cardiovascular System,C05,Vasoprotectives,9912,0.19,62644,0.12,0.12
202001,Cardiovascular System,C07,Beta Blocking Agents,167279,3.26,441167,0.81,0.81
202001,Cardiovascular System,C08,Calcium Channel Blockers,132618,2.58,437916,0.81,0.81
202001,Cardiovascular System,C09,Agents Acting On The Renin-Angiotensin System,263981,5.14,1915704,3.53,3.53
202001,Cardiovascular System,C10,Serum Lipid Reducing Agents,307434,5.99,1631030,3.01,3.01
202001,Cardiovascular System,,,,,,,
202001,Dermatologicals,D01,Antifungals For Dermatological Use,33324,0.65,192116,0.35,0.35
202001,Dermatologicals,D02,Emollients and Protectives,19791,0.39,53153,0.1,0.1
202001,Dermatologicals,D03,Preparations For Treatment Of Wounds and Ulcers,34,0,555,0,0
202001,Dermatologicals,D05,Antipsoriatics,7492,0.15,331290,0.61,0.61
202001,Dermatologicals,D06,Antibiotics and Chemotherapeutics For Dermatological Use,9722,0.19,75719,0.14,0.14
202001,Dermatologicals,D07,Corticosteroids Dermatological Preparations,43493,0.85,229776,0.42,0.42
202001,Dermatologicals,D10,Anti-Acne Preparations,7715,0.15,119240,0.22,0.22
202001,Dermatologicals,D11,Other Dermatological Preparations,2670,0.05,110155,0.2,0.2
202001,Dermatologicals,,,,,,,
202001,Genito Urinary System and Sex Hormones,G01,Gynecological Antiinfectives and Antiseptics,922,0.02,6400,0.01,0.01
202001,Genito Urinary System and Sex Hormones,G02,Other Gynecologicals,2556,0.05,213708,0.39,0.39
202001,Genito Urinary System and Sex Hormones,G03,Sex Hormones and Modulators Of The Genital System,79502,1.55,638830,1.18,1.18
202001,Genito Urinary System and Sex Hormones,G04,Urologicals,114286,2.23,1961065,3.62,3.62
202001,Genito Urinary System and Sex Hormones,,,,,,,
202001,Musculo-Skeletal System,M01,Antiinflammatory and Antirheumatic Products,99859,1.95,654125,1.21,1.21
202001,Musculo-Skeletal System,M02,Topical Products For Joint and Muscular Pain,67930,1.32,420943,0.78,0.78
202001,Musculo-Skeletal System,M03,Muscle Relaxants,6716,0.13,71115,0.13,0.13
202001,Musculo-Skeletal System,M04,Antigout Preparations,35397,0.69,165117,0.3,0.3
202001,Musculo-Skeletal System,M05,Drugs For Treatment Of Bone Diseases,35398,0.69,1391587,2.57,2.57
202001,Musculo-Skeletal System,M09,Other Drugs For Disorders Of The Musculo-Skeletal System,10785,0.21,121618,0.22,0.22
202001,Musculo-Skeletal System,,,,,,,
202001,Nervous System,N01,Anesthetics,3015,0.06,199060,0.37,0.37
202001,Nervous System,N02,Analgesics,298456,5.82,2496175,4.6,4.6
202001,Nervous System,N03,Antiepileptics,119960,2.34,3082371,5.69,5.69
202001,Nervous System,N04,Anti-Parkinson Drugs,21501,0.42,350472,0.65,0.65
202001,Nervous System,N05,Psycholeptics,308585,6.01,2483357,4.58,4.58
202001,Nervous System,N06,Psychoanaleptics,333074,6.49,2478922,4.57,4.57
202001,Nervous System,N07,Other Nervous System Drugs,35964,0.7,904900,1.67,1.67
202001,Nervous System,,,,,,,
202001,Respiratory System,R01,Nasal Preparations,51555,1,548933,1.01,1.01
202001,Respiratory System,R03,Drugs For Obstructive Airway Diseases,312837,6.1,6235003,11.5,11.5
202001,Respiratory System,R05,Cough and Cold Preparations,32350,0.63,147925,0.27,0.27
202001,Respiratory System,R06,Antihistamines For Systemic Use,64822,1.26,248815,0.46,0.46
202001,Respiratory System,,,,,,,
202001,Sensory Organs,S01,Ophthalmologicals,130317,2.54,1108720,2.05,2.05
202001,Sensory Organs,S02,Otologicals,2581,0.05,13307,0.02,0.02
202001,Sensory Organs,S03,Ophthalmological and Otological Preparations,5732,0.11,12994,0.02,0.02
202001,Sensory Organs,,,,,,,
202001,Systemic Hormonal Preparations Excl. Sex Hormones and Insulins,H01,Pituitary and Hypothalamic Hormones and Analogues,1166,0.02,63867,0.12,0.12
202001,Systemic Hormonal Preparations Excl. Sex Hormones and Insulins,H02,Corticosteroids For Systemic Use,77845,1.52,369110,0.68,0.68
202001,Systemic Hormonal Preparations Excl. Sex Hormones and Insulins,H03,Thyroid Therapy,162219,3.16,293087,0.54,0.54
202001,Systemic Hormonal Preparations Excl. Sex Hormones and Insulins,H04,Pancreatic Hormones,253,0,6005,0.01,0.01
202001,Systemic Hormonal Preparations Excl. Sex Hormones and Insulins,,,,,,,
202001,Various,V01,Allergens,93,0,7512,0.01,0.01
202001,Various,V03,All Other Therapeutic Products,1994,0.04,179733,0.33,0.33
202001,Various,V04,Diagnostic Agents,10614,0.21,324984,0.6,0.6
202001,Various,V06,General Nutrients,43487,0.85,3352426,6.18,6.18
202001,Various,V07,All Other Non-Therapeutic Products,,,,,5.86
202001,Various,V07 1,Ostomy Requisites,28286,0.55,1697564,3.13,3.13
202001,Various,V07 2,Urinary Requisites,13048,0.25,1091499,2.01,2.01
202001,Various,V07 3,Needles/Syringes/Lancets,9437,0.18,111384,0.21,0.21
202001,Various,V07 4,Dressings,4229,0.08,181114,0.33,0.33
202001,Various,V07 5,Miscellaneous,6177,0.12,94841,0.17,0.17
202001,Various,,,,,,,
202002,Alimentary Tract and Metabolism,A01,Stomatological Preparations,5964,0.13,17334,0.03,0.03
202002,Alimentary Tract and Metabolism,A02,Drugs For Acid Related Disorders,332302,7.04,1954979,3.9,3.9
202002,Alimentary Tract and Metabolism,A03,Drugs For Functional Gastrointestinal Disorders,29843,0.63,151135,0.3,0.3
202002,Alimentary Tract and Metabolism,A04,Antiemetics and Antinauseants,3410,0.07,252597,0.5,0.5
202002,Alimentary Tract and Metabolism,A05,Bile and Liver Therapy,1880,0.04,47897,0.1,0.1
202002,Alimentary Tract and Metabolism,A06,Laxatives,71521,1.52,775639,1.55,1.55
202002,Alimentary Tract and Metabolism,A07,Antidiarrheals Intestinal Antiinflammatory/Antiinfective Agents,21723,0.46,732700,1.46,1.46
202002,Alimentary Tract and Metabolism,A09,Digestives Incl. Enzymes,2218,0.05,127812,0.25,0.25
202002,Alimentary Tract and Metabolism,A10,Drugs Used In Diabetes,47493,1.01,969369,1.93,1.93
202002,Alimentary Tract and Metabolism,A11,Vitamins,89622,1.9,447637,0.89,0.89
202002,Alimentary Tract and Metabolism,A12,Mineral Supplements,101409,2.15,528264,1.05,1.05
202002,Alimentary Tract and Metabolism,A14,Anabolic Agents For Systemic Use,35,0,411,0,0
202002,Alimentary Tract and Metabolism,,,,,,,
202002,Antiinfectives For Systemic Use,J01,Antibacterials For Systemic Use,191009,4.05,1095916,2.19,2.19
202002,Antiinfectives For Systemic Use,J02,Antimycotics For Systemic Use,7740,0.16,71670,0.14,0.14
202002,Antiinfectives For Systemic Use,J04,Antimycobacterials,642,0.01,17058,0.03,0.03
202002,Antiinfectives For Systemic Use,J05,Antivirals For Systemic Use,6296,0.13,246447,0.49,0.49
202002,Antiinfectives For Systemic Use,,,,,,,
202002,Antineoplastic and Immunomodulating Agents,L01,Antineoplastic Agents,3354,0.07,136431,0.27,0.27
202002,Antineoplastic and Immunomodulating Agents,L02,Endocrine Therapy,9597,0.2,203980,0.41,0.41
202002,Antineoplastic and Immunomodulating Agents,L04,Immunosuppressive Agents,15704,0.33,221807,0.44,0.44
202002,Antineoplastic and Immunomodulating Agents,,,,,,,
202002,Antiparasitic Products Insecticides and Repellents,P01,Antiprotozoals,8553,0.18,46247,0.09,0.09
202002,Antiparasitic Products Insecticides and Repellents,P02,Anthelmintics,591,0.01,5499,0.01,0.01
202002,Antiparasitic Products Insecticides and Repellents,P03,Ectoparasiticides Incl. Scabicides Insecticides and Repellents,1327,0.03,18295,0.04,0.04
202002,Antiparasitic Products Insecticides and Repellents,,,,,,,
202002,Blood and Blood Forming Organs,B01,Antithrombotic Agents,250508,5.31,4302454,8.58,8.58
202002,Blood and Blood Forming Organs,B02,Antihemorrhagics,1561,0.03,18386,0.04,0.04
202002,Blood and Blood Forming Organs,B03,Antianemic Preparations,93426,1.98,173127,0.35,0.35
202002,Blood and Blood Forming Organs,B05,Blood Substitutes and Perfusion Solutions,3,0,424,0,0
202002,Blood and Blood Forming Organs,,,,,,,
202002,Cardiovascular System,C01,Cardiac Therapy,44727,0.95,732448,1.46,1.46
202002,Cardiovascular System,C02,Antihypertensives,15961,0.34,161655,0.32,0.32
202002,Cardiovascular System,C03,Diuretics,96907,2.05,295547,0.59,0.59
202002,Cardiovascular System,C04,Peripheral Vasodilators,2684,0.06,38234,0.08,0.08
202002,Cardiovascular System,C05,Vasoprotectives,8756,0.19,57160,0.11,0.11
202002,Cardiovascular System,C07,Beta Blocking Agents,156332,3.31,412993,0.82,0.82
202002,Cardiovascular System,C08,Calcium Channel Blockers,124406,2.64,403892,0.81,0.81
202002,Cardiovascular System,C09,Agents Acting On The Renin-Angiotensin System,247456,5.25,1806390,3.6,3.6
202002,Cardiovascular System,C10,Serum Lipid Reducing Agents,287865,6.1,1533721,3.06,3.06
202002,Cardiovascular System,,,,,,,
202002,Dermatologicals,D01,Antifungals For Dermatological Use,30802,0.65,180126,0.36,0.36
202002,Dermatologicals,D02,Emollients and Protectives,18751,0.4,50092,0.1,0.1
202002,Dermatologicals,D03,Preparations For Treatment Of Wounds and Ulcers,33,0,392,0,0
202002,Dermatologicals,D05,Antipsoriatics,6894,0.15,306632,0.61,0.61
202002,Dermatologicals,D06,Antibiotics and Chemotherapeutics For Dermatological Use,9075,0.19,65604,0.13,0.13
202002,Dermatologicals,D07,Corticosteroids Dermatological Preparations,41060,0.87,212761,0.42,0.42
202002,Dermatologicals,D10,Anti-Acne Preparations,7007,0.15,109722,0.22,0.22
202002,Dermatologicals,D11,Other Dermatological Preparations,2542,0.05,101334,0.2,0.2
202002,Dermatologicals,,,,,,,
202002,Genito Urinary System and Sex Hormones,G01,Gynecological Antiinfectives and Antiseptics,789,0.02,5231,0.01,0.01
202002,Genito Urinary System and Sex Hormones,G02,Other Gynecologicals,2355,0.05,189979,0.38,0.38
202002,Genito Urinary System and Sex Hormones,G03,Sex Hormones and Modulators Of The Genital System,72999,1.55,570680,1.14,1.14
202002,Genito Urinary System and Sex Hormones,G04,Urologicals,107401,2.28,1839273,3.67,3.67
202002,Genito Urinary System and Sex Hormones,,,,,,,
202002,Musculo-Skeletal System,M01,Antiinflammatory and Antirheumatic Products,89883,1.91,596186,1.19,1.19
202002,Musculo-Skeletal System,M02,Topical Products For Joint and Muscular Pain,62693,1.33,388747,0.78,0.78
202002,Musculo-Skeletal System,M03,Muscle Relaxants,6275,0.13,64438,0.13,0.13
202002,Musculo-Skeletal System,M04,Antigout Preparations,31442,0.67,144619,0.29,0.29
202002,Musculo-Skeletal System,M05,Drugs For Treatment Of Bone Diseases,32682,0.69,1258858,2.51,2.51
202002,Musculo-Skeletal System,M09,Other Drugs For Disorders Of The Musculo-Skeletal System,9970,0.21,117170,0.23,0.23
202002,Musculo-Skeletal System,,,,,,,
202002,Nervous System,N01,Anesthetics,2718,0.06,185039,0.37,0.37
202002,Nervous System,N02,Analgesics,273404,5.8,2283250,4.55,4.55
202002,Nervous System,N03,Antiepileptics,111353,2.36,2863857,5.71,5.71
202002,Nervous System,N04,Anti-Parkinson Drugs,20038,0.42,324265,0.65,0.65
202002,Nervous System,N05,Psycholeptics,282944,6,2363681,4.71,4.71
202002,Nervous System,N06,Psychoanaleptics,309116,6.55,2305842,4.6,4.6
202002,Nervous System,N07,Other Nervous System Drugs,32854,0.7,821091,1.64,1.64
202002,Nervous System,,,,,,,
202002,Respiratory System,R01,Nasal Preparations,47833,1.01,509439,1.02,1.02
202002,Respiratory System,R03,Drugs For Obstructive Airway Diseases,285866,6.06,5757637,11.48,11.48
202002,Respiratory System,R05,Cough and Cold Preparations,24092,0.51,119101,0.24,0.24
202002,Respiratory System,R06,Antihistamines For Systemic Use,59692,1.27,231817,0.46,0.46
202002,Respiratory System,,,,,,,
202002,Sensory Organs,S01,Ophthalmologicals,122822,2.6,1045602,2.09,2.09
202002,Sensory Organs,S02,Otologicals,2316,0.05,11984,0.02,0.02
202002,Sensory Organs,S03,Ophthalmological and Otological Preparations,5044,0.11,10663,0.02,0.02
202002,Sensory Organs,,,,,,,
202002,Systemic Hormonal Preparations Excl. Sex Hormones and Insulins,H01,Pituitary and Hypothalamic Hormones and Analogues,1083,0.02,57131,0.11,0.11
202002,Systemic Hormonal Preparations Excl. Sex Hormones and Insulins,H02,Corticosteroids For Systemic Use,61768,1.31,308221,0.61,0.61
202002,Systemic Hormonal Preparations Excl. Sex Hormones and Insulins,H03,Thyroid Therapy,152073,3.22,271512,0.54,0.54
202002,Systemic Hormonal Preparations Excl. Sex Hormones and Insulins,H04,Pancreatic Hormones,241,0.01,5442,0.01,0.01
202002,Systemic Hormonal Preparations Excl. Sex Hormones and Insulins,,,,,,,
202002,Various,V01,Allergens,105,0,8581,0.02,0.02
202002,Various,V03,All Other Therapeutic Products,1823,0.04,163371,0.33,0.33
202002,Various,V04,Diagnostic Agents,9838,0.21,294146,0.59,0.59
202002,Various,V06,General Nutrients,39696,0.84,3055154,6.09,6.09
202002,Various,V07,All Other Non-Therapeutic Products,,,,,5.86
202002,Various,V07 1,Ostomy Requisites,26449,0.56,1590048,3.17,3.17
202002,Various,V07 2,Urinary Requisites,11600,0.25,989083,1.97,1.97
202002,Various,V07 3,Needles/Syringes/Lancets,8412,0.18,100860,0.2,0.2
202002,Various,V07 4,Dressings,3542,0.08,168343,0.34,0.34
202002,Various,V07 5,Miscellaneous,5596,0.12,88293,0.18,0.18
202002,Various,,,,,,,
202003,Alimentary Tract and Metabolism,A01,Stomatological Preparations,6229,0.12,18426,0.03,0.03
202003,Alimentary Tract and Metabolism,A02,Drugs For Acid Related Disorders,367801,7.01,2184919,3.9,3.9
202003,Alimentary Tract and Metabolism,A03,Drugs For Functional Gastrointestinal Disorders,31957,0.61,163305,0.29,0.29
202003,Alimentary Tract and Metabolism,A04,Antiemetics and Antinauseants,3639,0.07,282371,0.5,0.5
202003,Alimentary Tract and Metabolism,A05,Bile and Liver Therapy,2167,0.04,55693,0.1,0.1
202003,Alimentary Tract and Metabolism,A06,Laxatives,78795,1.5,871539,1.56,1.56
202003,Alimentary Tract and Metabolism,A07,Antidiarrheals Intestinal Antiinflammatory/Antiinfective Agents,23678,0.45,824854,1.47,1.47
202003,Alimentary Tract and Metabolism,A09,Digestives Incl. Enzymes,2552,0.05,149358,0.27,0.27
202003,Alimentary Tract and Metabolism,A10,Drugs Used In Diabetes,52820,1.01,1089578,1.95,1.95
202003,Alimentary Tract and Metabolism,A11,Vitamins,102488,1.95,511376,0.91,0.91
202003,Alimentary Tract and Metabolism,A12,Mineral Supplements,114934,2.19,602640,1.08,1.08
202003,Alimentary Tract and Metabolism,A14,Anabolic Agents For Systemic Use,51,0,634,0,0
202003,Alimentary Tract and Metabolism,,,,,,,
202003,Antiinfectives For Systemic Use,J01,Antibacterials For Systemic Use,202672,3.86,1194834,2.13,2.13
202003,Antiinfectives For Systemic Use,J02,Antimycotics For Systemic Use,7766,0.15,74285,0.13,0.13
202003,Antiinfectives For Systemic Use,J04,Antimycobacterials,739,0.01,18967,0.03,0.03
202003,Antiinfectives For Systemic Use,J05,Antivirals For Systemic Use,6226,0.12,259866,0.46,0.46
202003,Antiinfectives For Systemic Use,,,,,,,
202003,Antineoplastic and Immunomodulating Agents,L01,Antineoplastic Agents,3475,0.07,153708,0.27,0.27
202003,Antineoplastic and Immunomodulating Agents,L02,Endocrine Therapy,10852,0.21,226995,0.41,0.41
202003,Antineoplastic and Immunomodulating Agents,L04,Immunosuppressive Agents,17622,0.34,251834,0.45,0.45
202003,Antineoplastic and Immunomodulating Agents,,,,,,,
202003,Antiparasitic Products Insecticides and Repellents,P01,Antiprotozoals,9546,0.18,49924,0.09,0.09
202003,Antiparasitic Products Insecticides and Repellents,P02,Anthelmintics,428,0.01,4177,0.01,0.01
202003,Antiparasitic Products Insecticides and Repellents,P03,Ectoparasiticides Incl. Scabicides Insecticides and Repellents,1136,0.02,16923,0.03,0.03
202003,Antiparasitic Products Insecticides and Repellents,,,,,,,
202003,Blood and Blood Forming Organs,B01,Antithrombotic Agents,277383,5.29,4755722,8.49,8.49
202003,Blood and Blood Forming Organs,B02,Antihemorrhagics,1632,0.03,19815,0.04,0.04
202003,Blood and Blood Forming Organs,B03,Antianemic Preparations,102091,1.95,176487,0.32,0.32
202003,Blood and Blood Forming Organs,,,,,,,
202003,Cardiovascular System,C01,Cardiac Therapy,49145,0.94,818294,1.46,1.46
202003,Cardiovascular System,C02,Antihypertensives,17634,0.34,183759,0.33,0.33
202003,Cardiovascular System,C03,Diuretics,107003,2.04,323658,0.58,0.58
202003,Cardiovascular System,C04,Peripheral Vasodilators,2976,0.06,43272,0.08,0.08
202003,Cardiovascular System,C05,Vasoprotectives,9039,0.17,58421,0.1,0.1
202003,Cardiovascular System,C07,Beta Blocking Agents,172715,3.29,457478,0.82,0.82
202003,Cardiovascular System,C08,Calcium Channel Blockers,139013,2.65,451508,0.81,0.81
202003,Cardiovascular System,C09,Agents Acting On The Renin-Angiotensin System,276062,5.26,2015462,3.6,3.6
202003,Cardiovascular System,C10,Serum Lipid Reducing Agents,322369,6.14,1725170,3.08,3.08
202003,Cardiovascular System,,,,,,,
202003,Dermatologicals,D01,Antifungals For Dermatological Use,30231,0.58,177689,0.32,0.32
202003,Dermatologicals,D02,Emollients and Protectives,20280,0.39,54801,0.1,0.1
202003,Dermatologicals,D03,Preparations For Treatment Of Wounds and Ulcers,33,0,438,0,0
202003,Dermatologicals,D04,Antipruritics Incl. Antihistamines Anesthetics Etc.,1,0,36,0,0
202003,Dermatologicals,D05,Antipsoriatics,7445,0.14,337394,0.6,0.6
202003,Dermatologicals,D06,Antibiotics and Chemotherapeutics For Dermatological Use,8508,0.16,63168,0.11,0.11
202003,Dermatologicals,D07,Corticosteroids Dermatological Preparations,41600,0.79,218254,0.39,0.39
202003,Dermatologicals,D10,Anti-Acne Preparations,6886,0.13,107507,0.19,0.19
202003,Dermatologicals,D11,Other Dermatological Preparations,2646,0.05,105462,0.19,0.19
202003,Dermatologicals,,,,,,,
202003,Genito Urinary System and Sex Hormones,G01,Gynecological Antiinfectives and Antiseptics,762,0.01,5145,0.01,0.01
202003,Genito Urinary System and Sex Hormones,G02,Other Gynecologicals,1961,0.04,147282,0.26,0.26
202003,Genito Urinary System and Sex Hormones,G03,Sex Hormones and Modulators Of The Genital System,80521,1.53,573895,1.02,1.02
202003,Genito Urinary System and Sex Hormones,G04,Urologicals,116037,2.21,2017887,3.6,3.6
202003,Genito Urinary System and Sex Hormones,,,,,,,
202003,Musculo-Skeletal System,M01,Antiinflammatory and Antirheumatic Products,89220,1.7,622541,1.11,1.11
202003,Musculo-Skeletal System,M02,Topical Products For Joint and Muscular Pain,65171,1.24,405501,0.72,0.72
202003,Musculo-Skeletal System,M03,Muscle Relaxants,6590,0.13,69661,0.12,0.12
202003,Musculo-Skeletal System,M04,Antigout Preparations,36161,0.69,167500,0.3,0.3
202003,Musculo-Skeletal System,M05,Drugs For Treatment Of Bone Diseases,35224,0.67,1162242,2.08,2.08
202003,Musculo-Skeletal System,M09,Other Drugs For Disorders Of The Musculo-Skeletal System,10854,0.21,115906,0.21,0.21
202003,Musculo-Skeletal System,,,,,,,
202003,Nervous System,N01,Anesthetics,2928,0.06,201240,0.36,0.36
202003,Nervous System,N02,Analgesics,314657,6,2569109,4.59,4.59
202003,Nervous System,N03,Antiepileptics,121802,2.32,3150496,5.63,5.63
202003,Nervous System,N04,Anti-Parkinson Drugs,21840,0.42,331729,0.59,0.59
202003,Nervous System,N05,Psycholeptics,308578,5.88,2575044,4.6,4.6
202003,Nervous System,N06,Psychoanaleptics,342181,6.52,2544481,4.54,4.54
202003,Nervous System,N07,Other Nervous System Drugs,34468,0.66,850150,1.52,1.52
202003,Nervous System,,,,,,,
202003,Respiratory System,R01,Nasal Preparations,54567,1.04,587524,1.05,1.05
202003,Respiratory System,R03,Drugs For Obstructive Airway Diseases,371380,7.08,7093080,12.67,12.67
202003,Respiratory System,R05,Cough and Cold Preparations,25476,0.49,131966,0.24,0.24
202003,Respiratory System,R06,Antihistamines For Systemic Use,67651,1.29,271502,0.48,0.48
202003,Respiratory System,,,,,,,
202003,Sensory Organs,S01,Ophthalmologicals,132895,2.53,1156486,2.07,2.07
202003,Sensory Organs,S02,Otologicals,2011,0.04,10368,0.02,0.02
202003,Sensory Organs,S03,Ophthalmological and Otological Preparations,4043,0.08,8206,0.01,0.01
202003,Sensory Organs,,,,,,,
202003,Systemic Hormonal Preparations Excl. Sex Hormones and Insulins,H01,Pituitary and Hypothalamic Hormones and Analogues,1175,0.02,64020,0.11,0.11
202003,Systemic Hormonal Preparations Excl. Sex Hormones and Insulins,H02,Corticosteroids For Systemic Use,66014,1.26,342508,0.61,0.61
202003,Systemic Hormonal Preparations Excl. Sex Hormones and Insulins,H03,Thyroid Therapy,172187,3.28,310684,0.55,0.55
202003,Systemic Hormonal Preparations Excl. Sex Hormones and Insulins,H04,Pancreatic Hormones,276,0.01,6394,0.01,0.01
202003,Systemic Hormonal Preparations Excl. Sex Hormones and Insulins,,,,,,,
202003,Various,V01,Allergens,128,0,10427,0.02,0.02
202003,Various,V03,All Other Therapeutic Products,2011,0.04,184960,0.33,0.33
202003,Various,V04,Diagnostic Agents,10750,0.2,319334,0.57,0.57
202003,Various,V06,General Nutrients,43091,0.82,3422238,6.11,6.11
202003,Various,V07,All Other Non-Therapeutic Products,,,,,6.18
202003,Various,V07 1,Ostomy Requisites,31163,0.59,1954658,3.49,3.49
202003,Various,V07 2,Urinary Requisites,13465,0.26,1170619,2.09,2.09
202003,Various,V07 3,Needles/Syringes/Lancets,9230,0.18,107021,0.19,0.19
202003,Various,V07 4,Dressings,2632,0.05,127701,0.23,0.23
202003,Various,V07 5,Miscellaneous,6745,0.13,102401,0.18,0.18
202003,Various,,,,,,,
202004,Alimentary Tract and Metabolism,A01,Stomatological Preparations,5916,0.12,18391,0.04,0.04
202004,Alimentary Tract and Metabolism,A02,Drugs For Acid Related Disorders,348560,7.13,2081772,4.04,4.04
202004,Alimentary Tract and Metabolism,A03,Drugs For Functional Gastrointestinal Disorders,31151,0.64,168234,0.33,0.33
202004,Alimentary Tract and Metabolism,A04,Antiemetics and Antinauseants,3314,0.07,264323,0.51,0.51
202004,Alimentary Tract and Metabolism,A05,Bile and Liver Therapy,2003,0.04,51451,0.1,0.1
202004,Alimentary Tract and Metabolism,A06,Laxatives,75796,1.55,844580,1.64,1.64
202004,Alimentary Tract and Metabolism,A07,Antidiarrheals Intestinal Antiinflammatory/Antiinfective Agents,21660,0.44,780940,1.52,1.52
202004,Alimentary Tract and Metabolism,A09,Digestives Incl. Enzymes,2407,0.05,145871,0.28,0.28
202004,Alimentary Tract and Metabolism,A10,Drugs Used In Diabetes,50228,1.03,1041107,2.02,2.02
202004,Alimentary Tract and Metabolism,A11,Vitamins,99954,2.05,481995,0.94,0.94
202004,Alimentary Tract and Metabolism,A12,Mineral Supplements,109944,2.25,578912,1.12,1.12
202004,Alimentary Tract and Metabolism,A14,Anabolic Agents For Systemic Use,40,0,491,0,0
202004,Alimentary Tract and Metabolism,,,,,,,
202004,Antiinfectives For Systemic Use,J01,Antibacterials For Systemic Use,151574,3.1,970221,1.88,1.88
202004,Antiinfectives For Systemic Use,J02,Antimycotics For Systemic Use,6999,0.14,67498,0.13,0.13
202004,Antiinfectives For Systemic Use,J04,Antimycobacterials,653,0.01,17672,0.03,0.03
202004,Antiinfectives For Systemic Use,J05,Antivirals For Systemic Use,5312,0.11,240174,0.47,0.47
202004,Antiinfectives For Systemic Use,,,,,,,
202004,Antineoplastic and Immunomodulating Agents,L01,Antineoplastic Agents,3020,0.06,131955,0.26,0.26
202004,Antineoplastic and Immunomodulating Agents,L02,Endocrine Therapy,10295,0.21,216801,0.42,0.42
202004,Antineoplastic and Immunomodulating Agents,L04,Immunosuppressive Agents,16365,0.33,236361,0.46,0.46
202004,Antineoplastic and Immunomodulating Agents,,,,,,,
202004,Antiparasitic Products Insecticides and Repellents,P01,Antiprotozoals,9134,0.19,38111,0.07,0.07
202004,Antiparasitic Products Insecticides and Repellents,P02,Anthelmintics,349,0.01,2815,0.01,0.01
202004,Antiparasitic Products Insecticides and Repellents,P03,Ectoparasiticides Incl. Scabicides Insecticides and Repellents,994,0.02,14097,0.03,0.03
202004,Antiparasitic Products Insecticides and Repellents,,,,,,,
202004,Blood and Blood Forming Organs,B01,Antithrombotic Agents,262225,5.37,4588804,8.9,8.9
202004,Blood and Blood Forming Organs,B02,Antihemorrhagics,1485,0.03,18240,0.04,0.04
202004,Blood and Blood Forming Organs,B03,Antianemic Preparations,95940,1.96,155895,0.3,0.3
202004,Blood and Blood Forming Organs,B05,Blood Substitutes and Perfusion Solutions,2,0,1,0,0
202004,Blood and Blood Forming Organs,,,,,,,
202004,Cardiovascular System,C01,Cardiac Therapy,46854,0.96,774989,1.5,1.5
202004,Cardiovascular System,C02,Antihypertensives,16729,0.34,168749,0.33,0.33
202004,Cardiovascular System,C03,Diuretics,102756,2.1,301910,0.59,0.59
202004,Cardiovascular System,C04,Peripheral Vasodilators,2786,0.06,40855,0.08,0.08
202004,Cardiovascular System,C05,Vasoprotectives,8852,0.18,53693,0.1,0.1
202004,Cardiovascular System,C07,Beta Blocking Agents,163658,3.35,433874,0.84,0.84
202004,Cardiovascular System,C08,Calcium Channel Blockers,131184,2.68,426707,0.83,0.83
202004,Cardiovascular System,C09,Agents Acting On The Renin-Angiotensin System,259232,5.31,1902673,3.69,3.69
202004,Cardiovascular System,C10,Serum Lipid Reducing Agents,305609,6.25,1636637,3.18,3.18
202004,Cardiovascular System,,,,,,,
202004,Dermatologicals,D01,Antifungals For Dermatological Use,28575,0.58,168264,0.33,0.33
202004,Dermatologicals,D02,Emollients and Protectives,19305,0.4,51557,0.1,0.1
202004,Dermatologicals,D03,Preparations For Treatment Of Wounds and Ulcers,15,0,157,0,0
202004,Dermatologicals,D05,Antipsoriatics,7074,0.14,322088,0.62,0.62
202004,Dermatologicals,D06,Antibiotics and Chemotherapeutics For Dermatological Use,7677,0.16,59477,0.12,0.12
202004,Dermatologicals,D07,Corticosteroids Dermatological Preparations,39003,0.8,208195,0.4,0.4
202004,Dermatologicals,D10,Anti-Acne Preparations,6080,0.12,96025,0.19,0.19
202004,Dermatologicals,D11,Other Dermatological Preparations,2324,0.05,95238,0.18,0.18
202004,Dermatologicals,,,,,,,
202004,Genito Urinary System and Sex Hormones,G01,Gynecological Antiinfectives and Antiseptics,682,0.01,4374,0.01,0.01
202004,Genito Urinary System and Sex Hormones,G02,Other Gynecologicals,1318,0.03,85060,0.17,0.17
202004,Genito Urinary System and Sex Hormones,G03,Sex Hormones and Modulators Of The Genital System,72828,1.49,497294,0.96,0.96
202004,Genito Urinary System and Sex Hormones,G04,Urologicals,110597,2.26,1936849,3.76,3.76
202004,Genito Urinary System and Sex Hormones,,,,,,,
202004,Musculo-Skeletal System,M01,Antiinflammatory and Antirheumatic Products,83897,1.72,592395,1.15,1.15
202004,Musculo-Skeletal System,M02,Topical Products For Joint and Muscular Pain,62885,1.29,390338,0.76,0.76
202004,Musculo-Skeletal System,M03,Muscle Relaxants,6425,0.13,69141,0.13,0.13
202004,Musculo-Skeletal System,M04,Antigout Preparations,34862,0.71,161667,0.31,0.31
202004,Musculo-Skeletal System,M05,Drugs For Treatment Of Bone Diseases,33368,0.68,1006638,1.95,1.95
202004,Musculo-Skeletal System,M09,Other Drugs For Disorders Of The Musculo-Skeletal System,10443,0.21,110003,0.21,0.21
202004,Musculo-Skeletal System,,,,,,,
202004,Nervous System,N01,Anesthetics,2956,0.06,198466,0.39,0.39
202004,Nervous System,N02,Analgesics,294262,6.02,2488854,4.83,4.83
202004,Nervous System,N03,Antiepileptics,117222,2.4,1928084,3.74,3.74
202004,Nervous System,N04,Anti-Parkinson Drugs,20914,0.43,316731,0.61,0.61
202004,Nervous System,N05,Psycholeptics,303840,6.22,2605345,5.05,5.05
202004,Nervous System,N06,Psychoanaleptics,325625,6.66,2406736,4.67,4.67
202004,Nervous System,N07,Other Nervous System Drugs,31524,0.65,768118,1.49,1.49
202004,Nervous System,,,,,,,
202004,Respiratory System,R01,Nasal Preparations,50741,1.04,551439,1.07,1.07
202004,Respiratory System,R03,Drugs For Obstructive Airway Diseases,314918,6.44,6367447,12.35,12.35
202004,Respiratory System,R05,Cough and Cold Preparations,18619,0.38,106940,0.21,0.21
202004,Respiratory System,R06,Antihistamines For Systemic Use,70717,1.45,286039,0.55,0.55
202004,Respiratory System,,,,,,,
202004,Sensory Organs,S01,Ophthalmologicals,123646,2.53,1085393,2.11,2.11
202004,Sensory Organs,S02,Otologicals,1893,0.04,9750,0.02,0.02
202004,Sensory Organs,S03,Ophthalmological and Otological Preparations,3261,0.07,6458,0.01,0.01
202004,Sensory Organs,,,,,,,
202004,Systemic Hormonal Preparations Excl. Sex Hormones and Insulins,H01,Pituitary and Hypothalamic Hormones and Analogues,1066,0.02,58413,0.11,0.11
202004,Systemic Hormonal Preparations Excl. Sex Hormones and Insulins,H02,Corticosteroids For Systemic Use,49351,1.01,271178,0.53,0.53
202004,Systemic Hormonal Preparations Excl. Sex Hormones and Insulins,H03,Thyroid Therapy,160911,3.29,288214,0.56,0.56
202004,Systemic Hormonal Preparations Excl. Sex Hormones and Insulins,H04,Pancreatic Hormones,296,0.01,7087,0.01,0.01
202004,Systemic Hormonal Preparations Excl. Sex Hormones and Insulins,,,,,,,
202004,Various,V01,Allergens,105,0,8960,0.02,0.02
202004,Various,V03,All Other Therapeutic Products,1995,0.04,192480,0.37,0.37
202004,Various,V04,Diagnostic Agents,10555,0.22,310724,0.6,0.6
202004,Various,V06,General Nutrients,42203,0.86,3327932,6.46,6.46
202004,Various,V07,All Other Non-Therapeutic Products,,,,,6.21
202004,Various,V07 1,Ostomy Requisites,29184,0.6,1754360,3.4,3.4
202004,Various,V07 2,Urinary Requisites,13152,0.27,1102845,2.14,2.14
202004,Various,V07 3,Needles/Syringes/Lancets,8110,0.17,102493,0.2,0.2
202004,Various,V07 4,Dressings,2892,0.06,148742,0.29,0.29
202004,Various,V07 5,Miscellaneous,5964,0.12,94099,0.18,0.18
202004,Various,,,,,,,
202005,Alimentary Tract and Metabolism,A01,Stomatological Preparations,5869,0.12,18011,0.04,0.04
202005,Alimentary Tract and Metabolism,A02,Drugs For Acid Related Disorders,342674,7.17,2045090,4.04,4.04
202005,Alimentary Tract and Metabolism,A03,Drugs For Functional Gastrointestinal Disorders,30388,0.64,159362,0.31,0.31
202005,Alimentary Tract and Metabolism,A04,Antiemetics and Antinauseants,3137,0.07,248291,0.49,0.49
202005,Alimentary Tract and Metabolism,A05,Bile and Liver Therapy,1991,0.04,51333,0.1,0.1
202005,Alimentary Tract and Metabolism,A06,Laxatives,75290,1.57,843815,1.67,1.67
202005,Alimentary Tract and Metabolism,A07,Antidiarrheals Intestinal Antiinflammatory/Antiinfective Agents,21104,0.44,753668,1.49,1.49
202005,Alimentary Tract and Metabolism,A09,Digestives Incl. Enzymes,2326,0.05,139281,0.27,0.27
202005,Alimentary Tract and Metabolism,A10,Drugs Used In Diabetes,48851,1.02,999378,1.97,1.97
202005,Alimentary Tract and Metabolism,A11,Vitamins,99757,2.09,473688,0.93,0.93
202005,Alimentary Tract and Metabolism,A12,Mineral Supplements,106979,2.24,562258,1.11,1.11
202005,Alimentary Tract and Metabolism,A14,Anabolic Agents For Systemic Use,41,0,522,0,0
202005,Alimentary Tract and Metabolism,,,,,,,
202005,Antiinfectives For Systemic Use,J01,Antibacterials For Systemic Use,135399,2.83,876076,1.73,1.73
202005,Antiinfectives For Systemic Use,J02,Antimycotics For Systemic Use,7080,0.15,69586,0.14,0.14
202005,Antiinfectives For Systemic Use,J04,Antimycobacterials,622,0.01,17466,0.03,0.03
202005,Antiinfectives For Systemic Use,J05,Antivirals For Systemic Use,5289,0.11,233181,0.46,0.46
202005,Antiinfectives For Systemic Use,,,,,,,
202005,Antineoplastic and Immunomodulating Agents,L01,Antineoplastic Agents,3015,0.06,129665,0.26,0.26
202005,Antineoplastic and Immunomodulating Agents,L02,Endocrine Therapy,10064,0.21,213770,0.42,0.42
202005,Antineoplastic and Immunomodulating Agents,L04,Immunosuppressive Agents,15707,0.33,227370,0.45,0.45
202005,Antineoplastic and Immunomodulating Agents,,,,,,,
202005,Antiparasitic Products Insecticides and Repellents,P01,Antiprotozoals,8798,0.18,36702,0.07,0.07
202005,Antiparasitic Products Insecticides and Repellents,P02,Anthelmintics,489,0.01,4795,0.01,0.01
202005,Antiparasitic Products Insecticides and Repellents,P03,Ectoparasiticides Incl. Scabicides Insecticides and Repellents,944,0.02,13091,0.03,0.03
202005,Antiparasitic Products Insecticides and Repellents,,,,,,,
202005,Blood and Blood Forming Organs,B01,Antithrombotic Agents,255807,5.35,4493922,8.87,8.87
202005,Blood and Blood Forming Organs,B02,Antihemorrhagics,1519,0.03,18861,0.04,0.04
202005,Blood and Blood Forming Organs,B03,Antianemic Preparations,94474,1.98,165423,0.33,0.33
202005,Blood and Blood Forming Organs,B05,Blood Substitutes and Perfusion Solutions,1,0,1,0,0
202005,Blood and Blood Forming Organs,,,,,,,
202005,Cardiovascular System,C01,Cardiac Therapy,45481,0.95,765353,1.51,1.51
202005,Cardiovascular System,C02,Antihypertensives,16573,0.35,167214,0.33,0.33
202005,Cardiovascular System,C03,Diuretics,100580,2.1,295210,0.58,0.58
202005,Cardiovascular System,C04,Peripheral Vasodilators,2761,0.06,40793,0.08,0.08
202005,Cardiovascular System,C05,Vasoprotectives,9696,0.2,60038,0.12,0.12
202005,Cardiovascular System,C07,Beta Blocking Agents,160360,3.35,428923,0.85,0.85
202005,Cardiovascular System,C08,Calcium Channel Blockers,128551,2.69,417899,0.82,0.82
202005,Cardiovascular System,C09,Agents Acting On The Renin-Angiotensin System,254305,5.32,1878924,3.71,3.71
202005,Cardiovascular System,C10,Serum Lipid Reducing Agents,298691,6.25,1606072,3.17,3.17
202005,Cardiovascular System,,,,,,,
202005,Dermatologicals,D01,Antifungals For Dermatological Use,30210,0.63,181880,0.36,0.36
202005,Dermatologicals,D02,Emollients and Protectives,19687,0.41,52354,0.1,0.1
202005,Dermatologicals,D03,Preparations For Treatment Of Wounds and Ulcers,31,0,374,0,0
202005,Dermatologicals,D05,Antipsoriatics,7123,0.15,325436,0.64,0.64
202005,Dermatologicals,D06,Antibiotics and Chemotherapeutics For Dermatological Use,8380,0.18,64012,0.13,0.13
202005,Dermatologicals,D07,Corticosteroids Dermatological Preparations,40459,0.85,215827,0.43,0.43
202005,Dermatologicals,D10,Anti-Acne Preparations,6022,0.13,93505,0.18,0.18
202005,Dermatologicals,D11,Other Dermatological Preparations,2387,0.05,98396,0.19,0.19
202005,Dermatologicals,,,,,,,
202005,Genito Urinary System and Sex Hormones,G01,Gynecological Antiinfectives and Antiseptics,788,0.02,5630,0.01,0.01
202005,Genito Urinary System and Sex Hormones,G02,Other Gynecologicals,1504,0.03,97164,0.19,0.19
202005,Genito Urinary System and Sex Hormones,G03,Sex Hormones and Modulators Of The Genital System,73613,1.54,519885,1.03,1.03
202005,Genito Urinary System and Sex Hormones,G04,Urologicals,108439,2.27,1874707,3.7,3.7
202005,Genito Urinary System and Sex Hormones,,,,,,,
202005,Musculo-Skeletal System,M01,Antiinflammatory and Antirheumatic Products,88786,1.86,622080,1.23,1.23
202005,Musculo-Skeletal System,M02,Topical Products For Joint and Muscular Pain,65776,1.38,410355,0.81,0.81
202005,Musculo-Skeletal System,M03,Muscle Relaxants,6313,0.13,67324,0.13,0.13
202005,Musculo-Skeletal System,M04,Antigout Preparations,34393,0.72,157952,0.31,0.31
202005,Musculo-Skeletal System,M05,Drugs For Treatment Of Bone Diseases,34430,0.72,1428994,2.82,2.82
202005,Musculo-Skeletal System,M09,Other Drugs For Disorders Of The Musculo-Skeletal System,10254,0.21,114571,0.23,0.23
202005,Musculo-Skeletal System,,,,,,,
202005,Nervous System,N01,Anesthetics,2841,0.06,196028,0.39,0.39
202005,Nervous System,N02,Analgesics,285228,5.96,2416658,4.77,4.77
202005,Nervous System,N03,Antiepileptics,115856,2.42,1765298,3.48,3.48
202005,Nervous System,N04,Anti-Parkinson Drugs,20375,0.43,307087,0.61,0.61
202005,Nervous System,N05,Psycholeptics,295600,6.18,2503346,4.94,4.94
202005,Nervous System,N06,Psychoanaleptics,320754,6.71,2370202,4.68,4.68
202005,Nervous System,N07,Other Nervous System Drugs,31933,0.67,768353,1.52,1.52
202005,Nervous System,,,,,,,
202005,Respiratory System,R01,Nasal Preparations,50827,1.06,552497,1.09,1.09
202005,Respiratory System,R03,Drugs For Obstructive Airway Diseases,295063,6.17,6070237,11.98,11.98
202005,Respiratory System,R05,Cough and Cold Preparations,14910,0.31,91895,0.18,0.18
202005,Respiratory System,R06,Antihistamines For Systemic Use,73408,1.53,295128,0.58,0.58
202005,Respiratory System,,,,,,,
202005,Sensory Organs,S01,Ophthalmologicals,121250,2.54,1062451,2.1,2.1
202005,Sensory Organs,S02,Otologicals,1933,0.04,9977,0.02,0.02
202005,Sensory Organs,S03,Ophthalmological and Otological Preparations,3306,0.07,6431,0.01,0.01
202005,Sensory Organs,,,,,,,
202005,Systemic Hormonal Preparations Excl. Sex Hormones and Insulins,H01,Pituitary and Hypothalamic Hormones and Analogues,1020,0.02,55561,0.11,0.11
202005,Systemic Hormonal Preparations Excl. Sex Hormones and Insulins,H02,Corticosteroids For Systemic Use,45571,0.95,258599,0.51,0.51
202005,Systemic Hormonal Preparations Excl. Sex Hormones and Insulins,H03,Thyroid Therapy,158388,3.31,284124,0.56,0.56
202005,Systemic Hormonal Preparations Excl. Sex Hormones and Insulins,H04,Pancreatic Hormones,258,0.01,5881,0.01,0.01
202005,Systemic Hormonal Preparations Excl. Sex Hormones and Insulins,,,,,,,
202005,Various,V01,Allergens,119,0,9699,0.02,0.02
202005,Various,V03,All Other Therapeutic Products,1882,0.04,176129,0.35,0.35
202005,Various,V04,Diagnostic Agents,10550,0.22,304046,0.6,0.6
202005,Various,V06,General Nutrients,41630,0.87,3268824,6.45,6.45
202005,Various,V07,All Other Non-Therapeutic Products,,,,,6.12
202005,Various,V07 1,Ostomy Requisites,28224,0.59,1687252,3.33,3.33
202005,Various,V07 2,Urinary Requisites,12658,0.26,1078318,2.13,2.13
202005,Various,V07 3,Needles/Syringes/Lancets,7432,0.16,94581,0.19,0.19
202005,Various,V07 4,Dressings,2829,0.06,142571,0.28,0.28
202005,Various,V07 5,Miscellaneous,5425,0.11,96839,0.19,0.19
202005,Various,,,,,,,
202006,Alimentary Tract and Metabolism,A01,Stomatological Preparations,5769,0.12,18051,0.04,0.04
202006,Alimentary Tract and Metabolism,A02,Drugs For Acid Related Disorders,346346,7.18,2056929,4.01,4.01
202006,Alimentary Tract and Metabolism,A03,Drugs For Functional Gastrointestinal Disorders,30405,0.63,154871,0.3,0.3
202006,Alimentary Tract and Metabolism,A04,Antiemetics and Antinauseants,3287,0.07,253985,0.5,0.5
202006,Alimentary Tract and Metabolism,A05,Bile and Liver Therapy,2023,0.04,52130,0.1,0.1
202006,Alimentary Tract and Metabolism,A06,Laxatives,76519,1.59,854539,1.67,1.67
202006,Alimentary Tract and Metabolism,A07,Antidiarrheals Intestinal Antiinflammatory/Antiinfective Agents,21557,0.45,774362,1.51,1.51
202006,Alimentary Tract and Metabolism,A09,Digestives Incl. Enzymes,2323,0.05,140863,0.27,0.27
202006,Alimentary Tract and Metabolism,A10,Drugs Used In Diabetes,49500,1.03,1020760,1.99,1.99
202006,Alimentary Tract and Metabolism,A11,Vitamins,101559,2.1,478023,0.93,0.93
202006,Alimentary Tract and Metabolism,A12,Mineral Supplements,107317,2.22,564121,1.1,1.1
202006,Alimentary Tract and Metabolism,A14,Anabolic Agents For Systemic Use,46,0,582,0,0
202006,Alimentary Tract and Metabolism,,,,,,,
202006,Antiinfectives For Systemic Use,J01,Antibacterials For Systemic Use,130515,2.7,853846,1.66,1.66
202006,Antiinfectives For Systemic Use,J02,Antimycotics For Systemic Use,7184,0.15,71886,0.14,0.14
202006,Antiinfectives For Systemic Use,J04,Antimycobacterials,595,0.01,15714,0.03,0.03
202006,Antiinfectives For Systemic Use,J05,Antivirals For Systemic Use,5531,0.11,244886,0.48,0.48
202006,Antiinfectives For Systemic Use,,,,,,,
202006,Antineoplastic and Immunomodulating Agents,L01,Antineoplastic Agents,3127,0.06,131766,0.26,0.26
202006,Antineoplastic and Immunomodulating Agents,L02,Endocrine Therapy,10148,0.21,215729,0.42,0.42
202006,Antineoplastic and Immunomodulating Agents,L04,Immunosuppressive Agents,16236,0.34,237553,0.46,0.46
202006,Antineoplastic and Immunomodulating Agents,,,,,,,
202006,Antiparasitic Products Insecticides and Repellents,P01,Antiprotozoals,8694,0.18,36634,0.07,0.07
202006,Antiparasitic Products Insecticides and Repellents,P02,Anthelmintics,470,0.01,4784,0.01,0.01
202006,Antiparasitic Products Insecticides and Repellents,P03,Ectoparasiticides Incl. Scabicides Insecticides and Repellents,1009,0.02,15270,0.03,0.03
202006,Antiparasitic Products Insecticides and Repellents,,,,,,,
202006,Blood and Blood Forming Organs,B01,Antithrombotic Agents,256535,5.31,4535683,8.84,8.84
202006,Blood and Blood Forming Organs,B02,Antihemorrhagics,1598,0.03,18949,0.04,0.04
202006,Blood and Blood Forming Organs,B03,Antianemic Preparations,97870,2.03,177256,0.35,0.35
202006,Blood and Blood Forming Organs,B05,Blood Substitutes and Perfusion Solutions,2,0,491,0,0
202006,Blood and Blood Forming Organs,,,,,,,
202006,Cardiovascular System,C01,Cardiac Therapy,45011,0.93,769089,1.5,1.5
202006,Cardiovascular System,C02,Antihypertensives,16595,0.34,169762,0.33,0.33
202006,Cardiovascular System,C03,Diuretics,100750,2.09,296623,0.58,0.58
202006,Cardiovascular System,C04,Peripheral Vasodilators,2723,0.06,38997,0.08,0.08
202006,Cardiovascular System,C05,Vasoprotectives,9979,0.21,62019,0.12,0.12
202006,Cardiovascular System,C07,Beta Blocking Agents,160919,3.33,427555,0.83,0.83
202006,Cardiovascular System,C08,Calcium Channel Blockers,129258,2.68,419154,0.82,0.82
202006,Cardiovascular System,C09,Agents Acting On The Renin-Angiotensin System,255585,5.3,1881911,3.67,3.67
202006,Cardiovascular System,C10,Serum Lipid Reducing Agents,300104,6.22,1608709,3.14,3.14
202006,Cardiovascular System,,,,,,,
202006,Dermatologicals,D01,Antifungals For Dermatological Use,31684,0.66,187136,0.36,0.36
202006,Dermatologicals,D02,Emollients and Protectives,19856,0.41,52744,0.1,0.1
202006,Dermatologicals,D03,Preparations For Treatment Of Wounds and Ulcers,31,0,371,0,0
202006,Dermatologicals,D04,Antipruritics Incl. Antihistamines Anesthetics Etc.,1,0,36,0,0
202006,Dermatologicals,D05,Antipsoriatics,7224,0.15,327988,0.64,0.64
202006,Dermatologicals,D06,Antibiotics and Chemotherapeutics For Dermatological Use,8773,0.18,65752,0.13,0.13
202006,Dermatologicals,D07,Corticosteroids Dermatological Preparations,41591,0.86,221443,0.43,0.43
202006,Dermatologicals,D10,Anti-Acne Preparations,6167,0.13,94887,0.18,0.18
202006,Dermatologicals,D11,Other Dermatological Preparations,2591,0.05,107326,0.21,0.21
202006,Dermatologicals,,,,,,,
202006,Genito Urinary System and Sex Hormones,G01,Gynecological Antiinfectives and Antiseptics,807,0.02,5457,0.01,0.01
202006,Genito Urinary System and Sex Hormones,G02,Other Gynecologicals,2045,0.04,159763,0.31,0.31
202006,Genito Urinary System and Sex Hormones,G03,Sex Hormones and Modulators Of The Genital System,76541,1.59,586026,1.14,1.14
202006,Genito Urinary System and Sex Hormones,G04,Urologicals,109623,2.27,1869495,3.64,3.64
202006,Genito Urinary System and Sex Hormones,,,,,,,
202006,Musculo-Skeletal System,M01,Antiinflammatory and Antirheumatic Products,91103,1.89,638704,1.24,1.24
202006,Musculo-Skeletal System,M02,Topical Products For Joint and Muscular Pain,67385,1.4,419580,0.82,0.82
202006,Musculo-Skeletal System,M03,Muscle Relaxants,6462,0.13,67926,0.13,0.13
202006,Musculo-Skeletal System,M04,Antigout Preparations,34611,0.72,158737,0.31,0.31
202006,Musculo-Skeletal System,M05,Drugs For Treatment Of Bone Diseases,34938,0.72,1512101,2.95,2.95
202006,Musculo-Skeletal System,M09,Other Drugs For Disorders Of The Musculo-Skeletal System,10303,0.21,125650,0.24,0.24
202006,Musculo-Skeletal System,,,,,,,
202006,Nervous System,N01,Anesthetics,2954,0.06,198326,0.39,0.39
202006,Nervous System,N02,Analgesics,286922,5.94,2429403,4.74,4.74
202006,Nervous System,N03,Antiepileptics,116092,2.41,1770793,3.45,3.45
202006,Nervous System,N04,Anti-Parkinson Drugs,20556,0.43,306884,0.6,0.6
202006,Nervous System,N05,Psycholeptics,296229,6.14,2497994,4.87,4.87
202006,Nervous System,N06,Psychoanaleptics,324285,6.72,2374182,4.63,4.63
202006,Nervous System,N07,Other Nervous System Drugs,32343,0.67,777180,1.51,1.51
202006,Nervous System,,,,,,,
202006,Respiratory System,R01,Nasal Preparations,53596,1.11,582725,1.14,1.14
202006,Respiratory System,R03,Drugs For Obstructive Airway Diseases,289811,6,5994660,11.68,11.68
202006,Respiratory System,R05,Cough and Cold Preparations,13987,0.29,88836,0.17,0.17
202006,Respiratory System,R06,Antihistamines For Systemic Use,80200,1.66,327173,0.64,0.64
202006,Respiratory System,,,,,,,
202006,Sensory Organs,S01,Ophthalmologicals,124949,2.59,1087826,2.12,2.12
202006,Sensory Organs,S02,Otologicals,1986,0.04,10256,0.02,0.02
202006,Sensory Organs,S03,Ophthalmological and Otological Preparations,3754,0.08,7227,0.01,0.01
202006,Sensory Organs,,,,,,,
202006,Systemic Hormonal Preparations Excl. Sex Hormones and Insulins,H01,Pituitary and Hypothalamic Hormones and Analogues,1020,0.02,56807,0.11,0.11
202006,Systemic Hormonal Preparations Excl. Sex Hormones and Insulins,H02,Corticosteroids For Systemic Use,45746,0.95,263294,0.51,0.51
202006,Systemic Hormonal Preparations Excl. Sex Hormones and Insulins,H03,Thyroid Therapy,159504,3.3,283852,0.55,0.55
202006,Systemic Hormonal Preparations Excl. Sex Hormones and Insulins,H04,Pancreatic Hormones,221,0,5133,0.01,0.01
202006,Systemic Hormonal Preparations Excl. Sex Hormones and Insulins,,,,,,,
202006,Various,V01,Allergens,112,0,9333,0.02,0.02
202006,Various,V03,All Other Therapeutic Products,1964,0.04,186970,0.36,0.36
202006,Various,V04,Diagnostic Agents,10754,0.22,312118,0.61,0.61
202006,Various,V06,General Nutrients,43616,0.9,3412046,6.65,6.65
202006,Various,V07,All Other Non-Therapeutic Products,,,,,6.08
202006,Various,V07 1,Ostomy Requisites,28587,0.59,1689692,3.29,3.29
202006,Various,V07 2,Urinary Requisites,12759,0.26,1078316,2.1,2.1
202006,Various,V07 3,Needles/Syringes/Lancets,7346,0.15,94154,0.18,0.18
202006,Various,V07 4,Dressings,3308,0.07,153155,0.3,0.3
202006,Various,V07 5,Miscellaneous,5439,0.11,102484,0.2,0.2
202006,Various,,,,,,,
202007,Alimentary Tract and Metabolism,A01,Stomatological Preparations,6024,0.12,19099,0.04,0.04
202007,Alimentary Tract and Metabolism,A02,Drugs For Acid Related Disorders,364457,7.2,2169196,4.05,4.05
202007,Alimentary Tract and Metabolism,A03,Drugs For Functional Gastrointestinal Disorders,32274,0.64,162345,0.3,0.3
202007,Alimentary Tract and Metabolism,A04,Antiemetics and Antinauseants,3399,0.07,265263,0.49,0.49
202007,Alimentary Tract and Metabolism,A05,Bile and Liver Therapy,2077,0.04,53419,0.1,0.1
202007,Alimentary Tract and Metabolism,A06,Laxatives,80048,1.58,917629,1.71,1.71
202007,Alimentary Tract and Metabolism,A07,Antidiarrheals Intestinal Antiinflammatory/Antiinfective Agents,22586,0.45,815849,1.52,1.52
202007,Alimentary Tract and Metabolism,A09,Digestives Incl. Enzymes,2506,0.05,159636,0.3,0.3
202007,Alimentary Tract and Metabolism,A10,Drugs Used In Diabetes,52036,1.03,1063246,1.98,1.98
202007,Alimentary Tract and Metabolism,A11,Vitamins,107021,2.11,502458,0.94,0.94
202007,Alimentary Tract and Metabolism,A12,Mineral Supplements,111969,2.21,589553,1.1,1.1
202007,Alimentary Tract and Metabolism,A14,Anabolic Agents For Systemic Use,49,0,577,0,0
202007,Alimentary Tract and Metabolism,,,,,,,
202007,Antiinfectives For Systemic Use,J01,Antibacterials For Systemic Use,139785,2.76,903656,1.69,1.69
202007,Antiinfectives For Systemic Use,J02,Antimycotics For Systemic Use,7805,0.15,73794,0.14,0.14
202007,Antiinfectives For Systemic Use,J04,Antimycobacterials,632,0.01,16289,0.03,0.03
202007,Antiinfectives For Systemic Use,J05,Antivirals For Systemic Use,5748,0.11,254089,0.47,0.47
202007,Antiinfectives For Systemic Use,,,,,,,
202007,Antineoplastic and Immunomodulating Agents,L01,Antineoplastic Agents,3400,0.07,139708,0.26,0.26
202007,Antineoplastic and Immunomodulating Agents,L02,Endocrine Therapy,10610,0.21,224109,0.42,0.42
202007,Antineoplastic and Immunomodulating Agents,L04,Immunosuppressive Agents,16964,0.34,250352,0.47,0.47
202007,Antineoplastic and Immunomodulating Agents,,,,,,,
202007,Antiparasitic Products Insecticides and Repellents,P01,Antiprotozoals,9293,0.18,38833,0.07,0.07
202007,Antiparasitic Products Insecticides and Repellents,P02,Anthelmintics,508,0.01,4926,0.01,0.01
202007,Antiparasitic Products Insecticides and Repellents,P03,Ectoparasiticides Incl. Scabicides Insecticides and Repellents,1137,0.02,16184,0.03,0.03
202007,Antiparasitic Products Insecticides and Repellents,,,,,,,
202007,Blood and Blood Forming Organs,B01,Antithrombotic Agents,268360,5.3,4765530,8.89,8.89
202007,Blood and Blood Forming Organs,B02,Antihemorrhagics,1721,0.03,20654,0.04,0.04
202007,Blood and Blood Forming Organs,B03,Antianemic Preparations,103635,2.05,185831,0.35,0.35
202007,Blood and Blood Forming Organs,B05,Blood Substitutes and Perfusion Solutions,3,0,709,0,0
202007,Blood and Blood Forming Organs,,,,,,,
202007,Cardiovascular System,C01,Cardiac Therapy,46918,0.93,800160,1.49,1.49
202007,Cardiovascular System,C02,Antihypertensives,17524,0.35,181891,0.34,0.34
202007,Cardiovascular System,C03,Diuretics,105546,2.09,312343,0.58,0.58
202007,Cardiovascular System,C04,Peripheral Vasodilators,2849,0.06,40642,0.08,0.08
202007,Cardiovascular System,C05,Vasoprotectives,10356,0.2,64297,0.12,0.12
202007,Cardiovascular System,C07,Beta Blocking Agents,168694,3.33,449814,0.84,0.84
202007,Cardiovascular System,C08,Calcium Channel Blockers,135783,2.68,439297,0.82,0.82
202007,Cardiovascular System,C09,Agents Acting On The Renin-Angiotensin System,269027,5.32,1982106,3.7,3.7
202007,Cardiovascular System,C10,Serum Lipid Reducing Agents,315450,6.23,1693409,3.16,3.16
202007,Cardiovascular System,,,,,,,
202007,Dermatologicals,D01,Antifungals For Dermatological Use,33965,0.67,199870,0.37,0.37
202007,Dermatologicals,D02,Emollients and Protectives,20158,0.4,53563,0.1,0.1
202007,Dermatologicals,D03,Preparations For Treatment Of Wounds and Ulcers,30,0,407,0,0
202007,Dermatologicals,D05,Antipsoriatics,7602,0.15,345740,0.64,0.64
202007,Dermatologicals,D06,Antibiotics and Chemotherapeutics For Dermatological Use,9231,0.18,70021,0.13,0.13
202007,Dermatologicals,D07,Corticosteroids Dermatological Preparations,43754,0.86,234669,0.44,0.44
202007,Dermatologicals,D10,Anti-Acne Preparations,6955,0.14,107260,0.2,0.2
202007,Dermatologicals,D11,Other Dermatological Preparations,2857,0.06,117294,0.22,0.22
202007,Dermatologicals,,,,,,,
202007,Genito Urinary System and Sex Hormones,G01,Gynecological Antiinfectives and Antiseptics,1014,0.02,6541,0.01,0.01
202007,Genito Urinary System and Sex Hormones,G02,Other Gynecologicals,2361,0.05,191635,0.36,0.36
202007,Genito Urinary System and Sex Hormones,G03,Sex Hormones and Modulators Of The Genital System,82078,1.62,635787,1.19,1.19
202007,Genito Urinary System and Sex Hormones,G04,Urologicals,114685,2.27,1950086,3.64,3.64
202007,Genito Urinary System and Sex Hormones,,,,,,,
202007,Musculo-Skeletal System,M01,Antiinflammatory and Antirheumatic Products,97355,1.92,670403,1.25,1.25
202007,Musculo-Skeletal System,M02,Topical Products For Joint and Muscular Pain,71860,1.42,450056,0.84,0.84
202007,Musculo-Skeletal System,M03,Muscle Relaxants,6681,0.13,68762,0.13,0.13
202007,Musculo-Skeletal System,M04,Antigout Preparations,36420,0.72,165883,0.31,0.31
202007,Musculo-Skeletal System,M05,Drugs For Treatment Of Bone Diseases,35781,0.71,1473517,2.75,2.75
202007,Musculo-Skeletal System,M09,Other Drugs For Disorders Of The Musculo-Skeletal System,10837,0.21,127457,0.24,0.24
202007,Musculo-Skeletal System,,,,,,,
202007,Nervous System,N01,Anesthetics,3069,0.06,203684,0.38,0.38
202007,Nervous System,N02,Analgesics,301731,5.96,2548699,4.75,4.75
202007,Nervous System,N03,Antiepileptics,121065,2.39,1847075,3.44,3.44
202007,Nervous System,N04,Anti-Parkinson Drugs,21423,0.42,319591,0.6,0.6
202007,Nervous System,N05,Psycholeptics,308652,6.1,2597931,4.85,4.85
202007,Nervous System,N06,Psychoanaleptics,341828,6.75,2494801,4.65,4.65
202007,Nervous System,N07,Other Nervous System Drugs,34342,0.68,828490,1.55,1.55
202007,Nervous System,,,,,,,
202007,Respiratory System,R01,Nasal Preparations,52906,1.05,578116,1.08,1.08
202007,Respiratory System,R03,Drugs For Obstructive Airway Diseases,301382,5.96,6248626,11.65,11.65
202007,Respiratory System,R05,Cough and Cold Preparations,14550,0.29,91272,0.17,0.17
202007,Respiratory System,R06,Antihistamines For Systemic Use,78594,1.55,316322,0.59,0.59
202007,Respiratory System,,,,,,,
202007,Sensory Organs,S01,Ophthalmologicals,130821,2.58,1140557,2.13,2.13
202007,Sensory Organs,S02,Otologicals,2362,0.05,12223,0.02,0.02
202007,Sensory Organs,S03,Ophthalmological and Otological Preparations,3947,0.08,7389,0.01,0.01
202007,Sensory Organs,,,,,,,
202007,Systemic Hormonal Preparations Excl. Sex Hormones and Insulins,H01,Pituitary and Hypothalamic Hormones and Analogues,1067,0.02,58079,0.11,0.11
202007,Systemic Hormonal Preparations Excl. Sex Hormones and Insulins,H02,Corticosteroids For Systemic Use,47014,0.93,267632,0.5,0.5
202007,Systemic Hormonal Preparations Excl. Sex Hormones and Insulins,H03,Thyroid Therapy,167432,3.31,298928,0.56,0.56
202007,Systemic Hormonal Preparations Excl. Sex Hormones and Insulins,H04,Pancreatic Hormones,238,0,5332,0.01,0.01
202007,Systemic Hormonal Preparations Excl. Sex Hormones and Insulins,,,,,,,
202007,Various,V01,Allergens,122,0,9883,0.02,0.02
202007,Various,V03,All Other Therapeutic Products,2061,0.04,193998,0.36,0.36
202007,Various,V04,Diagnostic Agents,11082,0.22,324815,0.61,0.61
202007,Various,V06,General Nutrients,44692,0.88,3486911,6.5,6.5
202007,Various,V07,All Other Non-Therapeutic Products,,,,,6.14
202007,Various,V07 1,Ostomy Requisites,29956,0.59,1778459,3.32,3.32
202007,Various,V07 2,Urinary Requisites,13212,0.26,1109872,2.07,2.07
202007,Various,V07 3,Needles/Syringes/Lancets,7877,0.16,101474,0.19,0.19
202007,Various,V07 4,Dressings,3789,0.07,185319,0.35,0.35
202007,Various,V07 5,Miscellaneous,5865,0.12,119257,0.22,0.22
202007,Various,,,,,,,
202008,Alimentary Tract and Metabolism,A01,Stomatological Preparations,5531,0.12,17311,0.03,0.03
202008,Alimentary Tract and Metabolism,A02,Drugs For Acid Related Disorders,345700,7.2,2050552,4.02,4.02
202008,Alimentary Tract and Metabolism,A03,Drugs For Functional Gastrointestinal Disorders,30277,0.63,154195,0.3,0.3
202008,Alimentary Tract and Metabolism,A04,Antiemetics and Antinauseants,3220,0.07,249466,0.49,0.49
202008,Alimentary Tract and Metabolism,A05,Bile and Liver Therapy,1970,0.04,51108,0.1,0.1
202008,Alimentary Tract and Metabolism,A06,Laxatives,76139,1.58,881631,1.73,1.73
202008,Alimentary Tract and Metabolism,A07,Antidiarrheals Intestinal Antiinflammatory/Antiinfective Agents,21644,0.45,774946,1.52,1.52
202008,Alimentary Tract and Metabolism,A09,Digestives Incl. Enzymes,2339,0.05,148947,0.29,0.29
202008,Alimentary Tract and Metabolism,A10,Drugs Used In Diabetes,49836,1.04,1029185,2.02,2.02
202008,Alimentary Tract and Metabolism,A11,Vitamins,103376,2.15,478884,0.94,0.94
202008,Alimentary Tract and Metabolism,A12,Mineral Supplements,106646,2.22,562031,1.1,1.1
202008,Alimentary Tract and Metabolism,A14,Anabolic Agents For Systemic Use,59,0,723,0,0
202008,Alimentary Tract and Metabolism,,,,,,,
202008,Antiinfectives For Systemic Use,J01,Antibacterials For Systemic Use,136767,2.85,881462,1.73,1.73
202008,Antiinfectives For Systemic Use,J02,Antimycotics For Systemic Use,7187,0.15,71541,0.14,0.14
202008,Antiinfectives For Systemic Use,J04,Antimycobacterials,578,0.01,14397,0.03,0.03
202008,Antiinfectives For Systemic Use,J05,Antivirals For Systemic Use,5290,0.11,240728,0.47,0.47
202008,Antiinfectives For Systemic Use,,,,,,,
202008,Antineoplastic and Immunomodulating Agents,L01,Antineoplastic Agents,3176,0.07,133714,0.26,0.26
202008,Antineoplastic and Immunomodulating Agents,L02,Endocrine Therapy,10066,0.21,209778,0.41,0.41
202008,Antineoplastic and Immunomodulating Agents,L04,Immunosuppressive Agents,16220,0.34,241872,0.47,0.47
202008,Antineoplastic and Immunomodulating Agents,,,,,,,
202008,Antiparasitic Products Insecticides and Repellents,P01,Antiprotozoals,8729,0.18,36696,0.07,0.07
202008,Antiparasitic Products Insecticides and Repellents,P02,Anthelmintics,502,0.01,5324,0.01,0.01
202008,Antiparasitic Products Insecticides and Repellents,P03,Ectoparasiticides Incl. Scabicides Insecticides and Repellents,1074,0.02,15800,0.03,0.03
202008,Antiparasitic Products Insecticides and Repellents,,,,,,,
202008,Blood and Blood Forming Organs,B01,Antithrombotic Agents,255297,5.31,4559807,8.94,8.94
202008,Blood and Blood Forming Organs,B02,Antihemorrhagics,1737,0.04,20621,0.04,0.04
202008,Blood and Blood Forming Organs,B03,Antianemic Preparations,99963,2.08,179463,0.35,0.35
202008,Blood and Blood Forming Organs,B05,Blood Substitutes and Perfusion Solutions,1,0,281,0,0
202008,Blood and Blood Forming Organs,,,,,,,
202008,Cardiovascular System,C01,Cardiac Therapy,45765,0.95,836433,1.64,1.64
202008,Cardiovascular System,C02,Antihypertensives,16443,0.34,168303,0.33,0.33
202008,Cardiovascular System,C03,Diuretics,98375,2.05,297947,0.58,0.58
202008,Cardiovascular System,C04,Peripheral Vasodilators,2730,0.06,38973,0.08,0.08
202008,Cardiovascular System,C05,Vasoprotectives,8829,0.18,57819,0.11,0.11
202008,Cardiovascular System,C07,Beta Blocking Agents,160065,3.33,427647,0.84,0.84
202008,Cardiovascular System,C08,Calcium Channel Blockers,128663,2.68,415869,0.82,0.82
202008,Cardiovascular System,C09,Agents Acting On The Renin-Angiotensin System,254817,5.3,1890266,3.71,3.71
202008,Cardiovascular System,C10,Serum Lipid Reducing Agents,300213,6.25,1616961,3.17,3.17
202008,Cardiovascular System,,,,,,,
202008,Dermatologicals,D01,Antifungals For Dermatological Use,31465,0.65,183126,0.36,0.36
202008,Dermatologicals,D02,Emollients and Protectives,18936,0.39,50599,0.1,0.1
202008,Dermatologicals,D03,Preparations For Treatment Of Wounds and Ulcers,24,0,235,0,0
202008,Dermatologicals,D05,Antipsoriatics,7159,0.15,325140,0.64,0.64
202008,Dermatologicals,D06,Antibiotics and Chemotherapeutics For Dermatological Use,8550,0.18,64481,0.13,0.13
202008,Dermatologicals,D07,Corticosteroids Dermatological Preparations,40198,0.84,214729,0.42,0.42
202008,Dermatologicals,D10,Anti-Acne Preparations,6726,0.14,103432,0.2,0.2
202008,Dermatologicals,D11,Other Dermatological Preparations,2608,0.05,106497,0.21,0.21
202008,Dermatologicals,,,,,,,
202008,Genito Urinary System and Sex Hormones,G01,Gynecological Antiinfectives and Antiseptics,965,0.02,6046,0.01,0.01
202008,Genito Urinary System and Sex Hormones,G02,Other Gynecologicals,2251,0.05,174825,0.34,0.34
202008,Genito Urinary System and Sex Hormones,G03,Sex Hormones and Modulators Of The Genital System,78570,1.64,605361,1.19,1.19
202008,Genito Urinary System and Sex Hormones,G04,Urologicals,109854,2.29,1857795,3.64,3.64
202008,Genito Urinary System and Sex Hormones,,,,,,,
202008,Musculo-Skeletal System,M01,Antiinflammatory and Antirheumatic Products,89703,1.87,616978,1.21,1.21
202008,Musculo-Skeletal System,M02,Topical Products For Joint and Muscular Pain,66995,1.39,422960,0.83,0.83
202008,Musculo-Skeletal System,M03,Muscle Relaxants,6412,0.13,65594,0.13,0.13
202008,Musculo-Skeletal System,M04,Antigout Preparations,34591,0.72,157154,0.31,0.31
202008,Musculo-Skeletal System,M05,Drugs For Treatment Of Bone Diseases,33510,0.7,1281822,2.51,2.51
202008,Musculo-Skeletal System,M09,Other Drugs For Disorders Of The Musculo-Skeletal System,10199,0.21,116061,0.23,0.23
202008,Musculo-Skeletal System,,,,,,,
202008,Nervous System,N01,Anesthetics,2814,0.06,186332,0.37,0.37
202008,Nervous System,N02,Analgesics,284845,5.93,2384358,4.68,4.68
202008,Nervous System,N03,Antiepileptics,115848,2.41,1776192,3.48,3.48
202008,Nervous System,N04,Anti-Parkinson Drugs,20347,0.42,300790,0.59,0.59
202008,Nervous System,N05,Psycholeptics,290953,6.06,2505590,4.91,4.91
202008,Nervous System,N06,Psychoanaleptics,326984,6.81,2384856,4.68,4.68
202008,Nervous System,N07,Other Nervous System Drugs,31589,0.66,759507,1.49,1.49
202008,Nervous System,,,,,,,
202008,Respiratory System,R01,Nasal Preparations,48368,1.01,529167,1.04,1.04
202008,Respiratory System,R03,Drugs For Obstructive Airway Diseases,288286,6,5943151,11.66,11.66
202008,Respiratory System,R05,Cough and Cold Preparations,14023,0.29,86552,0.17,0.17
202008,Respiratory System,R06,Antihistamines For Systemic Use,72559,1.51,289761,0.57,0.57
202008,Respiratory System,,,,,,,
202008,Sensory Organs,S01,Ophthalmologicals,123712,2.57,1079111,2.12,2.12
202008,Sensory Organs,S02,Otologicals,2294,0.05,12017,0.02,0.02
202008,Sensory Organs,S03,Ophthalmological and Otological Preparations,3692,0.08,6913,0.01,0.01
202008,Sensory Organs,,,,,,,
202008,Systemic Hormonal Preparations Excl. Sex Hormones and Insulins,H01,Pituitary and Hypothalamic Hormones and Analogues,1009,0.02,55352,0.11,0.11
202008,Systemic Hormonal Preparations Excl. Sex Hormones and Insulins,H02,Corticosteroids For Systemic Use,45613,0.95,259328,0.51,0.51
202008,Systemic Hormonal Preparations Excl. Sex Hormones and Insulins,H03,Thyroid Therapy,159923,3.33,285682,0.56,0.56
202008,Systemic Hormonal Preparations Excl. Sex Hormones and Insulins,H04,Pancreatic Hormones,212,0,4875,0.01,0.01
202008,Systemic Hormonal Preparations Excl. Sex Hormones and Insulins,,,,,,,
202008,Various,V01,Allergens,106,0,8655,0.02,0.02
202008,Various,V03,All Other Therapeutic Products,1925,0.04,179998,0.35,0.35
202008,Various,V04,Diagnostic Agents,10515,0.22,303707,0.6,0.6
202008,Various,V06,General Nutrients,43211,0.9,3387325,6.64,6.64
202008,Various,V07,All Other Non-Therapeutic Products,,,,,6.18
202008,Various,V07 1,Ostomy Requisites,29088,0.61,1717962,3.37,3.37
202008,Various,V07 2,Urinary Requisites,12367,0.26,1039978,2.04,2.04
202008,Various,V07 3,Needles/Syringes/Lancets,7504,0.16,94375,0.19,0.19
202008,Various,V07 4,Dressings,3386,0.07,179588,0.35,0.35
202008,Various,V07 5,Miscellaneous,5538,0.12,116883,0.23,0.23
202008,Various,,,,,,,
202009,Alimentary Tract and Metabolism,A01,Stomatological Preparations,5946,0.12,18605,0.04,0.04
202009,Alimentary Tract and Metabolism,A02,Drugs For Acid Related Disorders,354058,7.09,2100941,4,4
202009,Alimentary Tract and Metabolism,A03,Drugs For Functional Gastrointestinal Disorders,31756,0.64,161362,0.31,0.31
202009,Alimentary Tract and Metabolism,A04,Antiemetics and Antinauseants,3415,0.07,265797,0.51,0.51
202009,Alimentary Tract and Metabolism,A05,Bile and Liver Therapy,2064,0.04,53870,0.1,0.1
202009,Alimentary Tract and Metabolism,A06,Laxatives,78357,1.57,909049,1.73,1.73
202009,Alimentary Tract and Metabolism,A07,Antidiarrheals Intestinal Antiinflammatory/Antiinfective Agents,22298,0.45,807974,1.54,1.54
202009,Alimentary Tract and Metabolism,A09,Digestives Incl. Enzymes,2400,0.05,145562,0.28,0.28
202009,Alimentary Tract and Metabolism,A10,Drugs Used In Diabetes,51200,1.03,1054794,2.01,2.01
202009,Alimentary Tract and Metabolism,A11,Vitamins,107394,2.15,496825,0.95,0.95
202009,Alimentary Tract and Metabolism,A12,Mineral Supplements,107713,2.16,567497,1.08,1.08
202009,Alimentary Tract and Metabolism,A14,Anabolic Agents For Systemic Use,52,0,664,0,0
202009,Alimentary Tract and Metabolism,,,,,,,
202009,Antiinfectives For Systemic Use,J01,Antibacterials For Systemic Use,168685,3.38,1030464,1.96,1.96
202009,Antiinfectives For Systemic Use,J02,Antimycotics For Systemic Use,7994,0.16,74268,0.14,0.14
202009,Antiinfectives For Systemic Use,J04,Antimycobacterials,613,0.01,15915,0.03,0.03
202009,Antiinfectives For Systemic Use,J05,Antivirals For Systemic Use,5573,0.11,244609,0.47,0.47
202009,Antiinfectives For Systemic Use,,,,,,,
202009,Antineoplastic and Immunomodulating Agents,L01,Antineoplastic Agents,3389,0.07,137919,0.26,0.26
202009,Antineoplastic and Immunomodulating Agents,L02,Endocrine Therapy,10121,0.2,209293,0.4,0.4
202009,Antineoplastic and Immunomodulating Agents,L04,Immunosuppressive Agents,16552,0.33,248501,0.47,0.47
202009,Antineoplastic and Immunomodulating Agents,,,,,,,
202009,Antiparasitic Products Insecticides and Repellents,P01,Antiprotozoals,9233,0.18,39798,0.08,0.08
202009,Antiparasitic Products Insecticides and Repellents,P02,Anthelmintics,551,0.01,6437,0.01,0.01
202009,Antiparasitic Products Insecticides and Repellents,P03,Ectoparasiticides Incl. Scabicides Insecticides and Repellents,1266,0.03,19074,0.04,0.04
202009,Antiparasitic Products Insecticides and Repellents,,,,,,,
202009,Blood and Blood Forming Organs,B01,Antithrombotic Agents,258997,5.19,4657796,8.86,8.86
202009,Blood and Blood Forming Organs,B02,Antihemorrhagics,1822,0.04,21410,0.04,0.04
202009,Blood and Blood Forming Organs,B03,Antianemic Preparations,103416,2.07,188487,0.36,0.36
202009,Blood and Blood Forming Organs,B05,Blood Substitutes and Perfusion Solutions,1,0,281,0,0
202009,Blood and Blood Forming Organs,,,,,,,
202009,Cardiovascular System,C01,Cardiac Therapy,46687,0.94,849184,1.62,1.62
202009,Cardiovascular System,C02,Antihypertensives,16924,0.34,173906,0.33,0.33
202009,Cardiovascular System,C03,Diuretics,100814,2.02,305303,0.58,0.58
202009,Cardiovascular System,C04,Peripheral Vasodilators,2762,0.06,39301,0.07,0.07
202009,Cardiovascular System,C05,Vasoprotectives,8741,0.18,61145,0.12,0.12
202009,Cardiovascular System,C07,Beta Blocking Agents,163143,3.27,429974,0.82,0.82
202009,Cardiovascular System,C08,Calcium Channel Blockers,131538,2.64,424698,0.81,0.81
202009,Cardiovascular System,C09,Agents Acting On The Renin-Angiotensin System,260404,5.22,1936774,3.68,3.68
202009,Cardiovascular System,C10,Serum Lipid Reducing Agents,306477,6.14,1650500,3.14,3.14
202009,Cardiovascular System,,,,,,,
202009,Dermatologicals,D01,Antifungals For Dermatological Use,33727,0.68,193128,0.37,0.37
202009,Dermatologicals,D02,Emollients and Protectives,19617,0.39,51828,0.1,0.1
202009,Dermatologicals,D03,Preparations For Treatment Of Wounds and Ulcers,41,0,524,0,0
202009,Dermatologicals,D05,Antipsoriatics,7482,0.15,339127,0.65,0.65
202009,Dermatologicals,D06,Antibiotics and Chemotherapeutics For Dermatological Use,9190,0.18,70532,0.13,0.13
202009,Dermatologicals,D07,Corticosteroids Dermatological Preparations,43252,0.87,230702,0.44,0.44
202009,Dermatologicals,D10,Anti-Acne Preparations,7611,0.15,117079,0.22,0.22
202009,Dermatologicals,D11,Other Dermatological Preparations,2854,0.06,116052,0.22,0.22
202009,Dermatologicals,,,,,,,
202009,Genito Urinary System and Sex Hormones,G01,Gynecological Antiinfectives and Antiseptics,1198,0.02,7648,0.01,0.01
202009,Genito Urinary System and Sex Hormones,G02,Other Gynecologicals,2583,0.05,220310,0.42,0.42
202009,Genito Urinary System and Sex Hormones,G03,Sex Hormones and Modulators Of The Genital System,81518,1.63,647456,1.23,1.23
202009,Genito Urinary System and Sex Hormones,G04,Urologicals,112437,2.25,1893979,3.6,3.6
202009,Genito Urinary System and Sex Hormones,,,,,,,
202009,Musculo-Skeletal System,M01,Antiinflammatory and Antirheumatic Products,96020,1.92,655178,1.25,1.25
202009,Musculo-Skeletal System,M02,Topical Products For Joint and Muscular Pain,70557,1.41,447824,0.85,0.85
202009,Musculo-Skeletal System,M03,Muscle Relaxants,6698,0.13,69508,0.13,0.13
202009,Musculo-Skeletal System,M04,Antigout Preparations,35315,0.71,160058,0.3,0.3
202009,Musculo-Skeletal System,M05,Drugs For Treatment Of Bone Diseases,33580,0.67,1226743,2.33,2.33
202009,Musculo-Skeletal System,M09,Other Drugs For Disorders Of The Musculo-Skeletal System,10415,0.21,119955,0.23,0.23
202009,Musculo-Skeletal System,,,,,,,
202009,Nervous System,N01,Anesthetics,2886,0.06,191650,0.36,0.36
202009,Nervous System,N02,Analgesics,296545,5.94,2467782,4.7,4.7
202009,Nervous System,N03,Antiepileptics,118081,2.37,1809415,3.44,3.44
202009,Nervous System,N04,Anti-Parkinson Drugs,20976,0.42,310765,0.59,0.59
202009,Nervous System,N05,Psycholeptics,299317,6,2536516,4.83,4.83
202009,Nervous System,N06,Psychoanaleptics,335810,6.73,2457668,4.68,4.68
202009,Nervous System,N07,Other Nervous System Drugs,33057,0.66,793986,1.51,1.51
202009,Nervous System,,,,,,,
202009,Respiratory System,R01,Nasal Preparations,51471,1.03,561088,1.07,1.07
202009,Respiratory System,R03,Drugs For Obstructive Airway Diseases,306549,6.14,6177716,11.75,11.75
202009,Respiratory System,R05,Cough and Cold Preparations,17113,0.34,99813,0.19,0.19
202009,Respiratory System,R06,Antihistamines For Systemic Use,73220,1.47,292090,0.56,0.56
202009,Respiratory System,,,,,,,
202009,Sensory Organs,S01,Ophthalmologicals,127508,2.55,1113499,2.12,2.12
202009,Sensory Organs,S02,Otologicals,2454,0.05,12719,0.02,0.02
202009,Sensory Organs,S03,Ophthalmological and Otological Preparations,4427,0.09,8226,0.02,0.02
202009,Sensory Organs,,,,,,,
202009,Systemic Hormonal Preparations Excl. Sex Hormones and Insulins,H01,Pituitary and Hypothalamic Hormones and Analogues,1100,0.02,60025,0.11,0.11
202009,Systemic Hormonal Preparations Excl. Sex Hormones and Insulins,H02,Corticosteroids For Systemic Use,54430,1.09,296973,0.57,0.57
202009,Systemic Hormonal Preparations Excl. Sex Hormones and Insulins,H03,Thyroid Therapy,163301,3.27,291045,0.55,0.55
202009,Systemic Hormonal Preparations Excl. Sex Hormones and Insulins,H04,Pancreatic Hormones,226,0,4948,0.01,0.01
202009,Systemic Hormonal Preparations Excl. Sex Hormones and Insulins,,,,,,,
202009,Various,V01,Allergens,103,0,8323,0.02,0.02
202009,Various,V03,All Other Therapeutic Products,1949,0.04,184820,0.35,0.35
202009,Various,V04,Diagnostic Agents,10837,0.22,315234,0.6,0.6
202009,Various,V06,General Nutrients,43857,0.88,3440926,6.55,6.55
202009,Various,V07,All Other Non-Therapeutic Products,,,,,6.11
202009,Various,V07 1,Ostomy Requisites,29445,0.59,1747782,3.33,3.33
202009,Various,V07 2,Urinary Requisites,12923,0.26,1096585,2.09,2.09
202009,Various,V07 3,Needles/Syringes/Lancets,8640,0.17,100578,0.19,0.19
202009,Various,V07 4,Dressings,3485,0.07,159762,0.3,0.3
202009,Various,V07 5,Miscellaneous,5546,0.11,104431,0.2,0.2
202009,Various,,,,,,,
202010,Alimentary Tract and Metabolism,A01,Stomatological Preparations,5936,0.12,18498,0.03,0.03
202010,Alimentary Tract and Metabolism,A02,Drugs For Acid Related Disorders,362722,7.16,2155872,4.07,4.07
202010,Alimentary Tract and Metabolism,A03,Drugs For Functional Gastrointestinal Disorders,32056,0.63,163704,0.31,0.31
202010,Alimentary Tract and Metabolism,A04,Antiemetics and Antinauseants,3434,0.07,265240,0.5,0.5
202010,Alimentary Tract and Metabolism,A05,Bile and Liver Therapy,2054,0.04,51165,0.1,0.1
202010,Alimentary Tract and Metabolism,A06,Laxatives,80021,1.58,925834,1.75,1.75
202010,Alimentary Tract and Metabolism,A07,Antidiarrheals Intestinal Antiinflammatory/Antiinfective Agents,22369,0.44,810957,1.53,1.53
202010,Alimentary Tract and Metabolism,A09,Digestives Incl. Enzymes,2467,0.05,152014,0.29,0.29
202010,Alimentary Tract and Metabolism,A10,Drugs Used In Diabetes,52374,1.03,1055706,1.99,1.99
202010,Alimentary Tract and Metabolism,A11,Vitamins,112749,2.22,522136,0.99,0.99
202010,Alimentary Tract and Metabolism,A12,Mineral Supplements,111915,2.21,588811,1.11,1.11
202010,Alimentary Tract and Metabolism,A14,Anabolic Agents For Systemic Use,50,0,651,0,0
202010,Alimentary Tract and Metabolism,,,,,,,
202010,Antiinfectives For Systemic Use,J01,Antibacterials For Systemic Use,155471,3.07,967944,1.83,1.83
202010,Antiinfectives For Systemic Use,J02,Antimycotics For Systemic Use,7758,0.15,73408,0.14,0.14
202010,Antiinfectives For Systemic Use,J04,Antimycobacterials,636,0.01,16019,0.03,0.03
202010,Antiinfectives For Systemic Use,J05,Antivirals For Systemic Use,5799,0.11,262259,0.5,0.5
202010,Antiinfectives For Systemic Use,,,,,,,
202010,Antineoplastic and Immunomodulating Agents,L01,Antineoplastic Agents,3502,0.07,140029,0.26,0.26
202010,Antineoplastic and Immunomodulating Agents,L02,Endocrine Therapy,10472,0.21,215425,0.41,0.41
202010,Antineoplastic and Immunomodulating Agents,L04,Immunosuppressive Agents,16915,0.33,259911,0.49,0.49
202010,Antineoplastic and Immunomodulating Agents,,,,,,,
202010,Antiparasitic Products Insecticides and Repellents,P01,Antiprotozoals,9435,0.19,41733,0.08,0.08
202010,Antiparasitic Products Insecticides and Repellents,P02,Anthelmintics,539,0.01,6274,0.01,0.01
202010,Antiparasitic Products Insecticides and Repellents,P03,Ectoparasiticides Incl. Scabicides Insecticides and Repellents,1277,0.03,18684,0.04,0.04
202010,Antiparasitic Products Insecticides and Repellents,,,,,,,
202010,Blood and Blood Forming Organs,B01,Antithrombotic Agents,265572,5.24,4703383,8.88,8.88
202010,Blood and Blood Forming Organs,B02,Antihemorrhagics,1875,0.04,22385,0.04,0.04
202010,Blood and Blood Forming Organs,B03,Antianemic Preparations,105232,2.08,187149,0.35,0.35
202010,Blood and Blood Forming Organs,B05,Blood Substitutes and Perfusion Solutions,5,0,25,0,0
202010,Blood and Blood Forming Organs,,,,,,,
202010,Cardiovascular System,C01,Cardiac Therapy,46878,0.92,807970,1.53,1.53
202010,Cardiovascular System,C02,Antihypertensives,17222,0.34,178597,0.34,0.34
202010,Cardiovascular System,C03,Diuretics,103094,2.03,311510,0.59,0.59
202010,Cardiovascular System,C04,Peripheral Vasodilators,2773,0.05,39739,0.08,0.08
202010,Cardiovascular System,C05,Vasoprotectives,7259,0.14,61729,0.12,0.12
202010,Cardiovascular System,C07,Beta Blocking Agents,166496,3.28,444966,0.84,0.84
202010,Cardiovascular System,C08,Calcium Channel Blockers,135241,2.67,436100,0.82,0.82
202010,Cardiovascular System,C09,Agents Acting On The Renin-Angiotensin System,267036,5.27,1963306,3.71,3.71
202010,Cardiovascular System,C10,Serum Lipid Reducing Agents,315524,6.22,1702153,3.21,3.21
202010,Cardiovascular System,,,,,,,
202010,Dermatologicals,D01,Antifungals For Dermatological Use,33073,0.65,189262,0.36,0.36
202010,Dermatologicals,D02,Emollients and Protectives,19943,0.39,52821,0.1,0.1
202010,Dermatologicals,D03,Preparations For Treatment Of Wounds and Ulcers,25,0,425,0,0
202010,Dermatologicals,D05,Antipsoriatics,7734,0.15,350607,0.66,0.66
202010,Dermatologicals,D06,Antibiotics and Chemotherapeutics For Dermatological Use,8637,0.17,66816,0.13,0.13
202010,Dermatologicals,D07,Corticosteroids Dermatological Preparations,42834,0.84,226768,0.43,0.43
202010,Dermatologicals,D10,Anti-Acne Preparations,7615,0.15,117717,0.22,0.22
202010,Dermatologicals,D11,Other Dermatological Preparations,2847,0.06,115986,0.22,0.22
202010,Dermatologicals,,,,,,,
202010,Genito Urinary System and Sex Hormones,G01,Gynecological Antiinfectives and Antiseptics,1144,0.02,7552,0.01,0.01
202010,Genito Urinary System and Sex Hormones,G02,Other Gynecologicals,2440,0.05,193460,0.37,0.37
202010,Genito Urinary System and Sex Hormones,G03,Sex Hormones and Modulators Of The Genital System,82605,1.63,623638,1.18,1.18
202010,Genito Urinary System and Sex Hormones,G04,Urologicals,115008,2.27,1886253,3.56,3.56
202010,Genito Urinary System and Sex Hormones,,,,,,,
202010,Musculo-Skeletal System,M01,Antiinflammatory and Antirheumatic Products,95875,1.89,652810,1.23,1.23
202010,Musculo-Skeletal System,M02,Topical Products For Joint and Muscular Pain,72435,1.43,462903,0.87,0.87
202010,Musculo-Skeletal System,M03,Muscle Relaxants,6816,0.13,69537,0.13,0.13
202010,Musculo-Skeletal System,M04,Antigout Preparations,36070,0.71,163702,0.31,0.31
202010,Musculo-Skeletal System,M05,Drugs For Treatment Of Bone Diseases,34165,0.67,1173540,2.22,2.22
202010,Musculo-Skeletal System,M09,Other Drugs For Disorders Of The Musculo-Skeletal System,10637,0.21,119814,0.23,0.23
202010,Musculo-Skeletal System,,,,,,,
202010,Nervous System,N01,Anesthetics,2940,0.06,194856,0.37,0.37
202010,Nervous System,N02,Analgesics,302925,5.98,2532422,4.78,4.78
202010,Nervous System,N03,Antiepileptics,120357,2.37,1835133,3.47,3.47
202010,Nervous System,N04,Anti-Parkinson Drugs,21091,0.42,312789,0.59,0.59
202010,Nervous System,N05,Psycholeptics,303871,5.99,2543868,4.8,4.8
202010,Nervous System,N06,Psychoanaleptics,344087,6.79,2498874,4.72,4.72
202010,Nervous System,N07,Other Nervous System Drugs,33830,0.67,824117,1.56,1.56
202010,Nervous System,,,,,,,
202010,Respiratory System,R01,Nasal Preparations,51764,1.02,561917,1.06,1.06
202010,Respiratory System,R03,Drugs For Obstructive Airway Diseases,311508,6.15,6170389,11.65,11.65
202010,Respiratory System,R05,Cough and Cold Preparations,17124,0.34,99779,0.19,0.19
202010,Respiratory System,R06,Antihistamines For Systemic Use,70801,1.4,280841,0.53,0.53
202010,Respiratory System,,,,,,,
202010,Sensory Organs,S01,Ophthalmologicals,130552,2.58,1133712,2.14,2.14
202010,Sensory Organs,S02,Otologicals,2241,0.04,11554,0.02,0.02
202010,Sensory Organs,S03,Ophthalmological and Otological Preparations,4180,0.08,7718,0.01,0.01
202010,Sensory Organs,,,,,,,
202010,Systemic Hormonal Preparations Excl. Sex Hormones and Insulins,H01,Pituitary and Hypothalamic Hormones and Analogues,1103,0.02,60245,0.11,0.11
202010,Systemic Hormonal Preparations Excl. Sex Hormones and Insulins,H02,Corticosteroids For Systemic Use,51779,1.02,288154,0.54,0.54
202010,Systemic Hormonal Preparations Excl. Sex Hormones and Insulins,H03,Thyroid Therapy,167097,3.3,300012,0.57,0.57
202010,Systemic Hormonal Preparations Excl. Sex Hormones and Insulins,H04,Pancreatic Hormones,240,0,5396,0.01,0.01
202010,Systemic Hormonal Preparations Excl. Sex Hormones and Insulins,,,,,,,
202010,Various,V01,Allergens,86,0,6907,0.01,0.01
202010,Various,V03,All Other Therapeutic Products,1971,0.04,179616,0.34,0.34
202010,Various,V04,Diagnostic Agents,10807,0.21,314228,0.59,0.59
202010,Various,V06,General Nutrients,44582,0.88,3491405,6.59,6.59
202010,Various,V07,All Other Non-Therapeutic Products,,,,,6.15
202010,Various,V07 1,Ostomy Requisites,30034,0.59,1789485,3.38,3.38
202010,Various,V07 2,Urinary Requisites,13022,0.26,1093443,2.06,2.06
202010,Various,V07 3,Needles/Syringes/Lancets,8140,0.16,95618,0.18,0.18
202010,Various,V07 4,Dressings,3159,0.06,158811,0.3,0.3
202010,Various,V07 5,Miscellaneous,5893,0.12,116736,0.22,0.22
202010,Various,,,,,,,
202011,Alimentary Tract and Metabolism,A01,Stomatological Preparations,5723,0.12,18620,0.04,0.04
202011,Alimentary Tract and Metabolism,A02,Drugs For Acid Related Disorders,357738,7.2,2132053,4.05,4.05
202011,Alimentary Tract and Metabolism,A03,Drugs For Functional Gastrointestinal Disorders,31749,0.64,163543,0.31,0.31
202011,Alimentary Tract and Metabolism,A04,Antiemetics and Antinauseants,3480,0.07,270023,0.51,0.51
202011,Alimentary Tract and Metabolism,A05,Bile and Liver Therapy,2073,0.04,50686,0.1,0.1
202011,Alimentary Tract and Metabolism,A06,Laxatives,81534,1.64,944561,1.8,1.8
202011,Alimentary Tract and Metabolism,A07,Antidiarrheals Intestinal Antiinflammatory/Antiinfective Agents,21917,0.44,803941,1.53,1.53
202011,Alimentary Tract and Metabolism,A09,Digestives Incl. Enzymes,2437,0.05,156687,0.3,0.3
202011,Alimentary Tract and Metabolism,A10,Drugs Used In Diabetes,52113,1.05,1067600,2.03,2.03
202011,Alimentary Tract and Metabolism,A11,Vitamins,113905,2.29,526031,1,1
202011,Alimentary Tract and Metabolism,A12,Mineral Supplements,109914,2.21,578674,1.1,1.1
202011,Alimentary Tract and Metabolism,A14,Anabolic Agents For Systemic Use,48,0,600,0,0
202011,Alimentary Tract and Metabolism,,,,,,,
202011,Antiinfectives For Systemic Use,J01,Antibacterials For Systemic Use,143271,2.88,911825,1.73,1.73
202011,Antiinfectives For Systemic Use,J02,Antimycotics For Systemic Use,7591,0.15,74098,0.14,0.14
202011,Antiinfectives For Systemic Use,J04,Antimycobacterials,628,0.01,15958,0.03,0.03
202011,Antiinfectives For Systemic Use,J05,Antivirals For Systemic Use,5671,0.11,254576,0.48,0.48
202011,Antiinfectives For Systemic Use,,,,,,,
202011,Antineoplastic and Immunomodulating Agents,L01,Antineoplastic Agents,3394,0.07,137938,0.26,0.26
202011,Antineoplastic and Immunomodulating Agents,L02,Endocrine Therapy,10107,0.2,207955,0.4,0.4
202011,Antineoplastic and Immunomodulating Agents,L04,Immunosuppressive Agents,16406,0.33,252688,0.48,0.48
202011,Antineoplastic and Immunomodulating Agents,,,,,,,
202011,Antiparasitic Products Insecticides and Repellents,P01,Antiprotozoals,9483,0.19,43631,0.08,0.08
202011,Antiparasitic Products Insecticides and Repellents,P02,Anthelmintics,700,0.01,9136,0.02,0.02
202011,Antiparasitic Products Insecticides and Repellents,P03,Ectoparasiticides Incl. Scabicides Insecticides and Repellents,1427,0.03,20855,0.04,0.04
202011,Antiparasitic Products Insecticides and Repellents,,,,,,,
202011,Blood and Blood Forming Organs,B01,Antithrombotic Agents,258999,5.21,4629453,8.8,8.8
202011,Blood and Blood Forming Organs,B02,Antihemorrhagics,1917,0.04,21853,0.04,0.04
202011,Blood and Blood Forming Organs,B03,Antianemic Preparations,104441,2.1,186144,0.35,0.35
202011,Blood and Blood Forming Organs,B05,Blood Substitutes and Perfusion Solutions,1,0,28,0,0
202011,Blood and Blood Forming Organs,,,,,,,
202011,Cardiovascular System,C01,Cardiac Therapy,45811,0.92,784668,1.49,1.49
202011,Cardiovascular System,C02,Antihypertensives,16927,0.34,178203,0.34,0.34
202011,Cardiovascular System,C03,Diuretics,101575,2.04,308378,0.59,0.59
202011,Cardiovascular System,C04,Peripheral Vasodilators,2838,0.06,41249,0.08,0.08
202011,Cardiovascular System,C05,Vasoprotectives,7796,0.16,66759,0.13,0.13
202011,Cardiovascular System,C07,Beta Blocking Agents,163159,3.28,434886,0.83,0.83
202011,Cardiovascular System,C08,Calcium Channel Blockers,132427,2.66,427787,0.81,0.81
202011,Cardiovascular System,C09,Agents Acting On The Renin-Angiotensin System,260474,5.24,1914747,3.64,3.64
202011,Cardiovascular System,C10,Serum Lipid Reducing Agents,308278,6.2,1668066,3.17,3.17
202011,Cardiovascular System,,,,,,,
202011,Dermatologicals,D01,Antifungals For Dermatological Use,32754,0.66,184099,0.35,0.35
202011,Dermatologicals,D02,Emollients and Protectives,20434,0.41,54096,0.1,0.1
202011,Dermatologicals,D03,Preparations For Treatment Of Wounds and Ulcers,23,0,298,0,0
202011,Dermatologicals,D04,Antipruritics Incl. Antihistamines Anesthetics Etc.,1,0,36,0,0
202011,Dermatologicals,D05,Antipsoriatics,7620,0.15,341705,0.65,0.65
202011,Dermatologicals,D06,Antibiotics and Chemotherapeutics For Dermatological Use,8509,0.17,63681,0.12,0.12
202011,Dermatologicals,D07,Corticosteroids Dermatological Preparations,42870,0.86,224457,0.43,0.43
202011,Dermatologicals,D10,Anti-Acne Preparations,7770,0.16,121743,0.23,0.23
202011,Dermatologicals,D11,Other Dermatological Preparations,2741,0.06,109983,0.21,0.21
202011,Dermatologicals,,,,,,,
202011,Genito Urinary System and Sex Hormones,G01,Gynecological Antiinfectives and Antiseptics,1245,0.03,7822,0.01,0.01
202011,Genito Urinary System and Sex Hormones,G02,Other Gynecologicals,2482,0.05,210389,0.4,0.4
202011,Genito Urinary System and Sex Hormones,G03,Sex Hormones and Modulators Of The Genital System,80706,1.62,617947,1.17,1.17
202011,Genito Urinary System and Sex Hormones,G04,Urologicals,113578,2.28,1843664,3.51,3.51
202011,Genito Urinary System and Sex Hormones,,,,,,,
202011,Musculo-Skeletal System,M01,Antiinflammatory and Antirheumatic Products,94756,1.91,639848,1.22,1.22
202011,Musculo-Skeletal System,M02,Topical Products For Joint and Muscular Pain,71906,1.45,462618,0.88,0.88
202011,Musculo-Skeletal System,M03,Muscle Relaxants,6972,0.14,69906,0.13,0.13
202011,Musculo-Skeletal System,M04,Antigout Preparations,35340,0.71,159957,0.3,0.3
202011,Musculo-Skeletal System,M05,Drugs For Treatment Of Bone Diseases,34859,0.7,1454719,2.77,2.77
202011,Musculo-Skeletal System,M09,Other Drugs For Disorders Of The Musculo-Skeletal System,10323,0.21,120110,0.23,0.23
202011,Musculo-Skeletal System,,,,,,,
202011,Nervous System,N01,Anesthetics,2987,0.06,193938,0.37,0.37
202011,Nervous System,N02,Analgesics,295868,5.95,2458636,4.67,4.67
202011,Nervous System,N03,Antiepileptics,118619,2.39,1829616,3.48,3.48
202011,Nervous System,N04,Anti-Parkinson Drugs,21176,0.43,315487,0.6,0.6
202011,Nervous System,N05,Psycholeptics,299228,6.02,2569007,4.88,4.88
202011,Nervous System,N06,Psychoanaleptics,339857,6.84,2462162,4.68,4.68
202011,Nervous System,N07,Other Nervous System Drugs,32961,0.66,783462,1.49,1.49
202011,Nervous System,,,,,,,
202011,Respiratory System,R01,Nasal Preparations,49712,1,540024,1.03,1.03
202011,Respiratory System,R03,Drugs For Obstructive Airway Diseases,298595,6.01,5994221,11.4,11.4
202011,Respiratory System,R05,Cough and Cold Preparations,15489,0.31,94601,0.18,0.18
202011,Respiratory System,R06,Antihistamines For Systemic Use,68339,1.37,271400,0.52,0.52
202011,Respiratory System,,,,,,,
202011,Sensory Organs,S01,Ophthalmologicals,128960,2.59,1121564,2.13,2.13
202011,Sensory Organs,S02,Otologicals,2369,0.05,12270,0.02,0.02
202011,Sensory Organs,S03,Ophthalmological and Otological Preparations,4172,0.08,7673,0.01,0.01
202011,Sensory Organs,,,,,,,
202011,Systemic Hormonal Preparations Excl. Sex Hormones and Insulins,H01,Pituitary and Hypothalamic Hormones and Analogues,1058,0.02,59215,0.11,0.11
202011,Systemic Hormonal Preparations Excl. Sex Hormones and Insulins,H02,Corticosteroids For Systemic Use,48602,0.98,272495,0.52,0.52
202011,Systemic Hormonal Preparations Excl. Sex Hormones and Insulins,H03,Thyroid Therapy,163176,3.28,293198,0.56,0.56
202011,Systemic Hormonal Preparations Excl. Sex Hormones and Insulins,H04,Pancreatic Hormones,240,0,5177,0.01,0.01
202011,Systemic Hormonal Preparations Excl. Sex Hormones and Insulins,,,,,,,
202011,Various,V01,Allergens,103,0,8448,0.02,0.02
202011,Various,V03,All Other Therapeutic Products,1964,0.04,178889,0.34,0.34
202011,Various,V04,Diagnostic Agents,10894,0.22,316087,0.6,0.6
202011,Various,V06,General Nutrients,45068,0.91,3537494,6.73,6.73
202011,Various,V07,All Other Non-Therapeutic Products,,,,,6.23
202011,Various,V07 1,Ostomy Requisites,30235,0.61,1767845,3.36,3.36
202011,Various,V07 2,Urinary Requisites,13202,0.27,1110653,2.11,2.11
202011,Various,V07 3,Needles/Syringes/Lancets,7943,0.16,97519,0.19,0.19
202011,Various,V07 4,Dressings,3996,0.08,207342,0.39,0.39
202011,Various,V07 5,Miscellaneous,5564,0.11,93058,0.18,0.18
202011,Various,,,,,,,
202012,Alimentary Tract and Metabolism,A01,Stomatological Preparations,5886,0.11,18941,0.03,0.03
202012,Alimentary Tract and Metabolism,A02,Drugs For Acid Related Disorders,378909,7.24,2265231,4.13,4.13
202012,Alimentary Tract and Metabolism,A03,Drugs For Functional Gastrointestinal Disorders,33262,0.64,173109,0.32,0.32
202012,Alimentary Tract and Metabolism,A04,Antiemetics and Antinauseants,3444,0.07,274381,0.5,0.5
202012,Alimentary Tract and Metabolism,A05,Bile and Liver Therapy,2213,0.04,53912,0.1,0.1
202012,Alimentary Tract and Metabolism,A06,Laxatives,83473,1.6,972038,1.77,1.77
202012,Alimentary Tract and Metabolism,A07,Antidiarrheals Intestinal Antiinflammatory/Antiinfective Agents,23152,0.44,838227,1.53,1.53
202012,Alimentary Tract and Metabolism,A09,Digestives Incl. Enzymes,2562,0.05,163979,0.3,0.3
202012,Alimentary Tract and Metabolism,A10,Drugs Used In Diabetes,54775,1.05,1117003,2.04,2.04
202012,Alimentary Tract and Metabolism,A11,Vitamins,121634,2.32,561536,1.02,1.02
202012,Alimentary Tract and Metabolism,A12,Mineral Supplements,116161,2.22,610779,1.11,1.11
202012,Alimentary Tract and Metabolism,A14,Anabolic Agents For Systemic Use,52,0,664,0,0
202012,Alimentary Tract and Metabolism,,,,,,,
202012,Antiinfectives For Systemic Use,J01,Antibacterials For Systemic Use,159766,3.05,981980,1.79,1.79
202012,Antiinfectives For Systemic Use,J02,Antimycotics For Systemic Use,7903,0.15,78367,0.14,0.14
202012,Antiinfectives For Systemic Use,J04,Antimycobacterials,642,0.01,16979,0.03,0.03
202012,Antiinfectives For Systemic Use,J05,Antivirals For Systemic Use,5975,0.11,266138,0.49,0.49
202012,Antiinfectives For Systemic Use,,,,,,,
202012,Antineoplastic and Immunomodulating Agents,L01,Antineoplastic Agents,3442,0.07,137479,0.25,0.25
202012,Antineoplastic and Immunomodulating Agents,L02,Endocrine Therapy,10638,0.2,220022,0.4,0.4
202012,Antineoplastic and Immunomodulating Agents,L04,Immunosuppressive Agents,17631,0.34,270920,0.49,0.49
202012,Antineoplastic and Immunomodulating Agents,,,,,,,
202012,Antiparasitic Products Insecticides and Repellents,P01,Antiprotozoals,9954,0.19,47878,0.09,0.09
202012,Antiparasitic Products Insecticides and Repellents,P02,Anthelmintics,561,0.01,7832,0.01,0.01
202012,Antiparasitic Products Insecticides and Repellents,P03,Ectoparasiticides Incl. Scabicides Insecticides and Repellents,1281,0.02,19938,0.04,0.04
202012,Antiparasitic Products Insecticides and Repellents,,,,,,,
202012,Blood and Blood Forming Organs,B01,Antithrombotic Agents,273383,5.22,4909914,8.96,8.96
202012,Blood and Blood Forming Organs,B02,Antihemorrhagics,1942,0.04,22818,0.04,0.04
202012,Blood and Blood Forming Organs,B03,Antianemic Preparations,108335,2.07,183697,0.34,0.34
202012,Blood and Blood Forming Organs,B05,Blood Substitutes and Perfusion Solutions,4,0,201,0,0
202012,Blood and Blood Forming Organs,,,,,,,
202012,Cardiovascular System,C01,Cardiac Therapy,48160,0.92,826163,1.51,1.51
202012,Cardiovascular System,C02,Antihypertensives,18165,0.35,192938,0.35,0.35
202012,Cardiovascular System,C03,Diuretics,106037,2.03,321094,0.59,0.59
202012,Cardiovascular System,C04,Peripheral Vasodilators,2935,0.06,41910,0.08,0.08
202012,Cardiovascular System,C05,Vasoprotectives,8570,0.16,61839,0.11,0.11
202012,Cardiovascular System,C07,Beta Blocking Agents,172800,3.3,458733,0.84,0.84
202012,Cardiovascular System,C08,Calcium Channel Blockers,141298,2.7,456334,0.83,0.83
202012,Cardiovascular System,C09,Agents Acting On The Renin-Angiotensin System,277141,5.3,2042400,3.73,3.73
202012,Cardiovascular System,C10,Serum Lipid Reducing Agents,327980,6.27,1772714,3.23,3.23
202012,Cardiovascular System,,,,,,,
202012,Dermatologicals,D01,Antifungals For Dermatological Use,32163,0.61,181130,0.33,0.33
202012,Dermatologicals,D02,Emollients and Protectives,20768,0.4,54767,0.1,0.1
202012,Dermatologicals,D03,Preparations For Treatment Of Wounds and Ulcers,35,0,407,0,0
202012,Dermatologicals,D05,Antipsoriatics,7543,0.14,337671,0.62,0.62
202012,Dermatologicals,D06,Antibiotics and Chemotherapeutics For Dermatological Use,8595,0.16,64062,0.12,0.12
202012,Dermatologicals,D07,Corticosteroids Dermatological Preparations,42624,0.81,222787,0.41,0.41
202012,Dermatologicals,D10,Anti-Acne Preparations,7586,0.14,121140,0.22,0.22
202012,Dermatologicals,D11,Other Dermatological Preparations,2698,0.05,107352,0.2,0.2
202012,Dermatologicals,,,,,,,
202012,Genito Urinary System and Sex Hormones,G01,Gynecological Antiinfectives and Antiseptics,1134,0.02,7123,0.01,0.01
202012,Genito Urinary System and Sex Hormones,G02,Other Gynecologicals,2048,0.04,149224,0.27,0.27
202012,Genito Urinary System and Sex Hormones,G03,Sex Hormones and Modulators Of The Genital System,84730,1.62,609012,1.11,1.11
202012,Genito Urinary System and Sex Hormones,G04,Urologicals,119459,2.28,1950693,3.56,3.56
202012,Genito Urinary System and Sex Hormones,,,,,,,
202012,Musculo-Skeletal System,M01,Antiinflammatory and Antirheumatic Products,95692,1.83,655968,1.2,1.2
202012,Musculo-Skeletal System,M02,Topical Products For Joint and Muscular Pain,73706,1.41,473598,0.86,0.86
202012,Musculo-Skeletal System,M03,Muscle Relaxants,7142,0.14,71808,0.13,0.13
202012,Musculo-Skeletal System,M04,Antigout Preparations,37390,0.71,169147,0.31,0.31
202012,Musculo-Skeletal System,M05,Drugs For Treatment Of Bone Diseases,36071,0.69,1431563,2.61,2.61
202012,Musculo-Skeletal System,M09,Other Drugs For Disorders Of The Musculo-Skeletal System,10923,0.21,121960,0.22,0.22
202012,Musculo-Skeletal System,,,,,,,
202012,Nervous System,N01,Anesthetics,3061,0.06,199420,0.36,0.36
202012,Nervous System,N02,Analgesics,311022,5.94,2605984,4.76,4.76
202012,Nervous System,N03,Antiepileptics,124375,2.38,1915249,3.5,3.5
202012,Nervous System,N04,Anti-Parkinson Drugs,21710,0.41,319928,0.58,0.58
202012,Nervous System,N05,Psycholeptics,314035,6,2630488,4.8,4.8
202012,Nervous System,N06,Psychoanaleptics,356159,6.81,2576631,4.7,4.7
202012,Nervous System,N07,Other Nervous System Drugs,33474,0.64,790235,1.44,1.44
202012,Nervous System,,,,,,,
202012,Respiratory System,R01,Nasal Preparations,52091,1,566652,1.03,1.03
202012,Respiratory System,R03,Drugs For Obstructive Airway Diseases,319224,6.1,6365753,11.62,11.62
202012,Respiratory System,R05,Cough and Cold Preparations,17065,0.33,103463,0.19,0.19
202012,Respiratory System,R06,Antihistamines For Systemic Use,70174,1.34,281457,0.51,0.51
202012,Respiratory System,,,,,,,
202012,Sensory Organs,S01,Ophthalmologicals,133967,2.56,1171912,2.14,2.14
202012,Sensory Organs,S02,Otologicals,2166,0.04,11237,0.02,0.02
202012,Sensory Organs,S03,Ophthalmological and Otological Preparations,4031,0.08,7441,0.01,0.01
202012,Sensory Organs,,,,,,,
202012,Systemic Hormonal Preparations Excl. Sex Hormones and Insulins,H01,Pituitary and Hypothalamic Hormones and Analogues,1130,0.02,61385,0.11,0.11
202012,Systemic Hormonal Preparations Excl. Sex Hormones and Insulins,H02,Corticosteroids For Systemic Use,54954,1.05,306355,0.56,0.56
202012,Systemic Hormonal Preparations Excl. Sex Hormones and Insulins,H03,Thyroid Therapy,173348,3.31,309395,0.56,0.56
202012,Systemic Hormonal Preparations Excl. Sex Hormones and Insulins,H04,Pancreatic Hormones,256,0,5465,0.01,0.01
202012,Systemic Hormonal Preparations Excl. Sex Hormones and Insulins,,,,,,,
202012,Various,V01,Allergens,93,0,7546,0.01,0.01
202012,Various,V03,All Other Therapeutic Products,2045,0.04,186292,0.34,0.34
202012,Various,V04,Diagnostic Agents,11083,0.21,321396,0.59,0.59
202012,Various,V06,General Nutrients,45042,0.86,3544804,6.47,6.47
202012,Various,V07,All Other Non-Therapeutic Products,,,,,6.19
202012,Various,V07 1,Ostomy Requisites,31392,0.6,1870263,3.41,3.41
202012,Various,V07 2,Urinary Requisites,13478,0.26,1134308,2.07,2.07
202012,Various,V07 3,Needles/Syringes/Lancets,8159,0.16,101783,0.19,0.19
202012,Various,V07 4,Dressings,3468,0.07,177104,0.32,0.32
202012,Various,V07 5,Miscellaneous,6015,0.11,110070,0.2,0.2
202012,Various,,,,,,,
202101,Alimentary Tract and Metabolism,A01,Stomatological Preparations,5363,0.11,17099,0.03,0.03
202101,Alimentary Tract and Metabolism,A02,Drugs For Acid Related Disorders,359687,7.23,2152451,4.12,4.12
202101,Alimentary Tract and Metabolism,A03,Drugs For Functional Gastrointestinal Disorders,31495,0.63,159565,0.31,0.31
202101,Alimentary Tract and Metabolism,A04,Antiemetics and Antinauseants,3238,0.07,256140,0.49,0.49
202101,Alimentary Tract and Metabolism,A05,Bile and Liver Therapy,2094,0.04,51116,0.1,0.1
202101,Alimentary Tract and Metabolism,A06,Laxatives,79923,1.61,928231,1.78,1.78
202101,Alimentary Tract and Metabolism,A07,Antidiarrheals Intestinal Antiinflammatory/Antiinfective Agents,22273,0.45,807788,1.55,1.55
202101,Alimentary Tract and Metabolism,A09,Digestives Incl. Enzymes,2475,0.05,155841,0.3,0.3
202101,Alimentary Tract and Metabolism,A10,Drugs Used In Diabetes,52754,1.06,1083915,2.08,2.08
202101,Alimentary Tract and Metabolism,A11,Vitamins,120066,2.41,551891,1.06,1.06
202101,Alimentary Tract and Metabolism,A12,Mineral Supplements,111132,2.24,585925,1.12,1.12
202101,Alimentary Tract and Metabolism,A14,Anabolic Agents For Systemic Use,55,0,651,0,0
202101,Alimentary Tract and Metabolism,,,,,,,
202101,Antiinfectives For Systemic Use,J01,Antibacterials For Systemic Use,147295,2.96,921253,1.76,1.76
202101,Antiinfectives For Systemic Use,J02,Antimycotics For Systemic Use,7052,0.14,67387,0.13,0.13
202101,Antiinfectives For Systemic Use,J04,Antimycobacterials,604,0.01,15402,0.03,0.03
202101,Antiinfectives For Systemic Use,J05,Antivirals For Systemic Use,5570,0.11,251907,0.48,0.48
202101,Antiinfectives For Systemic Use,,,,,,,
202101,Antineoplastic and Immunomodulating Agents,L01,Antineoplastic Agents,3051,0.06,125497,0.24,0.24
202101,Antineoplastic and Immunomodulating Agents,L02,Endocrine Therapy,10147,0.2,210962,0.4,0.4
202101,Antineoplastic and Immunomodulating Agents,L04,Immunosuppressive Agents,16651,0.33,257915,0.49,0.49
202101,Antineoplastic and Immunomodulating Agents,,,,,,,
202101,Antiparasitic Products Insecticides and Repellents,P01,Antiprotozoals,9113,0.18,43553,0.08,0.08
202101,Antiparasitic Products Insecticides and Repellents,P02,Anthelmintics,479,0.01,7846,0.02,0.02
202101,Antiparasitic Products Insecticides and Repellents,P03,Ectoparasiticides Incl. Scabicides Insecticides and Repellents,1350,0.03,20894,0.04,0.04
202101,Antiparasitic Products Insecticides and Repellents,,,,,,,
202101,Blood and Blood Forming Organs,B01,Antithrombotic Agents,259840,5.23,4708931,9.02,9.02
202101,Blood and Blood Forming Organs,B02,Antihemorrhagics,1775,0.04,20308,0.04,0.04
202101,Blood and Blood Forming Organs,B03,Antianemic Preparations,102176,2.05,168191,0.32,0.32
202101,Blood and Blood Forming Organs,B05,Blood Substitutes and Perfusion Solutions,1,0,168,0,0
202101,Blood and Blood Forming Organs,,,,,,,
202101,Cardiovascular System,C01,Cardiac Therapy,45920,0.92,785553,1.5,1.5
202101,Cardiovascular System,C02,Antihypertensives,16974,0.34,176560,0.34,0.34
202101,Cardiovascular System,C03,Diuretics,101712,2.05,312625,0.6,0.6
202101,Cardiovascular System,C04,Peripheral Vasodilators,2815,0.06,39758,0.08,0.08
202101,Cardiovascular System,C05,Vasoprotectives,9467,0.19,64765,0.12,0.12
202101,Cardiovascular System,C07,Beta Blocking Agents,164323,3.3,436752,0.84,0.84
202101,Cardiovascular System,C08,Calcium Channel Blockers,133804,2.69,432573,0.83,0.83
202101,Cardiovascular System,C09,Agents Acting On The Renin-Angiotensin System,262869,5.29,1955622,3.74,3.74
202101,Cardiovascular System,C10,Serum Lipid Reducing Agents,311874,6.27,1688499,3.23,3.23
202101,Cardiovascular System,,,,,,,
202101,Dermatologicals,D01,Antifungals For Dermatological Use,30056,0.6,169014,0.32,0.32
202101,Dermatologicals,D02,Emollients and Protectives,19650,0.4,51858,0.1,0.1
202101,Dermatologicals,D03,Preparations For Treatment Of Wounds and Ulcers,34,0,398,0,0
202101,Dermatologicals,D05,Antipsoriatics,7387,0.15,331671,0.64,0.64
202101,Dermatologicals,D06,Antibiotics and Chemotherapeutics For Dermatological Use,7649,0.15,58226,0.11,0.11
202101,Dermatologicals,D07,Corticosteroids Dermatological Preparations,39821,0.8,209603,0.4,0.4
202101,Dermatologicals,D10,Anti-Acne Preparations,7371,0.15,117623,0.23,0.23
202101,Dermatologicals,D11,Other Dermatological Preparations,2431,0.05,97281,0.19,0.19
202101,Dermatologicals,,,,,,,
202101,Genito Urinary System and Sex Hormones,G01,Gynecological Antiinfectives and Antiseptics,1142,0.02,6971,0.01,0.01
202101,Genito Urinary System and Sex Hormones,G02,Other Gynecologicals,1823,0.04,129027,0.25,0.25
202101,Genito Urinary System and Sex Hormones,G03,Sex Hormones and Modulators Of The Genital System,79930,1.61,588002,1.13,1.13
202101,Genito Urinary System and Sex Hormones,G04,Urologicals,113797,2.29,1855758,3.55,3.55
202101,Genito Urinary System and Sex Hormones,,,,,,,
202101,Musculo-Skeletal System,M01,Antiinflammatory and Antirheumatic Products,90487,1.82,619747,1.19,1.19
202101,Musculo-Skeletal System,M02,Topical Products For Joint and Muscular Pain,68899,1.39,445012,0.85,0.85
202101,Musculo-Skeletal System,M03,Muscle Relaxants,6929,0.14,70436,0.13,0.13
202101,Musculo-Skeletal System,M04,Antigout Preparations,35457,0.71,159511,0.31,0.31
202101,Musculo-Skeletal System,M05,Drugs For Treatment Of Bone Diseases,33637,0.68,1229434,2.35,2.35
202101,Musculo-Skeletal System,M09,Other Drugs For Disorders Of The Musculo-Skeletal System,10280,0.21,110274,0.21,0.21
202101,Musculo-Skeletal System,,,,,,,
202101,Nervous System,N01,Anesthetics,2884,0.06,189671,0.36,0.36
202101,Nervous System,N02,Analgesics,294480,5.92,2429764,4.65,4.65
202101,Nervous System,N03,Antiepileptics,118350,2.38,1839455,3.52,3.52
202101,Nervous System,N04,Anti-Parkinson Drugs,20965,0.42,309360,0.59,0.59
202101,Nervous System,N05,Psycholeptics,301065,6.06,2574810,4.93,4.93
202101,Nervous System,N06,Psychoanaleptics,339996,6.84,2467624,4.73,4.73
202101,Nervous System,N07,Other Nervous System Drugs,32857,0.66,801405,1.53,1.53
202101,Nervous System,,,,,,,
202101,Respiratory System,R01,Nasal Preparations,48863,0.98,533330,1.02,1.02
202101,Respiratory System,R03,Drugs For Obstructive Airway Diseases,301762,6.07,6058060,11.6,11.6
202101,Respiratory System,R05,Cough and Cold Preparations,17336,0.35,103695,0.2,0.2
202101,Respiratory System,R06,Antihistamines For Systemic Use,67403,1.36,267369,0.51,0.51
202101,Respiratory System,,,,,,,
202101,Sensory Organs,S01,Ophthalmologicals,124052,2.49,1097363,2.1,2.1
202101,Sensory Organs,S02,Otologicals,1948,0.04,10107,0.02,0.02
202101,Sensory Organs,S03,Ophthalmological and Otological Preparations,3530,0.07,6709,0.01,0.01
202101,Sensory Organs,,,,,,,
202101,Systemic Hormonal Preparations Excl. Sex Hormones and Insulins,H01,Pituitary and Hypothalamic Hormones and Analogues,1019,0.02,56053,0.11,0.11
202101,Systemic Hormonal Preparations Excl. Sex Hormones and Insulins,H02,Corticosteroids For Systemic Use,52167,1.05,282878,0.54,0.54
202101,Systemic Hormonal Preparations Excl. Sex Hormones and Insulins,H03,Thyroid Therapy,164446,3.31,294519,0.56,0.56
202101,Systemic Hormonal Preparations Excl. Sex Hormones and Insulins,H04,Pancreatic Hormones,255,0.01,5678,0.01,0.01
202101,Systemic Hormonal Preparations Excl. Sex Hormones and Insulins,,,,,,,
202101,Various,V01,Allergens,107,0,8598,0.02,0.02
202101,Various,V03,All Other Therapeutic Products,1949,0.04,179613,0.34,0.34
202101,Various,V04,Diagnostic Agents,10990,0.22,311757,0.6,0.6
202101,Various,V06,General Nutrients,44121,0.89,3464988,6.64,6.64
202101,Various,V07,All Other Non-Therapeutic Products,,,,,6.16
202101,Various,V07 1,Ostomy Requisites,29407,0.59,1731158,3.32,3.32
202101,Various,V07 2,Urinary Requisites,13199,0.27,1115441,2.14,2.14
202101,Various,V07 3,Needles/Syringes/Lancets,7646,0.15,91797,0.18,0.18
202101,Various,V07 4,Dressings,3195,0.06,168102,0.32,0.32
202101,Various,V07 5,Miscellaneous,5897,0.12,108556,0.21,0.21
202101,Various,,,,,,,
202102,Alimentary Tract and Metabolism,A01,Stomatological Preparations,5340,0.11,16986,0.03,0.03
202102,Alimentary Tract and Metabolism,A02,Drugs For Acid Related Disorders,340696,7.25,2038810,4.12,4.12
202102,Alimentary Tract and Metabolism,A03,Drugs For Functional Gastrointestinal Disorders,29423,0.63,158268,0.32,0.32
202102,Alimentary Tract and Metabolism,A04,Antiemetics and Antinauseants,2983,0.06,228941,0.46,0.46
202102,Alimentary Tract and Metabolism,A05,Bile and Liver Therapy,1986,0.04,49042,0.1,0.1
202102,Alimentary Tract and Metabolism,A06,Laxatives,76486,1.63,882964,1.78,1.78
202102,Alimentary Tract and Metabolism,A07,Antidiarrheals Intestinal Antiinflammatory/Antiinfective Agents,20570,0.44,760405,1.54,1.54
202102,Alimentary Tract and Metabolism,A09,Digestives Incl. Enzymes,2374,0.05,149925,0.3,0.3
202102,Alimentary Tract and Metabolism,A10,Drugs Used In Diabetes,50373,1.07,1039814,2.1,2.1
202102,Alimentary Tract and Metabolism,A11,Vitamins,118037,2.51,546520,1.1,1.1
202102,Alimentary Tract and Metabolism,A12,Mineral Supplements,105440,2.24,554819,1.12,1.12
202102,Alimentary Tract and Metabolism,A14,Anabolic Agents For Systemic Use,49,0,668,0,0
202102,Alimentary Tract and Metabolism,,,,,,,
202102,Antiinfectives For Systemic Use,J01,Antibacterials For Systemic Use,126670,2.7,819901,1.66,1.66
202102,Antiinfectives For Systemic Use,J02,Antimycotics For Systemic Use,6667,0.14,64382,0.13,0.13
202102,Antiinfectives For Systemic Use,J04,Antimycobacterials,573,0.01,15481,0.03,0.03
202102,Antiinfectives For Systemic Use,J05,Antivirals For Systemic Use,5294,0.11,238437,0.48,0.48
202102,Antiinfectives For Systemic Use,,,,,,,
202102,Antineoplastic and Immunomodulating Agents,L01,Antineoplastic Agents,3077,0.07,120151,0.24,0.24
202102,Antineoplastic and Immunomodulating Agents,L02,Endocrine Therapy,9542,0.2,197614,0.4,0.4
202102,Antineoplastic and Immunomodulating Agents,L04,Immunosuppressive Agents,15776,0.34,243114,0.49,0.49
202102,Antineoplastic and Immunomodulating Agents,,,,,,,
202102,Antiparasitic Products Insecticides and Repellents,P01,Antiprotozoals,8841,0.19,40153,0.08,0.08
202102,Antiparasitic Products Insecticides and Repellents,P02,Anthelmintics,501,0.01,6695,0.01,0.01
202102,Antiparasitic Products Insecticides and Repellents,P03,Ectoparasiticides Incl. Scabicides Insecticides and Repellents,1237,0.03,19102,0.04,0.04
202102,Antiparasitic Products Insecticides and Repellents,,,,,,,
202102,Blood and Blood Forming Organs,B01,Antithrombotic Agents,244632,5.2,4469677,9.03,9.03
202102,Blood and Blood Forming Organs,B02,Antihemorrhagics,1807,0.04,21313,0.04,0.04
202102,Blood and Blood Forming Organs,B03,Antianemic Preparations,97263,2.07,168938,0.34,0.34
202102,Blood and Blood Forming Organs,B05,Blood Substitutes and Perfusion Solutions,1,0,1,0,0
202102,Blood and Blood Forming Organs,,,,,,,
202102,Cardiovascular System,C01,Cardiac Therapy,43178,0.92,736371,1.49,1.49
202102,Cardiovascular System,C02,Antihypertensives,16198,0.34,172225,0.35,0.35
202102,Cardiovascular System,C03,Diuretics,96033,2.04,292000,0.59,0.59
202102,Cardiovascular System,C04,Peripheral Vasodilators,2636,0.06,37051,0.07,0.07
202102,Cardiovascular System,C05,Vasoprotectives,9358,0.2,68672,0.14,0.14
202102,Cardiovascular System,C07,Beta Blocking Agents,155022,3.3,412218,0.83,0.83
202102,Cardiovascular System,C08,Calcium Channel Blockers,126778,2.7,410696,0.83,0.83
202102,Cardiovascular System,C09,Agents Acting On The Renin-Angiotensin System,249095,5.3,1860023,3.76,3.76
202102,Cardiovascular System,C10,Serum Lipid Reducing Agents,295119,6.28,1602044,3.24,3.24
202102,Cardiovascular System,,,,,,,
202102,Dermatologicals,D01,Antifungals For Dermatological Use,30355,0.65,169448,0.34,0.34
202102,Dermatologicals,D02,Emollients and Protectives,19477,0.41,51546,0.1,0.1
202102,Dermatologicals,D03,Preparations For Treatment Of Wounds and Ulcers,28,0,289,0,0
202102,Dermatologicals,D04,Antipruritics Incl. Antihistamines Anesthetics Etc.,2,0,72,0,0
202102,Dermatologicals,D05,Antipsoriatics,7124,0.15,318301,0.64,0.64
202102,Dermatologicals,D06,Antibiotics and Chemotherapeutics For Dermatological Use,7910,0.17,60361,0.12,0.12
202102,Dermatologicals,D07,Corticosteroids Dermatological Preparations,39927,0.85,208761,0.42,0.42
202102,Dermatologicals,D10,Anti-Acne Preparations,7591,0.16,120889,0.24,0.24
202102,Dermatologicals,D11,Other Dermatological Preparations,2533,0.05,101115,0.2,0.2
202102,Dermatologicals,,,,,,,
202102,Genito Urinary System and Sex Hormones,G01,Gynecological Antiinfectives and Antiseptics,1130,0.02,7171,0.01,0.01
202102,Genito Urinary System and Sex Hormones,G02,Other Gynecologicals,2062,0.04,159686,0.32,0.32
202102,Genito Urinary System and Sex Hormones,G03,Sex Hormones and Modulators Of The Genital System,76023,1.62,575912,1.16,1.16
202102,Genito Urinary System and Sex Hormones,G04,Urologicals,108251,2.3,1752205,3.54,3.54
202102,Genito Urinary System and Sex Hormones,,,,,,,
202102,Musculo-Skeletal System,M01,Antiinflammatory and Antirheumatic Products,87096,1.85,593510,1.2,1.2
202102,Musculo-Skeletal System,M02,Topical Products For Joint and Muscular Pain,67289,1.43,433177,0.87,0.87
202102,Musculo-Skeletal System,M03,Muscle Relaxants,6561,0.14,66494,0.13,0.13
202102,Musculo-Skeletal System,M04,Antigout Preparations,33747,0.72,151395,0.31,0.31
202102,Musculo-Skeletal System,M05,Drugs For Treatment Of Bone Diseases,32454,0.69,1311188,2.65,2.65
202102,Musculo-Skeletal System,M09,Other Drugs For Disorders Of The Musculo-Skeletal System,9524,0.2,106458,0.21,0.21
202102,Musculo-Skeletal System,,,,,,,
202102,Nervous System,N01,Anesthetics,2732,0.06,176973,0.36,0.36
202102,Nervous System,N02,Analgesics,277394,5.9,2335696,4.72,4.72
202102,Nervous System,N03,Antiepileptics,112268,2.39,1736482,3.51,3.51
202102,Nervous System,N04,Anti-Parkinson Drugs,19518,0.42,268015,0.54,0.54
202102,Nervous System,N05,Psycholeptics,284402,6.05,2407750,4.86,4.86
202102,Nervous System,N06,Psychoanaleptics,322706,6.87,2337436,4.72,4.72
202102,Nervous System,N07,Other Nervous System Drugs,31598,0.67,767762,1.55,1.55
202102,Nervous System,,,,,,,
202102,Respiratory System,R01,Nasal Preparations,46679,0.99,508815,1.03,1.03
202102,Respiratory System,R03,Drugs For Obstructive Airway Diseases,279125,5.94,5663998,11.44,11.44
202102,Respiratory System,R05,Cough and Cold Preparations,14246,0.3,89187,0.18,0.18
202102,Respiratory System,R06,Antihistamines For Systemic Use,64148,1.36,252745,0.51,0.51
202102,Respiratory System,,,,,,,
202102,Sensory Organs,S01,Ophthalmologicals,119386,2.54,1049718,2.12,2.12
202102,Sensory Organs,S02,Otologicals,1912,0.04,9998,0.02,0.02
202102,Sensory Organs,S03,Ophthalmological and Otological Preparations,3635,0.08,7625,0.02,0.02
202102,Sensory Organs,,,,,,,
202102,Systemic Hormonal Preparations Excl. Sex Hormones and Insulins,H01,Pituitary and Hypothalamic Hormones and Analogues,970,0.02,53869,0.11,0.11
202102,Systemic Hormonal Preparations Excl. Sex Hormones and Insulins,H02,Corticosteroids For Systemic Use,44633,0.95,254612,0.51,0.51
202102,Systemic Hormonal Preparations Excl. Sex Hormones and Insulins,H03,Thyroid Therapy,155972,3.32,277665,0.56,0.56
202102,Systemic Hormonal Preparations Excl. Sex Hormones and Insulins,H04,Pancreatic Hormones,233,0,5263,0.01,0.01
202102,Systemic Hormonal Preparations Excl. Sex Hormones and Insulins,,,,,,,
202102,Various,V01,Allergens,127,0,10856,0.02,0.02
202102,Various,V03,All Other Therapeutic Products,1834,0.04,170239,0.34,0.34
202102,Various,V04,Diagnostic Agents,10646,0.23,252281,0.51,0.51
202102,Various,V06,General Nutrients,41776,0.89,3254902,6.57,6.57
202102,Various,V07,All Other Non-Therapeutic Products,,,,,6.05
202102,Various,V07 1,Ostomy Requisites,27952,0.59,1643582,3.32,3.32
202102,Various,V07 2,Urinary Requisites,12072,0.26,1005804,2.03,2.03
202102,Various,V07 3,Needles/Syringes/Lancets,7167,0.15,89001,0.18,0.18
202102,Various,V07 4,Dressings,3447,0.07,165203,0.33,0.33
202102,Various,V07 5,Miscellaneous,5320,0.11,91287,0.18,0.18
202102,Various,,,,,,,
202103,Alimentary Tract and Metabolism,A01,Stomatological Preparations,5814,0.11,18778,0.03,0.03
202103,Alimentary Tract and Metabolism,A02,Drugs For Acid Related Disorders,375745,7.22,2239021,4.1,4.1
202103,Alimentary Tract and Metabolism,A03,Drugs For Functional Gastrointestinal Disorders,32642,0.63,165709,0.3,0.3
202103,Alimentary Tract and Metabolism,A04,Antiemetics and Antinauseants,3397,0.07,261996,0.48,0.48
202103,Alimentary Tract and Metabolism,A05,Bile and Liver Therapy,2208,0.04,53986,0.1,0.1
202103,Alimentary Tract and Metabolism,A06,Laxatives,84507,1.62,975532,1.79,1.79
202103,Alimentary Tract and Metabolism,A07,Antidiarrheals Intestinal Antiinflammatory/Antiinfective Agents,22705,0.44,851256,1.56,1.56
202103,Alimentary Tract and Metabolism,A09,Digestives Incl. Enzymes,2550,0.05,157999,0.29,0.29
202103,Alimentary Tract and Metabolism,A10,Drugs Used In Diabetes,56259,1.08,1160466,2.13,2.13
202103,Alimentary Tract and Metabolism,A11,Vitamins,132877,2.55,619091,1.13,1.13
202103,Alimentary Tract and Metabolism,A12,Mineral Supplements,116260,2.23,612228,1.12,1.12
202103,Alimentary Tract and Metabolism,A14,Anabolic Agents For Systemic Use,50,0,604,0,0
202103,Alimentary Tract and Metabolism,,,,,,,
202103,Antiinfectives For Systemic Use,J01,Antibacterials For Systemic Use,141400,2.72,908432,1.66,1.66
202103,Antiinfectives For Systemic Use,J02,Antimycotics For Systemic Use,7682,0.15,77250,0.14,0.14
202103,Antiinfectives For Systemic Use,J04,Antimycobacterials,615,0.01,16148,0.03,0.03
202103,Antiinfectives For Systemic Use,J05,Antivirals For Systemic Use,5919,0.11,267575,0.49,0.49
202103,Antiinfectives For Systemic Use,,,,,,,
202103,Antineoplastic and Immunomodulating Agents,L01,Antineoplastic Agents,3477,0.07,137337,0.25,0.25
202103,Antineoplastic and Immunomodulating Agents,L02,Endocrine Therapy,10666,0.2,220413,0.4,0.4
202103,Antineoplastic and Immunomodulating Agents,L04,Immunosuppressive Agents,17471,0.34,269560,0.49,0.49
202103,Antineoplastic and Immunomodulating Agents,,,,,,,
202103,Antiparasitic Products Insecticides and Repellents,P01,Antiprotozoals,9845,0.19,44235,0.08,0.08
202103,Antiparasitic Products Insecticides and Repellents,P02,Anthelmintics,526,0.01,6175,0.01,0.01
202103,Antiparasitic Products Insecticides and Repellents,P03,Ectoparasiticides Incl. Scabicides Insecticides and Repellents,1367,0.03,21775,0.04,0.04
202103,Antiparasitic Products Insecticides and Repellents,,,,,,,
202103,Blood and Blood Forming Organs,B01,Antithrombotic Agents,268638,5.16,4897914,8.97,8.97
202103,Blood and Blood Forming Organs,B02,Antihemorrhagics,2039,0.04,23433,0.04,0.04
202103,Blood and Blood Forming Organs,B03,Antianemic Preparations,108674,2.09,192726,0.35,0.35
202103,Blood and Blood Forming Organs,B05,Blood Substitutes and Perfusion Solutions,5,0,173,0,0
202103,Blood and Blood Forming Organs,,,,,,,
202103,Cardiovascular System,C01,Cardiac Therapy,46928,0.9,805213,1.47,1.47
202103,Cardiovascular System,C02,Antihypertensives,17796,0.34,191879,0.35,0.35
202103,Cardiovascular System,C03,Diuretics,104790,2.01,319390,0.58,0.58
202103,Cardiovascular System,C04,Peripheral Vasodilators,2857,0.05,40467,0.07,0.07
202103,Cardiovascular System,C05,Vasoprotectives,10989,0.21,74880,0.14,0.14
202103,Cardiovascular System,C07,Beta Blocking Agents,170554,3.28,450659,0.83,0.83
202103,Cardiovascular System,C08,Calcium Channel Blockers,140292,2.69,453957,0.83,0.83
202103,Cardiovascular System,C09,Agents Acting On The Renin-Angiotensin System,275275,5.29,2052523,3.76,3.76
202103,Cardiovascular System,C10,Serum Lipid Reducing Agents,325489,6.25,1770590,3.24,3.24
202103,Cardiovascular System,,,,,,,
202103,Dermatologicals,D01,Antifungals For Dermatological Use,34485,0.66,195777,0.36,0.36
202103,Dermatologicals,D02,Emollients and Protectives,21298,0.41,56029,0.1,0.1
202103,Dermatologicals,D03,Preparations For Treatment Of Wounds and Ulcers,29,0,307,0,0
202103,Dermatologicals,D05,Antipsoriatics,8232,0.16,370349,0.68,0.68
202103,Dermatologicals,D06,Antibiotics and Chemotherapeutics For Dermatological Use,8966,0.17,67241,0.12,0.12
202103,Dermatologicals,D07,Corticosteroids Dermatological Preparations,45478,0.87,233676,0.43,0.43
202103,Dermatologicals,D10,Anti-Acne Preparations,8579,0.16,137145,0.25,0.25
202103,Dermatologicals,D11,Other Dermatological Preparations,2922,0.06,117829,0.22,0.22
202103,Dermatologicals,,,,,,,
202103,Genito Urinary System and Sex Hormones,G01,Gynecological Antiinfectives and Antiseptics,1247,0.02,8218,0.02,0.02
202103,Genito Urinary System and Sex Hormones,G02,Other Gynecologicals,2675,0.05,222357,0.41,0.41
202103,Genito Urinary System and Sex Hormones,G03,Sex Hormones and Modulators Of The Genital System,85170,1.64,655785,1.2,1.2
202103,Genito Urinary System and Sex Hormones,G04,Urologicals,118020,2.27,1912175,3.5,3.5
202103,Genito Urinary System and Sex Hormones,,,,,,,
202103,Musculo-Skeletal System,M01,Antiinflammatory and Antirheumatic Products,101466,1.95,682271,1.25,1.25
202103,Musculo-Skeletal System,M02,Topical Products For Joint and Muscular Pain,76035,1.46,492603,0.9,0.9
202103,Musculo-Skeletal System,M03,Muscle Relaxants,7374,0.14,73911,0.14,0.14
202103,Musculo-Skeletal System,M04,Antigout Preparations,37017,0.71,165340,0.3,0.3
202103,Musculo-Skeletal System,M05,Drugs For Treatment Of Bone Diseases,35232,0.68,1377658,2.52,2.52
202103,Musculo-Skeletal System,M09,Other Drugs For Disorders Of The Musculo-Skeletal System,10531,0.2,125326,0.23,0.23
202103,Musculo-Skeletal System,,,,,,,
202103,Nervous System,N01,Anesthetics,2971,0.06,198182,0.36,0.36
202103,Nervous System,N02,Analgesics,310951,5.97,2578724,4.72,4.72
202103,Nervous System,N03,Antiepileptics,123878,2.38,1912332,3.5,3.5
202103,Nervous System,N04,Anti-Parkinson Drugs,21746,0.42,295286,0.54,0.54
202103,Nervous System,N05,Psycholeptics,311496,5.98,2635823,4.83,4.83
202103,Nervous System,N06,Psychoanaleptics,358142,6.88,2586121,4.74,4.74
202103,Nervous System,N07,Other Nervous System Drugs,35061,0.67,860752,1.58,1.58
202103,Nervous System,,,,,,,
202103,Respiratory System,R01,Nasal Preparations,52275,1,571398,1.05,1.05
202103,Respiratory System,R03,Drugs For Obstructive Airway Diseases,304190,5.84,6178540,11.32,11.32
202103,Respiratory System,R05,Cough and Cold Preparations,14731,0.28,95070,0.17,0.17
202103,Respiratory System,R06,Antihistamines For Systemic Use,73716,1.42,292984,0.54,0.54
202103,Respiratory System,,,,,,,
202103,Sensory Organs,S01,Ophthalmologicals,133862,2.57,1166346,2.14,2.14
202103,Sensory Organs,S02,Otologicals,2229,0.04,11722,0.02,0.02
202103,Sensory Organs,S03,Ophthalmological and Otological Preparations,4323,0.08,9537,0.02,0.02
202103,Sensory Organs,,,,,,,
202103,Systemic Hormonal Preparations Excl. Sex Hormones and Insulins,H01,Pituitary and Hypothalamic Hormones and Analogues,1058,0.02,57554,0.11,0.11
202103,Systemic Hormonal Preparations Excl. Sex Hormones and Insulins,H02,Corticosteroids For Systemic Use,49317,0.95,275911,0.51,0.51
202103,Systemic Hormonal Preparations Excl. Sex Hormones and Insulins,H03,Thyroid Therapy,171887,3.3,308295,0.56,0.56
202103,Systemic Hormonal Preparations Excl. Sex Hormones and Insulins,H04,Pancreatic Hormones,216,0,4700,0.01,0.01
202103,Systemic Hormonal Preparations Excl. Sex Hormones and Insulins,,,,,,,
202103,Various,V01,Allergens,132,0,11181,0.02,0.02
202103,Various,V03,All Other Therapeutic Products,2047,0.04,190815,0.35,0.35
202103,Various,V04,Diagnostic Agents,11359,0.22,266123,0.49,0.49
202103,Various,V06,General Nutrients,46209,0.89,3585569,6.57,6.57
202103,Various,V07,All Other Non-Therapeutic Products,,,,,5.97
202103,Various,V07 1,Ostomy Requisites,30683,0.59,1786481,3.27,3.27
202103,Various,V07 2,Urinary Requisites,13275,0.26,1107770,2.03,2.03
202103,Various,V07 3,Needles/Syringes/Lancets,7793,0.15,94006,0.17,0.17
202103,Various,V07 4,Dressings,3562,0.07,183243,0.34,0.34
202103,Various,V07 5,Miscellaneous,5650,0.11,85949,0.16,0.16
202103,Various,,,,,,,
202104,Alimentary Tract and Metabolism,A01,Stomatological Preparations,5883,0.12,18741,0.04,0.04
202104,Alimentary Tract and Metabolism,A02,Drugs For Acid Related Disorders,366914,7.19,2191503,4.1,4.1
202104,Alimentary Tract and Metabolism,A03,Drugs For Functional Gastrointestinal Disorders,31141,0.61,165269,0.31,0.31
202104,Alimentary Tract and Metabolism,A04,Antiemetics and Antinauseants,3256,0.06,255391,0.48,0.48
202104,Alimentary Tract and Metabolism,A05,Bile and Liver Therapy,2184,0.04,53694,0.1,0.1
202104,Alimentary Tract and Metabolism,A06,Laxatives,82284,1.61,954526,1.79,1.79
202104,Alimentary Tract and Metabolism,A07,Antidiarrheals Intestinal Antiinflammatory/Antiinfective Agents,22242,0.44,825632,1.54,1.54
202104,Alimentary Tract and Metabolism,A09,Digestives Incl. Enzymes,2528,0.05,157243,0.29,0.29
202104,Alimentary Tract and Metabolism,A10,Drugs Used In Diabetes,55730,1.09,1161828,2.17,2.17
202104,Alimentary Tract and Metabolism,A11,Vitamins,132995,2.61,615247,1.15,1.15
202104,Alimentary Tract and Metabolism,A12,Mineral Supplements,113441,2.22,596602,1.12,1.12
202104,Alimentary Tract and Metabolism,A14,Anabolic Agents For Systemic Use,47,0,558,0,0
202104,Alimentary Tract and Metabolism,,,,,,,
202104,Antiinfectives For Systemic Use,J01,Antibacterials For Systemic Use,140946,2.76,895638,1.68,1.68
202104,Antiinfectives For Systemic Use,J02,Antimycotics For Systemic Use,7419,0.15,74086,0.14,0.14
202104,Antiinfectives For Systemic Use,J04,Antimycobacterials,597,0.01,15975,0.03,0.03
202104,Antiinfectives For Systemic Use,J05,Antivirals For Systemic Use,5853,0.11,262251,0.49,0.49
202104,Antiinfectives For Systemic Use,,,,,,,
202104,Antineoplastic and Immunomodulating Agents,L01,Antineoplastic Agents,3459,0.07,105655,0.2,0.2
202104,Antineoplastic and Immunomodulating Agents,L02,Endocrine Therapy,10234,0.2,210096,0.39,0.39
202104,Antineoplastic and Immunomodulating Agents,L04,Immunosuppressive Agents,16939,0.33,264413,0.49,0.49
202104,Antineoplastic and Immunomodulating Agents,,,,,,,
202104,Antiparasitic Products Insecticides and Repellents,P01,Antiprotozoals,9419,0.18,41042,0.08,0.08
202104,Antiparasitic Products Insecticides and Repellents,P02,Anthelmintics,467,0.01,6180,0.01,0.01
202104,Antiparasitic Products Insecticides and Repellents,P03,Ectoparasiticides Incl. Scabicides Insecticides and Repellents,1145,0.02,17283,0.03,0.03
202104,Antiparasitic Products Insecticides and Repellents,,,,,,,
202104,Blood and Blood Forming Organs,B01,Antithrombotic Agents,262046,5.14,4817187,9.01,9.01
202104,Blood and Blood Forming Organs,B02,Antihemorrhagics,2039,0.04,23452,0.04,0.04
202104,Blood and Blood Forming Organs,B03,Antianemic Preparations,106213,2.08,181915,0.34,0.34
202104,Blood and Blood Forming Organs,,,,,,,
202104,Cardiovascular System,C01,Cardiac Therapy,46003,0.9,792923,1.48,1.48
202104,Cardiovascular System,C02,Antihypertensives,17272,0.34,182422,0.34,0.34
202104,Cardiovascular System,C03,Diuretics,102236,2,311475,0.58,0.58
202104,Cardiovascular System,C04,Peripheral Vasodilators,2854,0.06,40554,0.08,0.08
202104,Cardiovascular System,C05,Vasoprotectives,10217,0.2,68868,0.13,0.13
202104,Cardiovascular System,C07,Beta Blocking Agents,166502,3.26,441509,0.83,0.83
202104,Cardiovascular System,C08,Calcium Channel Blockers,137495,2.69,443481,0.83,0.83
202104,Cardiovascular System,C09,Agents Acting On The Renin-Angiotensin System,268440,5.26,2022025,3.78,3.78
202104,Cardiovascular System,C10,Serum Lipid Reducing Agents,318114,6.23,1732276,3.24,3.24
202104,Cardiovascular System,,,,,,,
202104,Dermatologicals,D01,Antifungals For Dermatological Use,33309,0.65,189611,0.35,0.35
202104,Dermatologicals,D02,Emollients and Protectives,21291,0.42,55683,0.1,0.1
202104,Dermatologicals,D03,Preparations For Treatment Of Wounds and Ulcers,29,0,334,0,0
202104,Dermatologicals,D05,Antipsoriatics,7822,0.15,351962,0.66,0.66
202104,Dermatologicals,D06,Antibiotics and Chemotherapeutics For Dermatological Use,9143,0.18,68644,0.13,0.13
202104,Dermatologicals,D07,Corticosteroids Dermatological Preparations,45356,0.89,234180,0.44,0.44
202104,Dermatologicals,D10,Anti-Acne Preparations,8091,0.16,131102,0.25,0.25
202104,Dermatologicals,D11,Other Dermatological Preparations,3091,0.06,124269,0.23,0.23
202104,Dermatologicals,,,,,,,
202104,Genito Urinary System and Sex Hormones,G01,Gynecological Antiinfectives and Antiseptics,1160,0.02,7450,0.01,0.01
202104,Genito Urinary System and Sex Hormones,G02,Other Gynecologicals,2590,0.05,214155,0.4,0.4
202104,Genito Urinary System and Sex Hormones,G03,Sex Hormones and Modulators Of The Genital System,83511,1.64,643760,1.2,1.2
202104,Genito Urinary System and Sex Hormones,G04,Urologicals,115731,2.27,1866717,3.49,3.49
202104,Genito Urinary System and Sex Hormones,,,,,,,
202104,Musculo-Skeletal System,M01,Antiinflammatory and Antirheumatic Products,98441,1.93,662455,1.24,1.24
202104,Musculo-Skeletal System,M02,Topical Products For Joint and Muscular Pain,74430,1.46,480841,0.9,0.9
202104,Musculo-Skeletal System,M03,Muscle Relaxants,7185,0.14,72088,0.13,0.13
202104,Musculo-Skeletal System,M04,Antigout Preparations,36185,0.71,160867,0.3,0.3
202104,Musculo-Skeletal System,M05,Drugs For Treatment Of Bone Diseases,33979,0.67,1275478,2.39,2.39
202104,Musculo-Skeletal System,M09,Other Drugs For Disorders Of The Musculo-Skeletal System,10337,0.2,122285,0.23,0.23
202104,Musculo-Skeletal System,,,,,,,
202104,Nervous System,N01,Anesthetics,2923,0.06,189273,0.35,0.35
202104,Nervous System,N02,Analgesics,305550,5.99,2513402,4.7,4.7
202104,Nervous System,N03,Antiepileptics,121105,2.37,1874912,3.51,3.51
202104,Nervous System,N04,Anti-Parkinson Drugs,21217,0.42,289556,0.54,0.54
202104,Nervous System,N05,Psycholeptics,301992,5.92,2576540,4.82,4.82
202104,Nervous System,N06,Psychoanaleptics,349618,6.85,2536634,4.75,4.75
202104,Nervous System,N07,Other Nervous System Drugs,33702,0.66,828581,1.55,1.55
202104,Nervous System,,,,,,,
202104,Respiratory System,R01,Nasal Preparations,54214,1.06,591231,1.11,1.11
202104,Respiratory System,R03,Drugs For Obstructive Airway Diseases,297435,5.83,6027406,11.28,11.28
202104,Respiratory System,R05,Cough and Cold Preparations,14626,0.29,92127,0.17,0.17
202104,Respiratory System,R06,Antihistamines For Systemic Use,78977,1.55,317232,0.59,0.59
202104,Respiratory System,,,,,,,
202104,Sensory Organs,S01,Ophthalmologicals,131717,2.58,1145788,2.14,2.14
202104,Sensory Organs,S02,Otologicals,2124,0.04,11059,0.02,0.02
202104,Sensory Organs,S03,Ophthalmological and Otological Preparations,4019,0.08,9428,0.02,0.02
202104,Sensory Organs,,,,,,,
202104,Systemic Hormonal Preparations Excl. Sex Hormones and Insulins,H01,Pituitary and Hypothalamic Hormones and Analogues,1054,0.02,57449,0.11,0.11
202104,Systemic Hormonal Preparations Excl. Sex Hormones and Insulins,H02,Corticosteroids For Systemic Use,49054,0.96,276529,0.52,0.52
202104,Systemic Hormonal Preparations Excl. Sex Hormones and Insulins,H03,Thyroid Therapy,168635,3.3,299936,0.56,0.56
202104,Systemic Hormonal Preparations Excl. Sex Hormones and Insulins,H04,Pancreatic Hormones,202,0,4392,0.01,0.01
202104,Systemic Hormonal Preparations Excl. Sex Hormones and Insulins,,,,,,,
202104,Various,V01,Allergens,136,0,11060,0.02,0.02
202104,Various,V03,All Other Therapeutic Products,1985,0.04,183555,0.34,0.34
202104,Various,V04,Diagnostic Agents,11043,0.22,258632,0.48,0.48
202104,Various,V06,General Nutrients,45019,0.88,3520335,6.59,6.59
202104,Various,V07,All Other Non-Therapeutic Products,,,,,6.02
202104,Various,V07 1,Ostomy Requisites,30122,0.59,1742700,3.26,3.26
202104,Various,V07 2,Urinary Requisites,13033,0.26,1104033,2.07,2.07
202104,Various,V07 3,Needles/Syringes/Lancets,7599,0.15,91830,0.17,0.17
202104,Various,V07 4,Dressings,3506,0.07,181209,0.34,0.34
202104,Various,V07 5,Miscellaneous,5627,0.11,98226,0.18,0.18
202104,Various,,,,,,,
202105,Alimentary Tract and Metabolism,A01,Stomatological Preparations,21,0.08,81,0.03,0.03
202105,Alimentary Tract and Metabolism,A02,Drugs For Acid Related Disorders,1810,7.15,9526,3.71,3.71
202105,Alimentary Tract and Metabolism,A03,Drugs For Functional Gastrointestinal Disorders,135,0.53,528,0.21,0.21
202105,Alimentary Tract and Metabolism,A04,Antiemetics and Antinauseants,14,0.06,973,0.38,0.38
202105,Alimentary Tract and Metabolism,A05,Bile and Liver Therapy,6,0.02,134,0.05,0.05
202105,Alimentary Tract and Metabolism,A06,Laxatives,446,1.76,4900,1.91,1.91
202105,Alimentary Tract and Metabolism,A07,Antidiarrheals Intestinal Antiinflammatory/Antiinfective Agents,117,0.46,4622,1.8,1.8
202105,Alimentary Tract and Metabolism,A09,Digestives Incl. Enzymes,15,0.06,709,0.28,0.28
202105,Alimentary Tract and Metabolism,A10,Drugs Used In Diabetes,318,1.26,6135,2.39,2.39
202105,Alimentary Tract and Metabolism,A11,Vitamins,592,2.34,2664,1.04,1.04
202105,Alimentary Tract and Metabolism,A12,Mineral Supplements,652,2.57,3436,1.34,1.34
202105,Alimentary Tract and Metabolism,A14,Anabolic Agents For Systemic Use,1,0,2,0,0
202105,Alimentary Tract and Metabolism,,,,,,,
202105,Antiinfectives For Systemic Use,J01,Antibacterials For Systemic Use,621,2.45,3823,1.49,1.49
202105,Antiinfectives For Systemic Use,J02,Antimycotics For Systemic Use,29,0.11,241,0.09,0.09
202105,Antiinfectives For Systemic Use,J04,Antimycobacterials,5,0.02,272,0.11,0.11
202105,Antiinfectives For Systemic Use,J05,Antivirals For Systemic Use,25,0.1,1324,0.52,0.52
202105,Antiinfectives For Systemic Use,,,,,,,
202105,Antineoplastic and Immunomodulating Agents,L01,Antineoplastic Agents,17,0.07,576,0.22,0.22
202105,Antineoplastic and Immunomodulating Agents,L02,Endocrine Therapy,40,0.16,681,0.27,0.27
202105,Antineoplastic and Immunomodulating Agents,L04,Immunosuppressive Agents,121,0.48,2586,1.01,1.01
202105,Antineoplastic and Immunomodulating Agents,,,,,,,
202105,Antiparasitic Products Insecticides and Repellents,P01,Antiprotozoals,57,0.23,245,0.1,0.1
202105,Antiparasitic Products Insecticides and Repellents,P02,Anthelmintics,5,0.02,70,0.03,0.03
202105,Antiparasitic Products Insecticides and Repellents,P03,Ectoparasiticides Incl. Scabicides Insecticides and Repellents,4,0.02,45,0.02,0.02
202105,Antiparasitic Products Insecticides and Repellents,,,,,,,
202105,Blood and Blood Forming Organs,B01,Antithrombotic Agents,1398,5.52,28124,10.96,10.96
202105,Blood and Blood Forming Organs,B02,Antihemorrhagics,10,0.04,169,0.07,0.07
202105,Blood and Blood Forming Organs,B03,Antianemic Preparations,464,1.83,717,0.28,0.28
202105,Blood and Blood Forming Organs,,,,,,,
202105,Cardiovascular System,C01,Cardiac Therapy,237,0.94,3273,1.28,1.28
202105,Cardiovascular System,C02,Antihypertensives,106,0.42,740,0.29,0.29
202105,Cardiovascular System,C03,Diuretics,583,2.3,1530,0.6,0.6
202105,Cardiovascular System,C04,Peripheral Vasodilators,16,0.06,203,0.08,0.08
202105,Cardiovascular System,C05,Vasoprotectives,41,0.16,450,0.18,0.18
202105,Cardiovascular System,C07,Beta Blocking Agents,1005,3.97,2371,0.92,0.92
202105,Cardiovascular System,C08,Calcium Channel Blockers,812,3.21,2479,0.97,0.97
202105,Cardiovascular System,C09,Agents Acting On The Renin-Angiotensin System,1665,6.57,11102,4.33,4.33
202105,Cardiovascular System,C10,Serum Lipid Reducing Agents,1830,7.23,8927,3.48,3.48
202105,Cardiovascular System,,,,,,,
202105,Dermatologicals,D01,Antifungals For Dermatological Use,134,0.53,833,0.32,0.32
202105,Dermatologicals,D02,Emollients and Protectives,75,0.3,178,0.07,0.07
202105,Dermatologicals,D05,Antipsoriatics,53,0.21,2146,0.84,0.84
202105,Dermatologicals,D06,Antibiotics and Chemotherapeutics For Dermatological Use,40,0.16,245,0.1,0.1
202105,Dermatologicals,D07,Corticosteroids Dermatological Preparations,218,0.86,1175,0.46,0.46
202105,Dermatologicals,D10,Anti-Acne Preparations,32,0.13,572,0.22,0.22
202105,Dermatologicals,D11,Other Dermatological Preparations,16,0.06,540,0.21,0.21
202105,Dermatologicals,,,,,,,
202105,Genito Urinary System and Sex Hormones,G01,Gynecological Antiinfectives and Antiseptics,5,0.02,19,0.01,0.01
202105,Genito Urinary System and Sex Hormones,G02,Other Gynecologicals,8,0.03,496,0.19,0.19
202105,Genito Urinary System and Sex Hormones,G03,Sex Hormones and Modulators Of The Genital System,318,1.26,2409,0.94,0.94
202105,Genito Urinary System and Sex Hormones,G04,Urologicals,624,2.46,10044,3.92,3.92
202105,Genito Urinary System and Sex Hormones,,,,,,,
202105,Musculo-Skeletal System,M01,Antiinflammatory and Antirheumatic Products,510,2.01,3300,1.29,1.29
202105,Musculo-Skeletal System,M02,Topical Products For Joint and Muscular Pain,348,1.37,2206,0.86,0.86
202105,Musculo-Skeletal System,M03,Muscle Relaxants,22,0.09,274,0.11,0.11
202105,Musculo-Skeletal System,M04,Antigout Preparations,170,0.67,741,0.29,0.29
202105,Musculo-Skeletal System,M05,Drugs For Treatment Of Bone Diseases,196,0.77,6519,2.54,2.54
202105,Musculo-Skeletal System,M09,Other Drugs For Disorders Of The Musculo-Skeletal System,55,0.22,810,0.32,0.32
202105,Musculo-Skeletal System,,,,,,,
202105,Nervous System,N01,Anesthetics,9,0.04,547,0.21,0.21
202105,Nervous System,N02,Analgesics,1159,4.58,8560,3.34,3.34
202105,Nervous System,N03,Antiepileptics,539,2.13,9515,3.71,3.71
202105,Nervous System,N04,Anti-Parkinson Drugs,100,0.39,1211,0.47,0.47
202105,Nervous System,N05,Psycholeptics,1260,4.98,13074,5.1,5.1
202105,Nervous System,N06,Psychoanaleptics,1503,5.93,10029,3.91,3.91
202105,Nervous System,N07,Other Nervous System Drugs,147,0.58,2533,0.99,0.99
202105,Nervous System,,,,,,,
202105,Respiratory System,R01,Nasal Preparations,266,1.05,2949,1.15,1.15
202105,Respiratory System,R03,Drugs For Obstructive Airway Diseases,1532,6.05,32969,12.85,12.85
202105,Respiratory System,R05,Cough and Cold Preparations,65,0.26,316,0.12,0.12
202105,Respiratory System,R06,Antihistamines For Systemic Use,334,1.32,1343,0.52,0.52
202105,Respiratory System,,,,,,,
202105,Sensory Organs,S01,Ophthalmologicals,764,3.02,6692,2.61,2.61
202105,Sensory Organs,S02,Otologicals,6,0.02,30,0.01,0.01
202105,Sensory Organs,S03,Ophthalmological and Otological Preparations,14,0.06,38,0.01,0.01
202105,Sensory Organs,,,,,,,
202105,Systemic Hormonal Preparations Excl. Sex Hormones and Insulins,H01,Pituitary and Hypothalamic Hormones and Analogues,1,0,338,0.13,0.13
202105,Systemic Hormonal Preparations Excl. Sex Hormones and Insulins,H02,Corticosteroids For Systemic Use,228,0.9,1341,0.52,0.52
202105,Systemic Hormonal Preparations Excl. Sex Hormones and Insulins,H03,Thyroid Therapy,834,3.29,1396,0.54,0.54
202105,Systemic Hormonal Preparations Excl. Sex Hormones and Insulins,,,,,,,
202105,Various,V01,Allergens,2,0.01,171,0.07,0.07
202105,Various,V03,All Other Therapeutic Products,11,0.04,1063,0.41,0.41
202105,Various,V04,Diagnostic Agents,80,0.32,1726,0.67,0.67
202105,Various,V06,General Nutrients,163,0.64,10772,4.2,4.2
202105,Various,V07,All Other Non-Therapeutic Products,,,,,5.36
202105,Various,V07 1,Ostomy Requisites,125,0.49,8912,3.47,3.47
202105,Various,V07 2,Urinary Requisites,58,0.23,3593,1.4,1.4
202105,Various,V07 3,Needles/Syringes/Lancets,51,0.2,503,0.2,0.2
202105,Various,V07 4,Dressings,8,0.03,439,0.17,0.17
202105,Various,V07 5,Miscellaneous,25,0.1,298,0.12,0.12
202105,Various,,,,,,,
202106,Alimentary Tract and Metabolism,A01,Stomatological Preparations,11691,0.12,36887,0.04,0.04
202106,Alimentary Tract and Metabolism,A02,Drugs For Acid Related Disorders,717131,7.16,4275330,4.06,4.06
202106,Alimentary Tract and Metabolism,A03,Drugs For Functional Gastrointestinal Disorders,61344,0.61,330708,0.31,0.31
202106,Alimentary Tract and Metabolism,A04,Antiemetics and Antinauseants,6425,0.06,487153,0.46,0.46
202106,Alimentary Tract and Metabolism,A05,Bile and Liver Therapy,4210,0.04,102899,0.1,0.1
202106,Alimentary Tract and Metabolism,A06,Laxatives,159966,1.6,1857969,1.77,1.77
202106,Alimentary Tract and Metabolism,A07,Antidiarrheals Intestinal Antiinflammatory/Antiinfective Agents,44488,0.44,1619795,1.54,1.54
202106,Alimentary Tract and Metabolism,A09,Digestives Incl. Enzymes,5121,0.05,314547,0.3,0.3
202106,Alimentary Tract and Metabolism,A10,Drugs Used In Diabetes,110613,1.1,2333498,2.22,2.22
202106,Alimentary Tract and Metabolism,A11,Vitamins,258049,2.57,1159885,1.1,1.1
202106,Alimentary Tract and Metabolism,A12,Mineral Supplements,221910,2.21,1166653,1.11,1.11
202106,Alimentary Tract and Metabolism,A14,Anabolic Agents For Systemic Use,108,0,1293,0,0
202106,Alimentary Tract and Metabolism,,,,,,,
202106,Antiinfectives For Systemic Use,J01,Antibacterials For Systemic Use,283174,2.83,1770258,1.68,1.68
202106,Antiinfectives For Systemic Use,J02,Antimycotics For Systemic Use,14441,0.14,150732,0.14,0.14
202106,Antiinfectives For Systemic Use,J04,Antimycobacterials,1157,0.01,30286,0.03,0.03
202106,Antiinfectives For Systemic Use,J05,Antivirals For Systemic Use,11716,0.12,510506,0.49,0.49
202106,Antiinfectives For Systemic Use,,,,,,,
202106,Antineoplastic and Immunomodulating Agents,L01,Antineoplastic Agents,6822,0.07,207067,0.2,0.2
202106,Antineoplastic and Immunomodulating Agents,L02,Endocrine Therapy,19922,0.2,410509,0.39,0.39
202106,Antineoplastic and Immunomodulating Agents,L04,Immunosuppressive Agents,32958,0.33,522435,0.5,0.5
202106,Antineoplastic and Immunomodulating Agents,,,,,,,
202106,Antiparasitic Products Insecticides and Repellents,P01,Antiprotozoals,18544,0.19,91233,0.09,0.09
202106,Antiparasitic Products Insecticides and Repellents,P02,Anthelmintics,1013,0.01,15105,0.01,0.01
202106,Antiparasitic Products Insecticides and Repellents,P03,Ectoparasiticides Incl. Scabicides Insecticides and Repellents,1900,0.02,29168,0.03,0.03
202106,Antiparasitic Products Insecticides and Repellents,,,,,,,
202106,Blood and Blood Forming Organs,B01,Antithrombotic Agents,512692,5.12,9474874,9,9
202106,Blood and Blood Forming Organs,B02,Antihemorrhagics,3820,0.04,42693,0.04,0.04
202106,Blood and Blood Forming Organs,B03,Antianemic Preparations,206205,2.06,351280,0.33,0.33
202106,Blood and Blood Forming Organs,B05,Blood Substitutes and Perfusion Solutions,4,0,339,0,0
202106,Blood and Blood Forming Organs,,,,,,,
202106,Cardiovascular System,C01,Cardiac Therapy,89548,0.89,1543630,1.47,1.47
202106,Cardiovascular System,C02,Antihypertensives,34060,0.34,369147,0.35,0.35
202106,Cardiovascular System,C03,Diuretics,201541,2.01,613671,0.58,0.58
202106,Cardiovascular System,C04,Peripheral Vasodilators,5450,0.05,77163,0.07,0.07
202106,Cardiovascular System,C05,Vasoprotectives,19803,0.2,132825,0.13,0.13
202106,Cardiovascular System,C07,Beta Blocking Agents,326164,3.25,860025,0.82,0.82
202106,Cardiovascular System,C08,Calcium Channel Blockers,269874,2.69,870348,0.83,0.83
202106,Cardiovascular System,C09,Agents Acting On The Renin-Angiotensin System,527576,5.26,3961039,3.76,3.76
202106,Cardiovascular System,C10,Serum Lipid Reducing Agents,622431,6.21,3397691,3.23,3.23
202106,Cardiovascular System,,,,,,,
202106,Dermatologicals,D01,Antifungals For Dermatological Use,65515,0.65,385587,0.37,0.37
202106,Dermatologicals,D02,Emollients and Protectives,40522,0.4,106998,0.1,0.1
202106,Dermatologicals,D03,Preparations For Treatment Of Wounds and Ulcers,45,0,723,0,0
202106,Dermatologicals,D04,Antipruritics Incl. Antihistamines Anesthetics Etc.,3,0,323,0,0
202106,Dermatologicals,D05,Antipsoriatics,15275,0.15,673973,0.64,0.64
202106,Dermatologicals,D06,Antibiotics and Chemotherapeutics For Dermatological Use,17812,0.18,132222,0.13,0.13
202106,Dermatologicals,D07,Corticosteroids Dermatological Preparations,84590,0.84,441887,0.42,0.42
202106,Dermatologicals,D10,Anti-Acne Preparations,14633,0.15,233364,0.22,0.22
202106,Dermatologicals,D11,Other Dermatological Preparations,6158,0.06,242321,0.23,0.23
202106,Dermatologicals,,,,,,,
202106,Genito Urinary System and Sex Hormones,G01,Gynecological Antiinfectives and Antiseptics,2252,0.02,13728,0.01,0.01
202106,Genito Urinary System and Sex Hormones,G02,Other Gynecologicals,5009,0.05,414187,0.39,0.39
202106,Genito Urinary System and Sex Hormones,G03,Sex Hormones and Modulators Of The Genital System,170603,1.7,1333874,1.27,1.27
202106,Genito Urinary System and Sex Hormones,G04,Urologicals,227870,2.27,3660595,3.48,3.48
202106,Genito Urinary System and Sex Hormones,,,,,,,
202106,Musculo-Skeletal System,M01,Antiinflammatory and Antirheumatic Products,191137,1.91,1289957,1.23,1.23
202106,Musculo-Skeletal System,M02,Topical Products For Joint and Muscular Pain,147442,1.47,953937,0.91,0.91
202106,Musculo-Skeletal System,M03,Muscle Relaxants,13850,0.14,140755,0.13,0.13
202106,Musculo-Skeletal System,M04,Antigout Preparations,70958,0.71,321956,0.31,0.31
202106,Musculo-Skeletal System,M05,Drugs For Treatment Of Bone Diseases,68099,0.68,2844228,2.7,2.7
202106,Musculo-Skeletal System,M09,Other Drugs For Disorders Of The Musculo-Skeletal System,20488,0.2,250605,0.24,0.24
202106,Musculo-Skeletal System,,,,,,,
202106,Nervous System,N01,Anesthetics,5481,0.05,351525,0.33,0.33
202106,Nervous System,N02,Analgesics,597099,5.96,4886697,4.64,4.64
202106,Nervous System,N03,Antiepileptics,236662,2.36,3680397,3.5,3.5
202106,Nervous System,N04,Anti-Parkinson Drugs,41860,0.42,574118,0.55,0.55
202106,Nervous System,N05,Psycholeptics,585839,5.85,4969767,4.72,4.72
202106,Nervous System,N06,Psychoanaleptics,687488,6.86,4992555,4.74,4.74
202106,Nervous System,N07,Other Nervous System Drugs,66322,0.66,1613256,1.53,1.53
202106,Nervous System,,,,,,,
202106,Respiratory System,R01,Nasal Preparations,111215,1.11,1209882,1.15,1.15
202106,Respiratory System,R03,Drugs For Obstructive Airway Diseases,582059,5.81,11813631,11.22,11.22
202106,Respiratory System,R05,Cough and Cold Preparations,29060,0.29,186327,0.18,0.18
202106,Respiratory System,R06,Antihistamines For Systemic Use,168430,1.68,683557,0.65,0.65
202106,Respiratory System,,,,,,,
202106,Sensory Organs,S01,Ophthalmologicals,261481,2.61,2258869,2.15,2.15
202106,Sensory Organs,S02,Otologicals,4179,0.04,21664,0.02,0.02
202106,Sensory Organs,S03,Ophthalmological and Otological Preparations,7595,0.08,19426,0.02,0.02
202106,Sensory Organs,,,,,,,
202106,Systemic Hormonal Preparations Excl. Sex Hormones and Insulins,H01,Pituitary and Hypothalamic Hormones and Analogues,2014,0.02,110470,0.1,0.1
202106,Systemic Hormonal Preparations Excl. Sex Hormones and Insulins,H02,Corticosteroids For Systemic Use,99156,0.99,551744,0.52,0.52
202106,Systemic Hormonal Preparations Excl. Sex Hormones and Insulins,H03,Thyroid Therapy,329165,3.28,585899,0.56,0.56
202106,Systemic Hormonal Preparations Excl. Sex Hormones and Insulins,H04,Pancreatic Hormones,465,0,10836,0.01,0.01
202106,Systemic Hormonal Preparations Excl. Sex Hormones and Insulins,,,,,,,
202106,Various,V01,Allergens,257,0,21405,0.02,0.02
202106,Various,V03,All Other Therapeutic Products,3816,0.04,354114,0.34,0.34
202106,Various,V04,Diagnostic Agents,21859,0.22,502487,0.48,0.48
202106,Various,V06,General Nutrients,88518,0.88,6898018,6.55,6.55
202106,Various,V07,All Other Non-Therapeutic Products,,,,,6.07
202106,Various,V07 1,Ostomy Requisites,60186,0.6,3508427,3.33,3.33
202106,Various,V07 2,Urinary Requisites,25953,0.26,2227794,2.12,2.12
202106,Various,V07 3,Needles/Syringes/Lancets,15095,0.15,176998,0.17,0.17
202106,Various,V07 4,Dressings,6662,0.07,331630,0.32,0.32
202106,Various,V07 5,Miscellaneous,10427,0.1,148998,0.14,0.14
202106,Various,,,,,,,
202107,Alimentary Tract and Metabolism,A01,Stomatological Preparations,6170,0.12,19374,0.03,0.03
202107,Alimentary Tract and Metabolism,A02,Drugs For Acid Related Disorders,377349,7.13,2247055,4.05,4.05
202107,Alimentary Tract and Metabolism,A03,Drugs For Functional Gastrointestinal Disorders,32716,0.62,164681,0.3,0.3
202107,Alimentary Tract and Metabolism,A04,Antiemetics and Antinauseants,3360,0.06,261574,0.47,0.47
202107,Alimentary Tract and Metabolism,A05,Bile and Liver Therapy,2279,0.04,55631,0.1,0.1
202107,Alimentary Tract and Metabolism,A06,Laxatives,83711,1.58,970125,1.75,1.75
202107,Alimentary Tract and Metabolism,A07,Antidiarrheals Intestinal Antiinflammatory/Antiinfective Agents,24187,0.46,863956,1.56,1.56
202107,Alimentary Tract and Metabolism,A09,Digestives Incl. Enzymes,2751,0.05,167307,0.3,0.3
202107,Alimentary Tract and Metabolism,A10,Drugs Used In Diabetes,59321,1.12,1259469,2.27,2.27
202107,Alimentary Tract and Metabolism,A11,Vitamins,133627,2.53,592494,1.07,1.07
202107,Alimentary Tract and Metabolism,A12,Mineral Supplements,116485,2.2,612477,1.1,1.1
202107,Alimentary Tract and Metabolism,A14,Anabolic Agents For Systemic Use,62,0,725,0,0
202107,Alimentary Tract and Metabolism,A16,Other Alimentary Tract and Metabolism Products,2,0,87,0,0
202107,Alimentary Tract and Metabolism,,,,,,,
202107,Antiinfectives For Systemic Use,J01,Antibacterials For Systemic Use,154713,2.92,964641,1.74,1.74
202107,Antiinfectives For Systemic Use,J02,Antimycotics For Systemic Use,7918,0.15,81601,0.15,0.15
202107,Antiinfectives For Systemic Use,J04,Antimycobacterials,605,0.01,17376,0.03,0.03
202107,Antiinfectives For Systemic Use,J05,Antivirals For Systemic Use,6369,0.12,272903,0.49,0.49
202107,Antiinfectives For Systemic Use,,,,,,,
202107,Antineoplastic and Immunomodulating Agents,L01,Antineoplastic Agents,3685,0.07,114728,0.21,0.21
202107,Antineoplastic and Immunomodulating Agents,L02,Endocrine Therapy,10417,0.2,209620,0.38,0.38
202107,Antineoplastic and Immunomodulating Agents,L03,Immunostimulants,1,0,0,0,0
202107,Antineoplastic and Immunomodulating Agents,L04,Immunosuppressive Agents,17377,0.33,275073,0.5,0.5
202107,Antineoplastic and Immunomodulating Agents,,,,,,,
202107,Antiparasitic Products Insecticides and Repellents,P01,Antiprotozoals,10219,0.19,60992,0.11,0.11
202107,Antiparasitic Products Insecticides and Repellents,P02,Anthelmintics,438,0.01,6569,0.01,0.01
202107,Antiparasitic Products Insecticides and Repellents,P03,Ectoparasiticides Incl. Scabicides Insecticides and Repellents,836,0.02,12583,0.02,0.02
202107,Antiparasitic Products Insecticides and Repellents,,,,,,,
202107,Blood and Blood Forming Organs,B01,Antithrombotic Agents,269640,5.1,5014971,9.04,9.04
202107,Blood and Blood Forming Organs,B02,Antihemorrhagics,2030,0.04,23142,0.04,0.04
202107,Blood and Blood Forming Organs,B03,Antianemic Preparations,109921,2.08,190406,0.34,0.34
202107,Blood and Blood Forming Organs,B05,Blood Substitutes and Perfusion Solutions,4,0,239,0,0
202107,Blood and Blood Forming Organs,,,,,,,
202107,Cardiovascular System,C01,Cardiac Therapy,47213,0.89,827512,1.49,1.49
202107,Cardiovascular System,C02,Antihypertensives,17935,0.34,188414,0.34,0.34
202107,Cardiovascular System,C03,Diuretics,107633,2.03,326546,0.59,0.59
202107,Cardiovascular System,C04,Peripheral Vasodilators,2897,0.05,41504,0.07,0.07
202107,Cardiovascular System,C05,Vasoprotectives,10326,0.2,70177,0.13,0.13
202107,Cardiovascular System,C07,Beta Blocking Agents,171741,3.25,453076,0.82,0.82
202107,Cardiovascular System,C08,Calcium Channel Blockers,142534,2.69,460921,0.83,0.83
202107,Cardiovascular System,C09,Agents Acting On The Renin-Angiotensin System,278746,5.27,2116904,3.82,3.82
202107,Cardiovascular System,C10,Serum Lipid Reducing Agents,328956,6.22,1797703,3.24,3.24
202107,Cardiovascular System,,,,,,,
202107,Dermatologicals,D01,Antifungals For Dermatological Use,35595,0.67,212548,0.38,0.38
202107,Dermatologicals,D02,Emollients and Protectives,20361,0.38,53325,0.1,0.1
202107,Dermatologicals,D03,Preparations For Treatment Of Wounds and Ulcers,22,0,298,0,0
202107,Dermatologicals,D04,Antipruritics Incl. Antihistamines Anesthetics Etc.,1,0,108,0,0
202107,Dermatologicals,D05,Antipsoriatics,7772,0.15,343276,0.62,0.62
202107,Dermatologicals,D06,Antibiotics and Chemotherapeutics For Dermatological Use,10422,0.2,79056,0.14,0.14
202107,Dermatologicals,D07,Corticosteroids Dermatological Preparations,45979,0.87,239193,0.43,0.43
202107,Dermatologicals,D10,Anti-Acne Preparations,7581,0.14,119931,0.22,0.22
202107,Dermatologicals,D11,Other Dermatological Preparations,3161,0.06,125889,0.23,0.23
202107,Dermatologicals,,,,,,,
202107,Genito Urinary System and Sex Hormones,G01,Gynecological Antiinfectives and Antiseptics,1174,0.02,7180,0.01,0.01
202107,Genito Urinary System and Sex Hormones,G02,Other Gynecologicals,2433,0.05,193954,0.35,0.35
202107,Genito Urinary System and Sex Hormones,G03,Sex Hormones and Modulators Of The Genital System,92408,1.75,737702,1.33,1.33
202107,Genito Urinary System and Sex Hormones,G04,Urologicals,119831,2.27,1924929,3.47,3.47
202107,Genito Urinary System and Sex Hormones,,,,,,,
202107,Musculo-Skeletal System,M01,Antiinflammatory and Antirheumatic Products,99855,1.89,673150,1.21,1.21
202107,Musculo-Skeletal System,M02,Topical Products For Joint and Muscular Pain,77438,1.46,500939,0.9,0.9
202107,Musculo-Skeletal System,M03,Muscle Relaxants,7157,0.14,73184,0.13,0.13
202107,Musculo-Skeletal System,M04,Antigout Preparations,37518,0.71,166338,0.3,0.3
202107,Musculo-Skeletal System,M05,Drugs For Treatment Of Bone Diseases,35493,0.67,1424727,2.57,2.57
202107,Musculo-Skeletal System,M09,Other Drugs For Disorders Of The Musculo-Skeletal System,10956,0.21,122700,0.22,0.22
202107,Musculo-Skeletal System,,,,,,,
202107,Nervous System,N01,Anesthetics,3060,0.06,190906,0.34,0.34
202107,Nervous System,N02,Analgesics,314139,5.94,2589201,4.67,4.67
202107,Nervous System,N03,Antiepileptics,123892,2.34,1926979,3.47,3.47
202107,Nervous System,N04,Anti-Parkinson Drugs,22033,0.42,301217,0.54,0.54
202107,Nervous System,N05,Psycholeptics,305538,5.78,2584401,4.66,4.66
202107,Nervous System,N06,Psychoanaleptics,360464,6.81,2603804,4.7,4.7
202107,Nervous System,N07,Other Nervous System Drugs,33873,0.64,807036,1.46,1.46
202107,Nervous System,,,,,,,
202107,Respiratory System,R01,Nasal Preparations,57714,1.09,631627,1.14,1.14
202107,Respiratory System,R03,Drugs For Obstructive Airway Diseases,305192,5.77,6201685,11.18,11.18
202107,Respiratory System,R05,Cough and Cold Preparations,14946,0.28,97459,0.18,0.18
202107,Respiratory System,R06,Antihistamines For Systemic Use,92179,1.74,374633,0.68,0.68
202107,Respiratory System,,,,,,,
202107,Sensory Organs,S01,Ophthalmologicals,139348,2.63,1210700,2.18,2.18
202107,Sensory Organs,S02,Otologicals,2390,0.05,12281,0.02,0.02
202107,Sensory Organs,S03,Ophthalmological and Otological Preparations,4544,0.09,11928,0.02,0.02
202107,Sensory Organs,,,,,,,
202107,Systemic Hormonal Preparations Excl. Sex Hormones and Insulins,H01,Pituitary and Hypothalamic Hormones and Analogues,1095,0.02,60200,0.11,0.11
202107,Systemic Hormonal Preparations Excl. Sex Hormones and Insulins,H02,Corticosteroids For Systemic Use,52973,1,288274,0.52,0.52
202107,Systemic Hormonal Preparations Excl. Sex Hormones and Insulins,H03,Thyroid Therapy,173491,3.28,307859,0.56,0.56
202107,Systemic Hormonal Preparations Excl. Sex Hormones and Insulins,H04,Pancreatic Hormones,227,0,5012,0.01,0.01
202107,Systemic Hormonal Preparations Excl. Sex Hormones and Insulins,,,,,,,
202107,Various,V01,Allergens,127,0,10539,0.02,0.02
202107,Various,V03,All Other Therapeutic Products,2002,0.04,185641,0.33,0.33
202107,Various,V04,Diagnostic Agents,11256,0.21,256771,0.46,0.46
202107,Various,V06,General Nutrients,47245,0.89,3641606,6.57,6.57
202107,Various,V07,All Other Non-Therapeutic Products,,,,,6.16
202107,Various,V07 1,Ostomy Requisites,32035,0.61,1857523,3.35,3.35
202107,Various,V07 2,Urinary Requisites,13549,0.26,1154145,2.08,2.08
202107,Various,V07 3,Needles/Syringes/Lancets,7746,0.15,90062,0.16,0.16
202107,Various,V07 4,Dressings,3577,0.07,184925,0.33,0.33
202107,Various,V07 5,Miscellaneous,6192,0.12,128522,0.23,0.23
202107,Various,,,,,,,
202108,Alimentary Tract and Metabolism,A01,Stomatological Preparations,5669,0.11,17746,0.03,0.03
202108,Alimentary Tract and Metabolism,A02,Drugs For Acid Related Disorders,363449,7.19,2161279,4.06,4.06
202108,Alimentary Tract and Metabolism,A03,Drugs For Functional Gastrointestinal Disorders,31848,0.63,171629,0.32,0.32
202108,Alimentary Tract and Metabolism,A04,Antiemetics and Antinauseants,3341,0.07,264477,0.5,0.5
202108,Alimentary Tract and Metabolism,A05,Bile and Liver Therapy,2221,0.04,54428,0.1,0.1
202108,Alimentary Tract and Metabolism,A06,Laxatives,80702,1.6,935520,1.76,1.76
202108,Alimentary Tract and Metabolism,A07,Antidiarrheals Intestinal Antiinflammatory/Antiinfective Agents,22991,0.45,812769,1.53,1.53
202108,Alimentary Tract and Metabolism,A09,Digestives Incl. Enzymes,2616,0.05,159111,0.3,0.3
202108,Alimentary Tract and Metabolism,A10,Drugs Used In Diabetes,57696,1.14,1232901,2.32,2.32
202108,Alimentary Tract and Metabolism,A11,Vitamins,128660,2.54,566015,1.06,1.06
202108,Alimentary Tract and Metabolism,A12,Mineral Supplements,112078,2.22,588504,1.11,1.11
202108,Alimentary Tract and Metabolism,A14,Anabolic Agents For Systemic Use,49,0,514,0,0
202108,Alimentary Tract and Metabolism,,,,,,,
202108,Antiinfectives For Systemic Use,J01,Antibacterials For Systemic Use,146120,2.89,899616,1.69,1.69
202108,Antiinfectives For Systemic Use,J02,Antimycotics For Systemic Use,7477,0.15,76030,0.14,0.14
202108,Antiinfectives For Systemic Use,J04,Antimycobacterials,590,0.01,15889,0.03,0.03
202108,Antiinfectives For Systemic Use,J05,Antivirals For Systemic Use,5734,0.11,248335,0.47,0.47
202108,Antiinfectives For Systemic Use,,,,,,,
202108,Antineoplastic and Immunomodulating Agents,L01,Antineoplastic Agents,3466,0.07,108188,0.2,0.2
202108,Antineoplastic and Immunomodulating Agents,L02,Endocrine Therapy,9960,0.2,206066,0.39,0.39
202108,Antineoplastic and Immunomodulating Agents,L04,Immunosuppressive Agents,16720,0.33,268010,0.5,0.5
202108,Antineoplastic and Immunomodulating Agents,,,,,,,
202108,Antiparasitic Products Insecticides and Repellents,P01,Antiprotozoals,9469,0.19,47077,0.09,0.09
202108,Antiparasitic Products Insecticides and Repellents,P02,Anthelmintics,456,0.01,6662,0.01,0.01
202108,Antiparasitic Products Insecticides and Repellents,P03,Ectoparasiticides Incl. Scabicides Insecticides and Repellents,925,0.02,13925,0.03,0.03
202108,Antiparasitic Products Insecticides and Repellents,,,,,,,
202108,Blood and Blood Forming Organs,B01,Antithrombotic Agents,258678,5.11,4848199,9.1,9.1
202108,Blood and Blood Forming Organs,B02,Antihemorrhagics,1855,0.04,20864,0.04,0.04
202108,Blood and Blood Forming Organs,B03,Antianemic Preparations,107068,2.12,188099,0.35,0.35
202108,Blood and Blood Forming Organs,B05,Blood Substitutes and Perfusion Solutions,4,0,40,0,0
202108,Blood and Blood Forming Organs,,,,,,,
202108,Cardiovascular System,C01,Cardiac Therapy,46004,0.91,897538,1.69,1.69
202108,Cardiovascular System,C02,Antihypertensives,17181,0.34,186896,0.35,0.35
202108,Cardiovascular System,C03,Diuretics,102039,2.02,315212,0.59,0.59
202108,Cardiovascular System,C04,Peripheral Vasodilators,2722,0.05,38856,0.07,0.07
202108,Cardiovascular System,C05,Vasoprotectives,9861,0.19,62617,0.12,0.12
202108,Cardiovascular System,C07,Beta Blocking Agents,164818,3.26,434224,0.82,0.82
202108,Cardiovascular System,C08,Calcium Channel Blockers,136668,2.7,441456,0.83,0.83
202108,Cardiovascular System,C09,Agents Acting On The Renin-Angiotensin System,267525,5.29,2015223,3.78,3.78
202108,Cardiovascular System,C10,Serum Lipid Reducing Agents,316497,6.26,1732313,3.25,3.25
202108,Cardiovascular System,,,,,,,
202108,Dermatologicals,D01,Antifungals For Dermatological Use,33578,0.66,198285,0.37,0.37
202108,Dermatologicals,D02,Emollients and Protectives,19193,0.38,50021,0.09,0.09
202108,Dermatologicals,D03,Preparations For Treatment Of Wounds and Ulcers,26,0,316,0,0
202108,Dermatologicals,D05,Antipsoriatics,7304,0.14,326870,0.61,0.61
202108,Dermatologicals,D06,Antibiotics and Chemotherapeutics For Dermatological Use,8922,0.18,65851,0.12,0.12
202108,Dermatologicals,D07,Corticosteroids Dermatological Preparations,40922,0.81,214273,0.4,0.4
202108,Dermatologicals,D10,Anti-Acne Preparations,7325,0.14,114832,0.22,0.22
202108,Dermatologicals,D11,Other Dermatological Preparations,3019,0.06,118630,0.22,0.22
202108,Dermatologicals,,,,,,,
202108,Genito Urinary System and Sex Hormones,G01,Gynecological Antiinfectives and Antiseptics,1191,0.02,7403,0.01,0.01
202108,Genito Urinary System and Sex Hormones,G02,Other Gynecologicals,2394,0.05,197410,0.37,0.37
202108,Genito Urinary System and Sex Hormones,G03,Sex Hormones and Modulators Of The Genital System,88320,1.75,698257,1.31,1.31
202108,Genito Urinary System and Sex Hormones,G04,Urologicals,116300,2.3,1859501,3.49,3.49
202108,Genito Urinary System and Sex Hormones,,,,,,,
202108,Musculo-Skeletal System,M01,Antiinflammatory and Antirheumatic Products,93942,1.86,636070,1.19,1.19
202108,Musculo-Skeletal System,M02,Topical Products For Joint and Muscular Pain,74163,1.47,481528,0.9,0.9
202108,Musculo-Skeletal System,M03,Muscle Relaxants,7042,0.14,70108,0.13,0.13
202108,Musculo-Skeletal System,M04,Antigout Preparations,36002,0.71,160539,0.3,0.3
202108,Musculo-Skeletal System,M05,Drugs For Treatment Of Bone Diseases,34162,0.68,1395453,2.62,2.62
202108,Musculo-Skeletal System,M09,Other Drugs For Disorders Of The Musculo-Skeletal System,10626,0.21,125348,0.24,0.24
202108,Musculo-Skeletal System,,,,,,,
202108,Nervous System,N01,Anesthetics,2816,0.06,175772,0.33,0.33
202108,Nervous System,N02,Analgesics,301024,5.95,2474999,4.65,4.65
202108,Nervous System,N03,Antiepileptics,119572,2.36,1867060,3.51,3.51
202108,Nervous System,N04,Anti-Parkinson Drugs,21220,0.42,289766,0.54,0.54
202108,Nervous System,N05,Psycholeptics,295954,5.85,2485180,4.67,4.67
202108,Nervous System,N06,Psychoanaleptics,347018,6.86,2513734,4.72,4.72
202108,Nervous System,N07,Other Nervous System Drugs,32597,0.64,773563,1.45,1.45
202108,Nervous System,,,,,,,
202108,Respiratory System,R01,Nasal Preparations,51710,1.02,568908,1.07,1.07
202108,Respiratory System,R03,Drugs For Obstructive Airway Diseases,289087,5.72,5903250,11.08,11.08
202108,Respiratory System,R05,Cough and Cold Preparations,14495,0.29,92605,0.17,0.17
202108,Respiratory System,R06,Antihistamines For Systemic Use,80440,1.59,322507,0.61,0.61
202108,Respiratory System,,,,,,,
202108,Sensory Organs,S01,Ophthalmologicals,130999,2.59,1140948,2.14,2.14
202108,Sensory Organs,S02,Otologicals,2195,0.04,11329,0.02,0.02
202108,Sensory Organs,S03,Ophthalmological and Otological Preparations,4557,0.09,11978,0.02,0.02
202108,Sensory Organs,,,,,,,
202108,Systemic Hormonal Preparations Excl. Sex Hormones and Insulins,H01,Pituitary and Hypothalamic Hormones and Analogues,1017,0.02,56863,0.11,0.11
202108,Systemic Hormonal Preparations Excl. Sex Hormones and Insulins,H02,Corticosteroids For Systemic Use,49073,0.97,272244,0.51,0.51
202108,Systemic Hormonal Preparations Excl. Sex Hormones and Insulins,H03,Thyroid Therapy,166989,3.3,295973,0.56,0.56
202108,Systemic Hormonal Preparations Excl. Sex Hormones and Insulins,H04,Pancreatic Hormones,213,0,4866,0.01,0.01
202108,Systemic Hormonal Preparations Excl. Sex Hormones and Insulins,,,,,,,
202108,Various,V01,Allergens,114,0,9443,0.02,0.02
202108,Various,V03,All Other Therapeutic Products,1911,0.04,173848,0.33,0.33
202108,Various,V04,Diagnostic Agents,10937,0.22,252069,0.47,0.47
202108,Various,V06,General Nutrients,44437,0.88,3448720,6.48,6.48
202108,Various,V07,All Other Non-Therapeutic Products,,,,,6.3
202108,Various,V07 1,Ostomy Requisites,30682,0.61,1771825,3.33,3.33
202108,Various,V07 2,Urinary Requisites,13335,0.26,1137175,2.14,2.14
202108,Various,V07 3,Needles/Syringes/Lancets,7267,0.14,87244,0.16,0.16
202108,Various,V07 4,Dressings,3405,0.07,161213,0.3,0.3
202108,Various,V07 5,Miscellaneous,6856,0.14,195646,0.37,0.37
202108,Various,,,,,,,
202109,Alimentary Tract and Metabolism,A01,Stomatological Preparations,6197,0.12,19225,0.04,0.04
202109,Alimentary Tract and Metabolism,A02,Drugs For Acid Related Disorders,369905,7.12,2200341,4.04,4.04
202109,Alimentary Tract and Metabolism,A03,Drugs For Functional Gastrointestinal Disorders,32781,0.63,176335,0.32,0.32
202109,Alimentary Tract and Metabolism,A04,Antiemetics and Antinauseants,3453,0.07,265024,0.49,0.49
202109,Alimentary Tract and Metabolism,A05,Bile and Liver Therapy,2221,0.04,54180,0.1,0.1
202109,Alimentary Tract and Metabolism,A06,Laxatives,81663,1.57,945518,1.74,1.74
202109,Alimentary Tract and Metabolism,A07,Antidiarrheals Intestinal Antiinflammatory/Antiinfective Agents,23471,0.45,825251,1.52,1.52
202109,Alimentary Tract and Metabolism,A09,Digestives Incl. Enzymes,2670,0.05,161083,0.3,0.3
202109,Alimentary Tract and Metabolism,A10,Drugs Used In Diabetes,59289,1.14,1285265,2.36,2.36
202109,Alimentary Tract and Metabolism,A11,Vitamins,131429,2.53,579613,1.06,1.06
202109,Alimentary Tract and Metabolism,A12,Mineral Supplements,113544,2.19,596212,1.09,1.09
202109,Alimentary Tract and Metabolism,A14,Anabolic Agents For Systemic Use,63,0,688,0,0
202109,Alimentary Tract and Metabolism,,,,,,,
202109,Antiinfectives For Systemic Use,J01,Antibacterials For Systemic Use,175144,3.37,1023304,1.88,1.88
202109,Antiinfectives For Systemic Use,J02,Antimycotics For Systemic Use,8238,0.16,80196,0.15,0.15
202109,Antiinfectives For Systemic Use,J04,Antimycobacterials,568,0.01,15575,0.03,0.03
202109,Antiinfectives For Systemic Use,J05,Antivirals For Systemic Use,5965,0.11,258903,0.48,0.48
202109,Antiinfectives For Systemic Use,,,,,,,
202109,Antineoplastic and Immunomodulating Agents,L01,Antineoplastic Agents,3609,0.07,109779,0.2,0.2
202109,Antineoplastic and Immunomodulating Agents,L02,Endocrine Therapy,10199,0.2,207477,0.38,0.38
202109,Antineoplastic and Immunomodulating Agents,L04,Immunosuppressive Agents,16939,0.33,273730,0.5,0.5
202109,Antineoplastic and Immunomodulating Agents,,,,,,,
202109,Antiparasitic Products Insecticides and Repellents,P01,Antiprotozoals,9778,0.19,45638,0.08,0.08
202109,Antiparasitic Products Insecticides and Repellents,P02,Anthelmintics,491,0.01,4688,0.01,0.01
202109,Antiparasitic Products Insecticides and Repellents,P03,Ectoparasiticides Incl. Scabicides Insecticides and Repellents,1209,0.02,17331,0.03,0.03
202109,Antiparasitic Products Insecticides and Repellents,,,,,,,
202109,Blood and Blood Forming Organs,B01,Antithrombotic Agents,261291,5.03,4936987,9.07,9.07
202109,Blood and Blood Forming Organs,B02,Antihemorrhagics,2019,0.04,23214,0.04,0.04
202109,Blood and Blood Forming Organs,B03,Antianemic Preparations,110529,2.13,198136,0.36,0.36
202109,Blood and Blood Forming Organs,B05,Blood Substitutes and Perfusion Solutions,2,0,36,0,0
202109,Blood and Blood Forming Organs,,,,,,,
202109,Cardiovascular System,C01,Cardiac Therapy,46045,0.89,855477,1.57,1.57
202109,Cardiovascular System,C02,Antihypertensives,17354,0.33,201043,0.37,0.37
202109,Cardiovascular System,C03,Diuretics,102591,1.97,322911,0.59,0.59
202109,Cardiovascular System,C04,Peripheral Vasodilators,2772,0.05,39188,0.07,0.07
202109,Cardiovascular System,C05,Vasoprotectives,10264,0.2,65888,0.12,0.12
202109,Cardiovascular System,C07,Beta Blocking Agents,166664,3.21,442634,0.81,0.81
202109,Cardiovascular System,C08,Calcium Channel Blockers,138291,2.66,446073,0.82,0.82
202109,Cardiovascular System,C09,Agents Acting On The Renin-Angiotensin System,270846,5.21,2051966,3.77,3.77
202109,Cardiovascular System,C10,Serum Lipid Reducing Agents,321523,6.19,1761498,3.23,3.23
202109,Cardiovascular System,,,,,,,
202109,Dermatologicals,D01,Antifungals For Dermatological Use,34872,0.67,203220,0.37,0.37
202109,Dermatologicals,D02,Emollients and Protectives,19470,0.37,51174,0.09,0.09
202109,Dermatologicals,D03,Preparations For Treatment Of Wounds and Ulcers,16,0,190,0,0
202109,Dermatologicals,D05,Antipsoriatics,7453,0.14,331220,0.61,0.61
202109,Dermatologicals,D06,Antibiotics and Chemotherapeutics For Dermatological Use,9192,0.18,69104,0.13,0.13
202109,Dermatologicals,D07,Corticosteroids Dermatological Preparations,42720,0.82,223609,0.41,0.41
202109,Dermatologicals,D10,Anti-Acne Preparations,7841,0.15,122512,0.22,0.22
202109,Dermatologicals,D11,Other Dermatological Preparations,3062,0.06,119135,0.22,0.22
202109,Dermatologicals,,,,,,,
202109,Genito Urinary System and Sex Hormones,G01,Gynecological Antiinfectives and Antiseptics,1304,0.03,7942,0.01,0.01
202109,Genito Urinary System and Sex Hormones,G02,Other Gynecologicals,2488,0.05,207522,0.38,0.38
202109,Genito Urinary System and Sex Hormones,G03,Sex Hormones and Modulators Of The Genital System,90816,1.75,739518,1.36,1.36
202109,Genito Urinary System and Sex Hormones,G04,Urologicals,117736,2.27,1890072,3.47,3.47
202109,Genito Urinary System and Sex Hormones,,,,,,,
202109,Musculo-Skeletal System,M01,Antiinflammatory and Antirheumatic Products,97947,1.88,658491,1.21,1.21
202109,Musculo-Skeletal System,M02,Topical Products For Joint and Muscular Pain,77274,1.49,504182,0.93,0.93
202109,Musculo-Skeletal System,M03,Muscle Relaxants,7170,0.14,71959,0.13,0.13
202109,Musculo-Skeletal System,M04,Antigout Preparations,36428,0.7,161779,0.3,0.3
202109,Musculo-Skeletal System,M05,Drugs For Treatment Of Bone Diseases,34538,0.66,1432673,2.63,2.63
202109,Musculo-Skeletal System,M09,Other Drugs For Disorders Of The Musculo-Skeletal System,10719,0.21,128290,0.24,0.24
202109,Musculo-Skeletal System,,,,,,,
202109,Nervous System,N01,Anesthetics,2838,0.05,177997,0.33,0.33
202109,Nervous System,N02,Analgesics,306849,5.9,2514737,4.62,4.62
202109,Nervous System,N03,Antiepileptics,121378,2.34,1884026,3.46,3.46
202109,Nervous System,N04,Anti-Parkinson Drugs,21680,0.42,298093,0.55,0.55
202109,Nervous System,N05,Psycholeptics,300433,5.78,2571795,4.72,4.72
202109,Nervous System,N06,Psychoanaleptics,354294,6.82,2566185,4.71,4.71
202109,Nervous System,N07,Other Nervous System Drugs,33131,0.64,763453,1.4,1.4
202109,Nervous System,,,,,,,
202109,Respiratory System,R01,Nasal Preparations,53570,1.03,590191,1.08,1.08
202109,Respiratory System,R03,Drugs For Obstructive Airway Diseases,303422,5.84,6079476,11.16,11.16
202109,Respiratory System,R05,Cough and Cold Preparations,17505,0.34,106002,0.19,0.19
202109,Respiratory System,R06,Antihistamines For Systemic Use,79913,1.54,319547,0.59,0.59
202109,Respiratory System,,,,,,,
202109,Sensory Organs,S01,Ophthalmologicals,134242,2.58,1167566,2.14,2.14
202109,Sensory Organs,S02,Otologicals,1784,0.03,9290,0.02,0.02
202109,Sensory Organs,S03,Ophthalmological and Otological Preparations,5456,0.1,14980,0.03,0.03
202109,Sensory Organs,,,,,,,
202109,Systemic Hormonal Preparations Excl. Sex Hormones and Insulins,H01,Pituitary and Hypothalamic Hormones and Analogues,1046,0.02,55735,0.1,0.1
202109,Systemic Hormonal Preparations Excl. Sex Hormones and Insulins,H02,Corticosteroids For Systemic Use,57210,1.1,306601,0.56,0.56
202109,Systemic Hormonal Preparations Excl. Sex Hormones and Insulins,H03,Thyroid Therapy,169249,3.26,299006,0.55,0.55
202109,Systemic Hormonal Preparations Excl. Sex Hormones and Insulins,H04,Pancreatic Hormones,215,0,4884,0.01,0.01
202109,Systemic Hormonal Preparations Excl. Sex Hormones and Insulins,,,,,,,
202109,Various,V01,Allergens,111,0,9373,0.02,0.02
202109,Various,V03,All Other Therapeutic Products,1966,0.04,177912,0.33,0.33
202109,Various,V04,Diagnostic Agents,11176,0.22,258355,0.47,0.47
202109,Various,V06,General Nutrients,46162,0.89,3537127,6.5,6.5
202109,Various,V07,All Other Non-Therapeutic Products,,,,,6.11
202109,Various,V07 1,Ostomy Requisites,31125,0.6,1801797,3.31,3.31
202109,Various,V07 2,Urinary Requisites,13372,0.26,1127681,2.07,2.07
202109,Various,V07 3,Needles/Syringes/Lancets,8262,0.16,91709,0.17,0.17
202109,Various,V07 4,Dressings,3575,0.07,172361,0.32,0.32
202109,Various,V07 5,Miscellaneous,6442,0.12,134749,0.25,0.25
202109,Various,,,,,,,
202110,Alimentary Tract and Metabolism,A01,Stomatological Preparations,5754,0.11,17859,0.03,0.03
202110,Alimentary Tract and Metabolism,A02,Drugs For Acid Related Disorders,362214,7.07,2150059,4.03,4.03
202110,Alimentary Tract and Metabolism,A03,Drugs For Functional Gastrointestinal Disorders,31339,0.61,169670,0.32,0.32
202110,Alimentary Tract and Metabolism,A04,Antiemetics and Antinauseants,3366,0.07,258941,0.49,0.49
202110,Alimentary Tract and Metabolism,A05,Bile and Liver Therapy,2242,0.04,54864,0.1,0.1
202110,Alimentary Tract and Metabolism,A06,Laxatives,79664,1.55,919822,1.72,1.72
202110,Alimentary Tract and Metabolism,A07,Antidiarrheals Intestinal Antiinflammatory/Antiinfective Agents,22212,0.43,801276,1.5,1.5
202110,Alimentary Tract and Metabolism,A09,Digestives Incl. Enzymes,2523,0.05,161290,0.3,0.3
202110,Alimentary Tract and Metabolism,A10,Drugs Used In Diabetes,58956,1.15,1294749,2.43,2.43
202110,Alimentary Tract and Metabolism,A11,Vitamins,130092,2.54,572031,1.07,1.07
202110,Alimentary Tract and Metabolism,A12,Mineral Supplements,111780,2.18,587348,1.1,1.1
202110,Alimentary Tract and Metabolism,A14,Anabolic Agents For Systemic Use,65,0,717,0,0
202110,Alimentary Tract and Metabolism,,,,,,,
202110,Antiinfectives For Systemic Use,J01,Antibacterials For Systemic Use,187892,3.67,1046361,1.96,1.96
202110,Antiinfectives For Systemic Use,J02,Antimycotics For Systemic Use,7751,0.15,76333,0.14,0.14
202110,Antiinfectives For Systemic Use,J04,Antimycobacterials,562,0.01,14519,0.03,0.03
202110,Antiinfectives For Systemic Use,J05,Antivirals For Systemic Use,5761,0.11,251818,0.47,0.47
202110,Antiinfectives For Systemic Use,,,,,,,
202110,Antineoplastic and Immunomodulating Agents,L01,Antineoplastic Agents,3638,0.07,107955,0.2,0.2
202110,Antineoplastic and Immunomodulating Agents,L02,Endocrine Therapy,10002,0.2,203855,0.38,0.38
202110,Antineoplastic and Immunomodulating Agents,L04,Immunosuppressive Agents,16525,0.32,267494,0.5,0.5
202110,Antineoplastic and Immunomodulating Agents,,,,,,,
202110,Antiparasitic Products Insecticides and Repellents,P01,Antiprotozoals,9437,0.18,47348,0.09,0.09
202110,Antiparasitic Products Insecticides and Repellents,P02,Anthelmintics,460,0.01,7611,0.01,0.01
202110,Antiparasitic Products Insecticides and Repellents,P03,Ectoparasiticides Incl. Scabicides Insecticides and Repellents,1094,0.02,15834,0.03,0.03
202110,Antiparasitic Products Insecticides and Repellents,,,,,,,
202110,Blood and Blood Forming Organs,B01,Antithrombotic Agents,258000,5.03,4885824,9.16,9.16
202110,Blood and Blood Forming Organs,B02,Antihemorrhagics,1968,0.04,21817,0.04,0.04
202110,Blood and Blood Forming Organs,B03,Antianemic Preparations,107899,2.11,185234,0.35,0.35
202110,Blood and Blood Forming Organs,B05,Blood Substitutes and Perfusion Solutions,3,0,37,0,0
202110,Blood and Blood Forming Organs,,,,,,,
202110,Cardiovascular System,C01,Cardiac Therapy,44683,0.87,794220,1.49,1.49
202110,Cardiovascular System,C02,Antihypertensives,17049,0.33,192559,0.36,0.36
202110,Cardiovascular System,C03,Diuretics,100140,1.95,317442,0.59,0.59
202110,Cardiovascular System,C04,Peripheral Vasodilators,2733,0.05,38765,0.07,0.07
202110,Cardiovascular System,C05,Vasoprotectives,9593,0.19,62057,0.12,0.12
202110,Cardiovascular System,C07,Beta Blocking Agents,164720,3.21,438047,0.82,0.82
202110,Cardiovascular System,C08,Calcium Channel Blockers,137406,2.68,441881,0.83,0.83
202110,Cardiovascular System,C09,Agents Acting On The Renin-Angiotensin System,267646,5.22,2033376,3.81,3.81
202110,Cardiovascular System,C10,Serum Lipid Reducing Agents,318548,6.22,1747072,3.27,3.27
202110,Cardiovascular System,,,,,,,
202110,Dermatologicals,D01,Antifungals For Dermatological Use,32499,0.63,188248,0.35,0.35
202110,Dermatologicals,D02,Emollients and Protectives,18851,0.37,49034,0.09,0.09
202110,Dermatologicals,D03,Preparations For Treatment Of Wounds and Ulcers,24,0,518,0,0
202110,Dermatologicals,D04,Antipruritics Incl. Antihistamines Anesthetics Etc.,2,0,144,0,0
202110,Dermatologicals,D05,Antipsoriatics,7184,0.14,326268,0.61,0.61
202110,Dermatologicals,D06,Antibiotics and Chemotherapeutics For Dermatological Use,8383,0.16,63680,0.12,0.12
202110,Dermatologicals,D07,Corticosteroids Dermatological Preparations,39869,0.78,207313,0.39,0.39
202110,Dermatologicals,D10,Anti-Acne Preparations,7617,0.15,118784,0.22,0.22
202110,Dermatologicals,D11,Other Dermatological Preparations,3004,0.06,119135,0.22,0.22
202110,Dermatologicals,,,,,,,
202110,Genito Urinary System and Sex Hormones,G01,Gynecological Antiinfectives and Antiseptics,1231,0.02,7418,0.01,0.01
202110,Genito Urinary System and Sex Hormones,G02,Other Gynecologicals,2339,0.05,191341,0.36,0.36
202110,Genito Urinary System and Sex Hormones,G03,Sex Hormones and Modulators Of The Genital System,91111,1.78,729224,1.37,1.37
202110,Genito Urinary System and Sex Hormones,G04,Urologicals,116718,2.28,1874760,3.51,3.51
202110,Genito Urinary System and Sex Hormones,,,,,,,
202110,Musculo-Skeletal System,M01,Antiinflammatory and Antirheumatic Products,93171,1.82,623103,1.17,1.17
202110,Musculo-Skeletal System,M02,Topical Products For Joint and Muscular Pain,74281,1.45,484286,0.91,0.91
202110,Musculo-Skeletal System,M03,Muscle Relaxants,7030,0.14,70506,0.13,0.13
202110,Musculo-Skeletal System,M04,Antigout Preparations,35703,0.7,158019,0.3,0.3
202110,Musculo-Skeletal System,M05,Drugs For Treatment Of Bone Diseases,33672,0.66,1329195,2.49,2.49
202110,Musculo-Skeletal System,M09,Other Drugs For Disorders Of The Musculo-Skeletal System,10597,0.21,120708,0.23,0.23
202110,Musculo-Skeletal System,,,,,,,
202110,Nervous System,N01,Anesthetics,2764,0.05,174122,0.33,0.33
202110,Nervous System,N02,Analgesics,301093,5.88,2463169,4.62,4.62
202110,Nervous System,N03,Antiepileptics,118817,2.32,1853803,3.47,3.47
202110,Nervous System,N04,Anti-Parkinson Drugs,21352,0.42,296249,0.56,0.56
202110,Nervous System,N05,Psycholeptics,291636,5.69,2455962,4.6,4.6
202110,Nervous System,N06,Psychoanaleptics,349092,6.81,2523230,4.73,4.73
202110,Nervous System,N07,Other Nervous System Drugs,32420,0.63,749109,1.4,1.4
202110,Nervous System,,,,,,,
202110,Respiratory System,R01,Nasal Preparations,52447,1.02,577782,1.08,1.08
202110,Respiratory System,R03,Drugs For Obstructive Airway Diseases,305404,5.96,6061464,11.36,11.36
202110,Respiratory System,R05,Cough and Cold Preparations,20448,0.4,114818,0.22,0.22
202110,Respiratory System,R06,Antihistamines For Systemic Use,74881,1.46,294450,0.55,0.55
202110,Respiratory System,,,,,,,
202110,Sensory Organs,S01,Ophthalmologicals,130775,2.55,1148232,2.15,2.15
202110,Sensory Organs,S02,Otologicals,1386,0.03,7160,0.01,0.01
202110,Sensory Organs,S03,Ophthalmological and Otological Preparations,5720,0.11,15395,0.03,0.03
202110,Sensory Organs,,,,,,,
202110,Systemic Hormonal Preparations Excl. Sex Hormones and Insulins,H01,Pituitary and Hypothalamic Hormones and Analogues,1010,0.02,55657,0.1,0.1
202110,Systemic Hormonal Preparations Excl. Sex Hormones and Insulins,H02,Corticosteroids For Systemic Use,63127,1.23,320516,0.6,0.6
202110,Systemic Hormonal Preparations Excl. Sex Hormones and Insulins,H03,Thyroid Therapy,166719,3.25,293294,0.55,0.55
202110,Systemic Hormonal Preparations Excl. Sex Hormones and Insulins,H04,Pancreatic Hormones,187,0,4159,0.01,0.01
202110,Systemic Hormonal Preparations Excl. Sex Hormones and Insulins,,,,,,,
202110,Various,V01,Allergens,103,0,8541,0.02,0.02
202110,Various,V03,All Other Therapeutic Products,1845,0.04,171406,0.32,0.32
202110,Various,V04,Diagnostic Agents,10932,0.21,247832,0.46,0.46
202110,Various,V06,General Nutrients,44437,0.87,3437511,6.44,6.44
202110,Various,V07,All Other Non-Therapeutic Products,,,,,6.06
202110,Various,V07 1,Ostomy Requisites,30430,0.59,1778107,3.33,3.33
202110,Various,V07 2,Urinary Requisites,12905,0.25,1113526,2.09,2.09
202110,Various,V07 3,Needles/Syringes/Lancets,8848,0.17,94999,0.18,0.18
202110,Various,V07 4,Dressings,3163,0.06,157533,0.3,0.3
202110,Various,V07 5,Miscellaneous,5705,0.11,91368,0.17,0.17
202110,Various,,,,,,,
202111,Alimentary Tract and Metabolism,A01,Stomatological Preparations,6014,0.11,18756,0.03,0.03
202111,Alimentary Tract and Metabolism,A02,Drugs For Acid Related Disorders,371157,7.05,2202228,4.01,4.01
202111,Alimentary Tract and Metabolism,A03,Drugs For Functional Gastrointestinal Disorders,32007,0.61,175177,0.32,0.32
202111,Alimentary Tract and Metabolism,A04,Antiemetics and Antinauseants,3584,0.07,284677,0.52,0.52
202111,Alimentary Tract and Metabolism,A05,Bile and Liver Therapy,2208,0.04,54307,0.1,0.1
202111,Alimentary Tract and Metabolism,A06,Laxatives,81938,1.56,949168,1.73,1.73
202111,Alimentary Tract and Metabolism,A07,Antidiarrheals Intestinal Antiinflammatory/Antiinfective Agents,22670,0.43,822628,1.5,1.5
202111,Alimentary Tract and Metabolism,A09,Digestives Incl. Enzymes,2705,0.05,166543,0.3,0.3
202111,Alimentary Tract and Metabolism,A10,Drugs Used In Diabetes,60938,1.16,1348758,2.46,2.46
202111,Alimentary Tract and Metabolism,A11,Vitamins,135541,2.58,595583,1.08,1.08
202111,Alimentary Tract and Metabolism,A12,Mineral Supplements,114233,2.17,599624,1.09,1.09
202111,Alimentary Tract and Metabolism,A14,Anabolic Agents For Systemic Use,77,0,892,0,0
202111,Alimentary Tract and Metabolism,,,,,,,
202111,Antiinfectives For Systemic Use,J01,Antibacterials For Systemic Use,199980,3.8,1104754,2.01,2.01
202111,Antiinfectives For Systemic Use,J02,Antimycotics For Systemic Use,8131,0.15,78101,0.14,0.14
202111,Antiinfectives For Systemic Use,J04,Antimycobacterials,571,0.01,15028,0.03,0.03
202111,Antiinfectives For Systemic Use,J05,Antivirals For Systemic Use,6074,0.12,262251,0.48,0.48
202111,Antiinfectives For Systemic Use,,,,,,,
202111,Antineoplastic and Immunomodulating Agents,L01,Antineoplastic Agents,3636,0.07,109712,0.2,0.2
202111,Antineoplastic and Immunomodulating Agents,L02,Endocrine Therapy,10227,0.19,192225,0.35,0.35
202111,Antineoplastic and Immunomodulating Agents,L04,Immunosuppressive Agents,17021,0.32,278209,0.51,0.51
202111,Antineoplastic and Immunomodulating Agents,,,,,,,
202111,Antiparasitic Products Insecticides and Repellents,P01,Antiprotozoals,9705,0.18,50811,0.09,0.09
202111,Antiparasitic Products Insecticides and Repellents,P02,Anthelmintics,559,0.01,6601,0.01,0.01
202111,Antiparasitic Products Insecticides and Repellents,P03,Ectoparasiticides Incl. Scabicides Insecticides and Repellents,1471,0.03,21718,0.04,0.04
202111,Antiparasitic Products Insecticides and Repellents,,,,,,,
202111,Blood and Blood Forming Organs,B01,Antithrombotic Agents,261926,4.98,4998520,9.1,9.1
202111,Blood and Blood Forming Organs,B02,Antihemorrhagics,1956,0.04,21427,0.04,0.04
202111,Blood and Blood Forming Organs,B03,Antianemic Preparations,110883,2.11,193253,0.35,0.35
202111,Blood and Blood Forming Organs,,,,,,,
202111,Cardiovascular System,C01,Cardiac Therapy,45537,0.87,803044,1.46,1.46
202111,Cardiovascular System,C02,Antihypertensives,17388,0.33,196338,0.36,0.36
202111,Cardiovascular System,C03,Diuretics,101578,1.93,256399,0.47,0.47
202111,Cardiovascular System,C04,Peripheral Vasodilators,2821,0.05,40235,0.07,0.07
202111,Cardiovascular System,C05,Vasoprotectives,10327,0.2,69220,0.13,0.13
202111,Cardiovascular System,C07,Beta Blocking Agents,167004,3.17,444953,0.81,0.81
202111,Cardiovascular System,C08,Calcium Channel Blockers,140328,2.67,452811,0.82,0.82
202111,Cardiovascular System,C09,Agents Acting On The Renin-Angiotensin System,272842,5.19,2082479,3.79,3.79
202111,Cardiovascular System,C10,Serum Lipid Reducing Agents,325443,6.19,1792017,3.26,3.26
202111,Cardiovascular System,,,,,,,
202111,Dermatologicals,D01,Antifungals For Dermatological Use,33492,0.64,191925,0.35,0.35
202111,Dermatologicals,D02,Emollients and Protectives,19537,0.37,51183,0.09,0.09
202111,Dermatologicals,D03,Preparations For Treatment Of Wounds and Ulcers,20,0,199,0,0
202111,Dermatologicals,D05,Antipsoriatics,7416,0.14,341463,0.62,0.62
202111,Dermatologicals,D06,Antibiotics and Chemotherapeutics For Dermatological Use,8705,0.17,65131,0.12,0.12
202111,Dermatologicals,D07,Corticosteroids Dermatological Preparations,41160,0.78,216929,0.39,0.39
202111,Dermatologicals,D10,Anti-Acne Preparations,7691,0.15,120913,0.22,0.22
202111,Dermatologicals,D11,Other Dermatological Preparations,3119,0.06,122933,0.22,0.22
202111,Dermatologicals,,,,,,,
202111,Genito Urinary System and Sex Hormones,G01,Gynecological Antiinfectives and Antiseptics,1245,0.02,7434,0.01,0.01
202111,Genito Urinary System and Sex Hormones,G02,Other Gynecologicals,2259,0.04,191227,0.35,0.35
202111,Genito Urinary System and Sex Hormones,G03,Sex Hormones and Modulators Of The Genital System,92300,1.75,746839,1.36,1.36
202111,Genito Urinary System and Sex Hormones,G04,Urologicals,118867,2.26,1911220,3.48,3.48
202111,Genito Urinary System and Sex Hormones,,,,,,,
202111,Musculo-Skeletal System,M01,Antiinflammatory and Antirheumatic Products,95851,1.82,640194,1.17,1.17
202111,Musculo-Skeletal System,M02,Topical Products For Joint and Muscular Pain,75717,1.44,493773,0.9,0.9
202111,Musculo-Skeletal System,M03,Muscle Relaxants,7117,0.14,70652,0.13,0.13
202111,Musculo-Skeletal System,M04,Antigout Preparations,36233,0.69,159128,0.29,0.29
202111,Musculo-Skeletal System,M05,Drugs For Treatment Of Bone Diseases,34922,0.66,1499080,2.73,2.73
202111,Musculo-Skeletal System,M09,Other Drugs For Disorders Of The Musculo-Skeletal System,10676,0.2,127995,0.23,0.23
202111,Musculo-Skeletal System,,,,,,,
202111,Nervous System,N01,Anesthetics,2814,0.05,177231,0.32,0.32
202111,Nervous System,N02,Analgesics,308940,5.87,2494713,4.54,4.54
202111,Nervous System,N03,Antiepileptics,121991,2.32,1901658,3.46,3.46
202111,Nervous System,N04,Anti-Parkinson Drugs,21684,0.41,297196,0.54,0.54
202111,Nervous System,N05,Psycholeptics,299199,5.69,2532697,4.61,4.61
202111,Nervous System,N06,Psychoanaleptics,357698,6.8,2598187,4.73,4.73
202111,Nervous System,N07,Other Nervous System Drugs,32990,0.63,762013,1.39,1.39
202111,Nervous System,,,,,,,
202111,Respiratory System,R01,Nasal Preparations,54832,1.04,600164,1.09,1.09
202111,Respiratory System,R03,Drugs For Obstructive Airway Diseases,315935,6.01,6224575,11.33,11.33
202111,Respiratory System,R05,Cough and Cold Preparations,22715,0.43,124489,0.23,0.23
202111,Respiratory System,R06,Antihistamines For Systemic Use,74942,1.42,290431,0.53,0.53
202111,Respiratory System,,,,,,,
202111,Sensory Organs,S01,Ophthalmologicals,133807,2.54,1167748,2.13,2.13
202111,Sensory Organs,S02,Otologicals,1354,0.03,6982,0.01,0.01
202111,Sensory Organs,S03,Ophthalmological and Otological Preparations,6537,0.12,17802,0.03,0.03
202111,Sensory Organs,,,,,,,
202111,Systemic Hormonal Preparations Excl. Sex Hormones and Insulins,H01,Pituitary and Hypothalamic Hormones and Analogues,1068,0.02,57962,0.11,0.11
202111,Systemic Hormonal Preparations Excl. Sex Hormones and Insulins,H02,Corticosteroids For Systemic Use,67165,1.28,337445,0.61,0.61
202111,Systemic Hormonal Preparations Excl. Sex Hormones and Insulins,H03,Thyroid Therapy,169525,3.22,299917,0.55,0.55
202111,Systemic Hormonal Preparations Excl. Sex Hormones and Insulins,H04,Pancreatic Hormones,211,0,4596,0.01,0.01
202111,Systemic Hormonal Preparations Excl. Sex Hormones and Insulins,,,,,,,
202111,Various,V01,Allergens,111,0,9171,0.02,0.02
202111,Various,V03,All Other Therapeutic Products,1883,0.04,173521,0.32,0.32
202111,Various,V04,Diagnostic Agents,11113,0.21,252272,0.46,0.46
202111,Various,V06,General Nutrients,45764,0.87,3556553,6.48,6.48
202111,Various,V07,All Other Non-Therapeutic Products,,,,,6.17
202111,Various,V07 1,Ostomy Requisites,31308,0.6,1836150,3.34,3.34
202111,Various,V07 2,Urinary Requisites,13544,0.26,1141206,2.08,2.08
202111,Various,V07 3,Needles/Syringes/Lancets,9152,0.17,98720,0.18,0.18
202111,Various,V07 4,Dressings,3271,0.06,169341,0.31,0.31
202111,Various,V07 5,Miscellaneous,6771,0.13,146142,0.27,0.27
202111,Various,,,,,,,
202112,Alimentary Tract and Metabolism,A01,Stomatological Preparations,5726,0.11,18011,0.03,0.03
202112,Alimentary Tract and Metabolism,A02,Drugs For Acid Related Disorders,382442,7.15,2276893,4.09,4.09
202112,Alimentary Tract and Metabolism,A03,Drugs For Functional Gastrointestinal Disorders,32746,0.61,179632,0.32,0.32
202112,Alimentary Tract and Metabolism,A04,Antiemetics and Antinauseants,3581,0.07,290459,0.52,0.52
202112,Alimentary Tract and Metabolism,A05,Bile and Liver Therapy,2338,0.04,57049,0.1,0.1
202112,Alimentary Tract and Metabolism,A06,Laxatives,82323,1.54,957401,1.72,1.72
202112,Alimentary Tract and Metabolism,A07,Antidiarrheals Intestinal Antiinflammatory/Antiinfective Agents,22693,0.42,848415,1.52,1.52
202112,Alimentary Tract and Metabolism,A09,Digestives Incl. Enzymes,2766,0.05,172289,0.31,0.31
202112,Alimentary Tract and Metabolism,A10,Drugs Used In Diabetes,63265,1.18,1404955,2.52,2.52
202112,Alimentary Tract and Metabolism,A11,Vitamins,139878,2.61,617221,1.11,1.11
202112,Alimentary Tract and Metabolism,A12,Mineral Supplements,117746,2.2,619008,1.11,1.11
202112,Alimentary Tract and Metabolism,A14,Anabolic Agents For Systemic Use,72,0,773,0,0
202112,Alimentary Tract and Metabolism,,,,,,,
202112,Antiinfectives For Systemic Use,J01,Antibacterials For Systemic Use,192907,3.6,1087230,1.95,1.95
202112,Antiinfectives For Systemic Use,J02,Antimycotics For Systemic Use,7625,0.14,73622,0.13,0.13
202112,Antiinfectives For Systemic Use,J04,Antimycobacterials,566,0.01,15228,0.03,0.03
202112,Antiinfectives For Systemic Use,J05,Antivirals For Systemic Use,6007,0.11,260068,0.47,0.47
202112,Antiinfectives For Systemic Use,,,,,,,
202112,Antineoplastic and Immunomodulating Agents,L01,Antineoplastic Agents,3488,0.07,105388,0.19,0.19
202112,Antineoplastic and Immunomodulating Agents,L02,Endocrine Therapy,10582,0.2,201766,0.36,0.36
202112,Antineoplastic and Immunomodulating Agents,L04,Immunosuppressive Agents,17440,0.33,285648,0.51,0.51
202112,Antineoplastic and Immunomodulating Agents,,,,,,,
202112,Antiparasitic Products Insecticides and Repellents,P01,Antiprotozoals,10012,0.19,59036,0.11,0.11
202112,Antiparasitic Products Insecticides and Repellents,P02,Anthelmintics,433,0.01,10604,0.02,0.02
202112,Antiparasitic Products Insecticides and Repellents,P03,Ectoparasiticides Incl. Scabicides Insecticides and Repellents,1271,0.02,19311,0.03,0.03
202112,Antiparasitic Products Insecticides and Repellents,,,,,,,
202112,Blood and Blood Forming Organs,B01,Antithrombotic Agents,270618,5.06,5173675,9.29,9.29
202112,Blood and Blood Forming Organs,B02,Antihemorrhagics,1932,0.04,22326,0.04,0.04
202112,Blood and Blood Forming Organs,B03,Antianemic Preparations,111931,2.09,183747,0.33,0.33
202112,Blood and Blood Forming Organs,B05,Blood Substitutes and Perfusion Solutions,3,0,10,0,0
202112,Blood and Blood Forming Organs,,,,,,,
202112,Cardiovascular System,C01,Cardiac Therapy,46604,0.87,817063,1.47,1.47
202112,Cardiovascular System,C02,Antihypertensives,17936,0.34,205657,0.37,0.37
202112,Cardiovascular System,C03,Diuretics,104222,1.95,260742,0.47,0.47
202112,Cardiovascular System,C04,Peripheral Vasodilators,2819,0.05,40444,0.07,0.07
202112,Cardiovascular System,C05,Vasoprotectives,10049,0.19,66656,0.12,0.12
202112,Cardiovascular System,C07,Beta Blocking Agents,173180,3.24,461972,0.83,0.83
202112,Cardiovascular System,C08,Calcium Channel Blockers,145175,2.71,467927,0.84,0.84
202112,Cardiovascular System,C09,Agents Acting On The Renin-Angiotensin System,282219,5.27,2154749,3.87,3.87
202112,Cardiovascular System,C10,Serum Lipid Reducing Agents,337639,6.31,1861491,3.34,3.34
202112,Cardiovascular System,,,,,,,
202112,Dermatologicals,D01,Antifungals For Dermatological Use,31167,0.58,175798,0.32,0.32
202112,Dermatologicals,D02,Emollients and Protectives,19231,0.36,50244,0.09,0.09
202112,Dermatologicals,D03,Preparations For Treatment Of Wounds and Ulcers,16,0,190,0,0
202112,Dermatologicals,D05,Antipsoriatics,7279,0.14,327801,0.59,0.59
202112,Dermatologicals,D06,Antibiotics and Chemotherapeutics For Dermatological Use,8212,0.15,62638,0.11,0.11
202112,Dermatologicals,D07,Corticosteroids Dermatological Preparations,38833,0.73,207392,0.37,0.37
202112,Dermatologicals,D10,Anti-Acne Preparations,7108,0.13,111966,0.2,0.2
202112,Dermatologicals,D11,Other Dermatological Preparations,2976,0.06,114598,0.21,0.21
202112,Dermatologicals,,,,,,,
202112,Genito Urinary System and Sex Hormones,G01,Gynecological Antiinfectives and Antiseptics,1058,0.02,6341,0.01,0.01
202112,Genito Urinary System and Sex Hormones,G02,Other Gynecologicals,1901,0.04,140917,0.25,0.25
202112,Genito Urinary System and Sex Hormones,G03,Sex Hormones and Modulators Of The Genital System,92956,1.74,711233,1.28,1.28
202112,Genito Urinary System and Sex Hormones,G04,Urologicals,122462,2.29,1946860,3.49,3.49
202112,Genito Urinary System and Sex Hormones,,,,,,,
202112,Musculo-Skeletal System,M01,Antiinflammatory and Antirheumatic Products,93084,1.74,633950,1.14,1.14
202112,Musculo-Skeletal System,M02,Topical Products For Joint and Muscular Pain,74426,1.39,486031,0.87,0.87
202112,Musculo-Skeletal System,M03,Muscle Relaxants,7199,0.13,71484,0.13,0.13
202112,Musculo-Skeletal System,M04,Antigout Preparations,37298,0.7,164180,0.29,0.29
202112,Musculo-Skeletal System,M05,Drugs For Treatment Of Bone Diseases,35007,0.65,1370629,2.46,2.46
202112,Musculo-Skeletal System,M09,Other Drugs For Disorders Of The Musculo-Skeletal System,10761,0.2,115762,0.21,0.21
202112,Musculo-Skeletal System,,,,,,,
202112,Nervous System,N01,Anesthetics,2823,0.05,178886,0.32,0.32
202112,Nervous System,N02,Analgesics,316767,5.92,2598175,4.66,4.66
202112,Nervous System,N03,Antiepileptics,125085,2.34,1981607,3.56,3.56
202112,Nervous System,N04,Anti-Parkinson Drugs,22197,0.41,300378,0.54,0.54
202112,Nervous System,N05,Psycholeptics,306050,5.72,2637071,4.73,4.73
202112,Nervous System,N06,Psychoanaleptics,366491,6.85,2666504,4.79,4.79
202112,Nervous System,N07,Other Nervous System Drugs,32163,0.6,725626,1.3,1.3
202112,Nervous System,,,,,,,
202112,Respiratory System,R01,Nasal Preparations,54884,1.03,601193,1.08,1.08
202112,Respiratory System,R03,Drugs For Obstructive Airway Diseases,321981,6.02,6349051,11.4,11.4
202112,Respiratory System,R05,Cough and Cold Preparations,21394,0.4,118449,0.21,0.21
202112,Respiratory System,R06,Antihistamines For Systemic Use,74241,1.39,285515,0.51,0.51
202112,Respiratory System,,,,,,,
202112,Sensory Organs,S01,Ophthalmologicals,135225,2.53,1199487,2.15,2.15
202112,Sensory Organs,S02,Otologicals,1201,0.02,6163,0.01,0.01
202112,Sensory Organs,S03,Ophthalmological and Otological Preparations,5770,0.11,15318,0.03,0.03
202112,Sensory Organs,,,,,,,
202112,Systemic Hormonal Preparations Excl. Sex Hormones and Insulins,H01,Pituitary and Hypothalamic Hormones and Analogues,1072,0.02,59126,0.11,0.11
202112,Systemic Hormonal Preparations Excl. Sex Hormones and Insulins,H02,Corticosteroids For Systemic Use,66346,1.24,341246,0.61,0.61
202112,Systemic Hormonal Preparations Excl. Sex Hormones and Insulins,H03,Thyroid Therapy,175601,3.28,310336,0.56,0.56
202112,Systemic Hormonal Preparations Excl. Sex Hormones and Insulins,H04,Pancreatic Hormones,207,0,4665,0.01,0.01
202112,Systemic Hormonal Preparations Excl. Sex Hormones and Insulins,,,,,,,
202112,Various,V01,Allergens,122,0,9846,0.02,0.02
202112,Various,V03,All Other Therapeutic Products,1886,0.04,176373,0.32,0.32
202112,Various,V04,Diagnostic Agents,11013,0.21,245894,0.44,0.44
202112,Various,V06,General Nutrients,45343,0.85,3537518,6.35,6.35
202112,Various,V07,All Other Non-Therapeutic Products,,,,,6.07
202112,Various,V07 1,Ostomy Requisites,31915,0.6,1899506,3.41,3.41
202112,Various,V07 2,Urinary Requisites,13662,0.26,1178782,2.12,2.12
202112,Various,V07 3,Needles/Syringes/Lancets,8503,0.16,92180,0.17,0.17
202112,Various,V07 4,Dressings,2526,0.05,128594,0.23,0.23
202112,Various,V07 5,Miscellaneous,5899,0.11,84865,0.15,0.15
202112,Various,,,,,,,
202201,Alimentary Tract and Metabolism,A01,Stomatological Preparations,5534,0.11,17186,0.03,0.03
202201,Alimentary Tract and Metabolism,A02,Drugs For Acid Related Disorders,371358,7.16,2210420,4.04,4.04
202201,Alimentary Tract and Metabolism,A03,Drugs For Functional Gastrointestinal Disorders,31433,0.61,171531,0.31,0.31
202201,Alimentary Tract and Metabolism,A04,Antiemetics and Antinauseants,3372,0.06,267188,0.49,0.49
202201,Alimentary Tract and Metabolism,A05,Bile and Liver Therapy,2270,0.04,55659,0.1,0.1
202201,Alimentary Tract and Metabolism,A06,Laxatives,79962,1.54,944465,1.73,1.73
202201,Alimentary Tract and Metabolism,A07,Antidiarrheals Intestinal Antiinflammatory/Antiinfective Agents,21913,0.42,807910,1.48,1.48
202201,Alimentary Tract and Metabolism,A09,Digestives Incl. Enzymes,2812,0.05,172309,0.32,0.32
202201,Alimentary Tract and Metabolism,A10,Drugs Used In Diabetes,62207,1.2,1401580,2.56,2.56
202201,Alimentary Tract and Metabolism,A11,Vitamins,137555,2.65,607201,1.11,1.11
202201,Alimentary Tract and Metabolism,A12,Mineral Supplements,114368,2.2,599801,1.1,1.1
202201,Alimentary Tract and Metabolism,A14,Anabolic Agents For Systemic Use,65,0,736,0,0
202201,Alimentary Tract and Metabolism,,,,,,,
202201,Antiinfectives For Systemic Use,J01,Antibacterials For Systemic Use,165414,3.19,971490,1.78,1.78
202201,Antiinfectives For Systemic Use,J02,Antimycotics For Systemic Use,7383,0.14,72716,0.13,0.13
202201,Antiinfectives For Systemic Use,J04,Antimycobacterials,592,0.01,15810,0.03,0.03
202201,Antiinfectives For Systemic Use,J05,Antivirals For Systemic Use,5801,0.11,249872,0.46,0.46
202201,Antiinfectives For Systemic Use,,,,,,,
202201,Antineoplastic and Immunomodulating Agents,L01,Antineoplastic Agents,3542,0.07,106008,0.19,0.19
202201,Antineoplastic and Immunomodulating Agents,L02,Endocrine Therapy,10239,0.2,196218,0.36,0.36
202201,Antineoplastic and Immunomodulating Agents,L04,Immunosuppressive Agents,16855,0.32,273901,0.5,0.5
202201,Antineoplastic and Immunomodulating Agents,,,,,,,
202201,Antiparasitic Products Insecticides and Repellents,P01,Antiprotozoals,9403,0.18,50266,0.09,0.09
202201,Antiparasitic Products Insecticides and Repellents,P02,Anthelmintics,551,0.01,9259,0.02,0.02
202201,Antiparasitic Products Insecticides and Repellents,P03,Ectoparasiticides Incl. Scabicides Insecticides and Repellents,1507,0.03,23588,0.04,0.04
202201,Antiparasitic Products Insecticides and Repellents,,,,,,,
202201,Blood and Blood Forming Organs,B01,Antithrombotic Agents,261744,5.04,5069889,9.28,9.28
202201,Blood and Blood Forming Organs,B02,Antihemorrhagics,1914,0.04,21833,0.04,0.04
202201,Blood and Blood Forming Organs,B03,Antianemic Preparations,109900,2.12,181423,0.33,0.33
202201,Blood and Blood Forming Organs,B05,Blood Substitutes and Perfusion Solutions,2,0,171,0,0
202201,Blood and Blood Forming Organs,,,,,,,
202201,Cardiovascular System,C01,Cardiac Therapy,45765,0.88,811973,1.49,1.49
202201,Cardiovascular System,C02,Antihypertensives,17269,0.33,192837,0.35,0.35
202201,Cardiovascular System,C03,Diuretics,101793,1.96,254663,0.47,0.47
202201,Cardiovascular System,C04,Peripheral Vasodilators,2784,0.05,40715,0.07,0.07
202201,Cardiovascular System,C05,Vasoprotectives,9747,0.19,63603,0.12,0.12
202201,Cardiovascular System,C07,Beta Blocking Agents,167472,3.23,444944,0.81,0.81
202201,Cardiovascular System,C08,Calcium Channel Blockers,140312,2.7,450746,0.82,0.82
202201,Cardiovascular System,C09,Agents Acting On The Renin-Angiotensin System,272083,5.24,2089620,3.82,3.82
202201,Cardiovascular System,C10,Serum Lipid Reducing Agents,325982,6.28,1794020,3.28,3.28
202201,Cardiovascular System,,,,,,,
202201,Dermatologicals,D01,Antifungals For Dermatological Use,32491,0.63,183048,0.33,0.33
202201,Dermatologicals,D02,Emollients and Protectives,19829,0.38,51678,0.09,0.09
202201,Dermatologicals,D03,Preparations For Treatment Of Wounds and Ulcers,28,0,371,0,0
202201,Dermatologicals,D04,Antipruritics Incl. Antihistamines Anesthetics Etc.,1,0,36,0,0
202201,Dermatologicals,D05,Antipsoriatics,7529,0.15,339160,0.62,0.62
202201,Dermatologicals,D06,Antibiotics and Chemotherapeutics For Dermatological Use,8002,0.15,60748,0.11,0.11
202201,Dermatologicals,D07,Corticosteroids Dermatological Preparations,39537,0.76,209532,0.38,0.38
202201,Dermatologicals,D10,Anti-Acne Preparations,7554,0.15,119200,0.22,0.22
202201,Dermatologicals,D11,Other Dermatological Preparations,2951,0.06,115453,0.21,0.21
202201,Dermatologicals,,,,,,,
202201,Genito Urinary System and Sex Hormones,G01,Gynecological Antiinfectives and Antiseptics,1046,0.02,6663,0.01,0.01
202201,Genito Urinary System and Sex Hormones,G02,Other Gynecologicals,2312,0.04,199517,0.37,0.37
202201,Genito Urinary System and Sex Hormones,G03,Sex Hormones and Modulators Of The Genital System,92199,1.78,758210,1.39,1.39
202201,Genito Urinary System and Sex Hormones,G04,Urologicals,120005,2.31,1893899,3.46,3.46
202201,Genito Urinary System and Sex Hormones,,,,,,,
202201,Musculo-Skeletal System,M01,Antiinflammatory and Antirheumatic Products,93391,1.8,623701,1.14,1.14
202201,Musculo-Skeletal System,M02,Topical Products For Joint and Muscular Pain,73848,1.42,479789,0.88,0.88
202201,Musculo-Skeletal System,M03,Muscle Relaxants,7309,0.14,72864,0.13,0.13
202201,Musculo-Skeletal System,M04,Antigout Preparations,36076,0.7,158584,0.29,0.29
202201,Musculo-Skeletal System,M05,Drugs For Treatment Of Bone Diseases,34240,0.66,1416953,2.59,2.59
202201,Musculo-Skeletal System,M09,Other Drugs For Disorders Of The Musculo-Skeletal System,10583,0.2,122455,0.22,0.22
202201,Musculo-Skeletal System,,,,,,,
202201,Nervous System,N01,Anesthetics,2826,0.05,178096,0.33,0.33
202201,Nervous System,N02,Analgesics,306945,5.92,2460918,4.5,4.5
202201,Nervous System,N03,Antiepileptics,122133,2.35,1941711,3.55,3.55
202201,Nervous System,N04,Anti-Parkinson Drugs,22006,0.42,299522,0.55,0.55
202201,Nervous System,N05,Psycholeptics,300438,5.79,2599567,4.76,4.76
202201,Nervous System,N06,Psychoanaleptics,358108,6.9,2607251,4.77,4.77
202201,Nervous System,N07,Other Nervous System Drugs,33100,0.64,761757,1.39,1.39
202201,Nervous System,,,,,,,
202201,Respiratory System,R01,Nasal Preparations,52570,1.01,580553,1.06,1.06
202201,Respiratory System,R03,Drugs For Obstructive Airway Diseases,306738,5.91,6136466,11.23,11.23
202201,Respiratory System,R05,Cough and Cold Preparations,19507,0.38,111195,0.2,0.2
202201,Respiratory System,R06,Antihistamines For Systemic Use,72832,1.4,278288,0.51,0.51
202201,Respiratory System,,,,,,,
202201,Sensory Organs,S01,Ophthalmologicals,131657,2.54,1161094,2.12,2.12
202201,Sensory Organs,S02,Otologicals,1696,0.03,8798,0.02,0.02
202201,Sensory Organs,S03,Ophthalmological and Otological Preparations,5248,0.1,13841,0.03,0.03
202201,Sensory Organs,,,,,,,
202201,Systemic Hormonal Preparations Excl. Sex Hormones and Insulins,H01,Pituitary and Hypothalamic Hormones and Analogues,1058,0.02,56916,0.1,0.1
202201,Systemic Hormonal Preparations Excl. Sex Hormones and Insulins,H02,Corticosteroids For Systemic Use,59563,1.15,308614,0.56,0.56
202201,Systemic Hormonal Preparations Excl. Sex Hormones and Insulins,H03,Thyroid Therapy,169597,3.27,298939,0.55,0.55
202201,Systemic Hormonal Preparations Excl. Sex Hormones and Insulins,H04,Pancreatic Hormones,228,0,5248,0.01,0.01
202201,Systemic Hormonal Preparations Excl. Sex Hormones and Insulins,,,,,,,
202201,Various,V01,Allergens,126,0,10332,0.02,0.02
202201,Various,V03,All Other Therapeutic Products,1910,0.04,179673,0.33,0.33
202201,Various,V04,Diagnostic Agents,11156,0.22,251924,0.46,0.46
202201,Various,V06,General Nutrients,46420,0.89,3603306,6.59,6.59
202201,Various,V07,All Other Non-Therapeutic Products,,,,,6.14
202201,Various,V07 1,Ostomy Requisites,31565,0.61,1838606,3.36,3.36
202201,Various,V07 2,Urinary Requisites,13784,0.27,1155634,2.11,2.11
202201,Various,V07 3,Needles/Syringes/Lancets,7968,0.15,90941,0.17,0.17
202201,Various,V07 4,Dressings,3530,0.07,176699,0.32,0.32
202201,Various,V07 5,Miscellaneous,5662,0.11,92329,0.17,0.17
202201,Various,,,,,,,
202202,Alimentary Tract and Metabolism,A01,Stomatological Preparations,5335,0.11,16706,0.03,0.03
202202,Alimentary Tract and Metabolism,A02,Drugs For Acid Related Disorders,353069,7.14,2096433,4.08,4.08
202202,Alimentary Tract and Metabolism,A03,Drugs For Functional Gastrointestinal Disorders,30191,0.61,164305,0.32,0.32
202202,Alimentary Tract and Metabolism,A04,Antiemetics and Antinauseants,3324,0.07,257206,0.5,0.5
202202,Alimentary Tract and Metabolism,A05,Bile and Liver Therapy,2143,0.04,52685,0.1,0.1
202202,Alimentary Tract and Metabolism,A06,Laxatives,75557,1.53,898696,1.75,1.75
202202,Alimentary Tract and Metabolism,A07,Antidiarrheals Intestinal Antiinflammatory/Antiinfective Agents,21618,0.44,790911,1.54,1.54
202202,Alimentary Tract and Metabolism,A09,Digestives Incl. Enzymes,2576,0.05,157802,0.31,0.31
202202,Alimentary Tract and Metabolism,A10,Drugs Used In Diabetes,59846,1.21,1358816,2.64,2.64
202202,Alimentary Tract and Metabolism,A11,Vitamins,133279,2.69,595221,1.16,1.16
202202,Alimentary Tract and Metabolism,A12,Mineral Supplements,108677,2.2,569854,1.11,1.11
202202,Alimentary Tract and Metabolism,A14,Anabolic Agents For Systemic Use,59,0,709,0,0
202202,Alimentary Tract and Metabolism,,,,,,,
202202,Antiinfectives For Systemic Use,J01,Antibacterials For Systemic Use,162335,3.28,942032,1.83,1.83
202202,Antiinfectives For Systemic Use,J02,Antimycotics For Systemic Use,7027,0.14,69824,0.14,0.14
202202,Antiinfectives For Systemic Use,J04,Antimycobacterials,522,0.01,14081,0.03,0.03
202202,Antiinfectives For Systemic Use,J05,Antivirals For Systemic Use,5641,0.11,238861,0.46,0.46
202202,Antiinfectives For Systemic Use,,,,,,,
202202,Antineoplastic and Immunomodulating Agents,L01,Antineoplastic Agents,3317,0.07,96697,0.19,0.19
202202,Antineoplastic and Immunomodulating Agents,L02,Endocrine Therapy,9679,0.2,182102,0.35,0.35
202202,Antineoplastic and Immunomodulating Agents,L04,Immunosuppressive Agents,15894,0.32,260178,0.51,0.51
202202,Antineoplastic and Immunomodulating Agents,,,,,,,
202202,Antiparasitic Products Insecticides and Repellents,P01,Antiprotozoals,8985,0.18,41457,0.08,0.08
202202,Antiparasitic Products Insecticides and Repellents,P02,Anthelmintics,520,0.01,9338,0.02,0.02
202202,Antiparasitic Products Insecticides and Repellents,P03,Ectoparasiticides Incl. Scabicides Insecticides and Repellents,1426,0.03,22420,0.04,0.04
202202,Antiparasitic Products Insecticides and Repellents,,,,,,,
202202,Blood and Blood Forming Organs,B01,Antithrombotic Agents,247598,5,4798517,9.34,9.34
202202,Blood and Blood Forming Organs,B02,Antihemorrhagics,1921,0.04,21341,0.04,0.04
202202,Blood and Blood Forming Organs,B03,Antianemic Preparations,106762,2.16,192894,0.38,0.38
202202,Blood and Blood Forming Organs,B05,Blood Substitutes and Perfusion Solutions,1,0,1,0,0
202202,Blood and Blood Forming Organs,,,,,,,
202202,Cardiovascular System,C01,Cardiac Therapy,42993,0.87,766433,1.49,1.49
202202,Cardiovascular System,C02,Antihypertensives,16540,0.33,182258,0.35,0.35
202202,Cardiovascular System,C03,Diuretics,96114,1.94,238935,0.46,0.46
202202,Cardiovascular System,C04,Peripheral Vasodilators,2574,0.05,37714,0.07,0.07
202202,Cardiovascular System,C05,Vasoprotectives,9600,0.19,63120,0.12,0.12
202202,Cardiovascular System,C07,Beta Blocking Agents,158679,3.21,420963,0.82,0.82
202202,Cardiovascular System,C08,Calcium Channel Blockers,134203,2.71,431684,0.84,0.84
202202,Cardiovascular System,C09,Agents Acting On The Renin-Angiotensin System,258501,5.22,1890018,3.68,3.68
202202,Cardiovascular System,C10,Serum Lipid Reducing Agents,310443,6.27,1549297,3.01,3.01
202202,Cardiovascular System,,,,,,,
202202,Dermatologicals,D01,Antifungals For Dermatological Use,31752,0.64,177440,0.35,0.35
202202,Dermatologicals,D02,Emollients and Protectives,19178,0.39,49791,0.1,0.1
202202,Dermatologicals,D03,Preparations For Treatment Of Wounds and Ulcers,21,0,253,0,0
202202,Dermatologicals,D05,Antipsoriatics,7250,0.15,319674,0.62,0.62
202202,Dermatologicals,D06,Antibiotics and Chemotherapeutics For Dermatological Use,8002,0.16,61234,0.12,0.12
202202,Dermatologicals,D07,Corticosteroids Dermatological Preparations,39358,0.8,211179,0.41,0.41
202202,Dermatologicals,D10,Anti-Acne Preparations,7057,0.14,110842,0.22,0.22
202202,Dermatologicals,D11,Other Dermatological Preparations,2915,0.06,111875,0.22,0.22
202202,Dermatologicals,,,,,,,
202202,Genito Urinary System and Sex Hormones,G01,Gynecological Antiinfectives and Antiseptics,995,0.02,6693,0.01,0.01
202202,Genito Urinary System and Sex Hormones,G02,Other Gynecologicals,2336,0.05,199062,0.39,0.39
202202,Genito Urinary System and Sex Hormones,G03,Sex Hormones and Modulators Of The Genital System,88388,1.79,688265,1.34,1.34
202202,Genito Urinary System and Sex Hormones,G04,Urologicals,114609,2.32,1766623,3.44,3.44
202202,Genito Urinary System and Sex Hormones,,,,,,,
202202,Musculo-Skeletal System,M01,Antiinflammatory and Antirheumatic Products,90615,1.83,589406,1.15,1.15
202202,Musculo-Skeletal System,M02,Topical Products For Joint and Muscular Pain,71210,1.44,464005,0.9,0.9
202202,Musculo-Skeletal System,M03,Muscle Relaxants,6821,0.14,67444,0.13,0.13
202202,Musculo-Skeletal System,M04,Antigout Preparations,34232,0.69,139493,0.27,0.27
202202,Musculo-Skeletal System,M05,Drugs For Treatment Of Bone Diseases,33106,0.67,1448886,2.82,2.82
202202,Musculo-Skeletal System,M09,Other Drugs For Disorders Of The Musculo-Skeletal System,9877,0.2,116145,0.23,0.23
202202,Musculo-Skeletal System,,,,,,,
202202,Nervous System,N01,Anesthetics,2716,0.05,170584,0.33,0.33
202202,Nervous System,N02,Analgesics,290707,5.87,2269723,4.42,4.42
202202,Nervous System,N03,Antiepileptics,115879,2.34,1765226,3.43,3.43
202202,Nervous System,N04,Anti-Parkinson Drugs,20794,0.42,277654,0.54,0.54
202202,Nervous System,N05,Psycholeptics,282757,5.71,2330672,4.53,4.53
202202,Nervous System,N06,Psychoanaleptics,339787,6.87,2409546,4.69,4.69
202202,Nervous System,N07,Other Nervous System Drugs,31745,0.64,734964,1.43,1.43
202202,Nervous System,,,,,,,
202202,Respiratory System,R01,Nasal Preparations,50491,1.02,551387,1.07,1.07
202202,Respiratory System,R03,Drugs For Obstructive Airway Diseases,289852,5.86,5717575,11.12,11.12
202202,Respiratory System,R05,Cough and Cold Preparations,18036,0.36,102757,0.2,0.2
202202,Respiratory System,R06,Antihistamines For Systemic Use,70095,1.42,268571,0.52,0.52
202202,Respiratory System,,,,,,,
202202,Sensory Organs,S01,Ophthalmologicals,127521,2.58,1096938,2.13,2.13
202202,Sensory Organs,S02,Otologicals,1710,0.03,8855,0.02,0.02
202202,Sensory Organs,S03,Ophthalmological and Otological Preparations,5112,0.1,13327,0.03,0.03
202202,Sensory Organs,,,,,,,
202202,Systemic Hormonal Preparations Excl. Sex Hormones and Insulins,H01,Pituitary and Hypothalamic Hormones and Analogues,1004,0.02,54096,0.11,0.11
202202,Systemic Hormonal Preparations Excl. Sex Hormones and Insulins,H02,Corticosteroids For Systemic Use,56850,1.15,295941,0.58,0.58
202202,Systemic Hormonal Preparations Excl. Sex Hormones and Insulins,H03,Thyroid Therapy,161076,3.26,283465,0.55,0.55
202202,Systemic Hormonal Preparations Excl. Sex Hormones and Insulins,H04,Pancreatic Hormones,210,0,5230,0.01,0.01
202202,Systemic Hormonal Preparations Excl. Sex Hormones and Insulins,,,,,,,
202202,Various,V01,Allergens,136,0,11249,0.02,0.02
202202,Various,V03,All Other Therapeutic Products,1714,0.03,152148,0.3,0.3
202202,Various,V04,Diagnostic Agents,10632,0.21,238721,0.46,0.46
202202,Various,V06,General Nutrients,44327,0.9,3432660,6.68,6.68
202202,Various,V07,All Other Non-Therapeutic Products,,,,,6.33
202202,Various,V07 1,Ostomy Requisites,30128,0.61,1767586,3.44,3.44
202202,Various,V07 2,Urinary Requisites,13379,0.27,1120052,2.18,2.18
202202,Various,V07 3,Needles/Syringes/Lancets,7753,0.16,86661,0.17,0.17
202202,Various,V07 4,Dressings,3801,0.08,198535,0.39,0.39
202202,Various,V07 5,Miscellaneous,5381,0.11,79359,0.15,0.15
202202,Various,,,,,,,
202203,Alimentary Tract and Metabolism,A01,Stomatological Preparations,6144,0.11,18924,0.03,0.03
202203,Alimentary Tract and Metabolism,A02,Drugs For Acid Related Disorders,377348,7,2235829,4.05,4.05
202203,Alimentary Tract and Metabolism,A03,Drugs For Functional Gastrointestinal Disorders,32215,0.6,177243,0.32,0.32
202203,Alimentary Tract and Metabolism,A04,Antiemetics and Antinauseants,3562,0.07,264985,0.48,0.48
202203,Alimentary Tract and Metabolism,A05,Bile and Liver Therapy,2319,0.04,55226,0.1,0.1
202203,Alimentary Tract and Metabolism,A06,Laxatives,81089,1.5,965755,1.75,1.75
202203,Alimentary Tract and Metabolism,A07,Antidiarrheals Intestinal Antiinflammatory/Antiinfective Agents,23724,0.44,840846,1.52,1.52
202203,Alimentary Tract and Metabolism,A09,Digestives Incl. Enzymes,2793,0.05,176321,0.32,0.32
202203,Alimentary Tract and Metabolism,A10,Drugs Used In Diabetes,64907,1.2,1461752,2.65,2.65
202203,Alimentary Tract and Metabolism,A11,Vitamins,144513,2.68,646667,1.17,1.17
202203,Alimentary Tract and Metabolism,A12,Mineral Supplements,116571,2.16,608156,1.1,1.1
202203,Alimentary Tract and Metabolism,A14,Anabolic Agents For Systemic Use,73,0,815,0,0
202203,Alimentary Tract and Metabolism,,,,,,,
202203,Antiinfectives For Systemic Use,J01,Antibacterials For Systemic Use,206482,3.83,1121735,2.03,2.03
202203,Antiinfectives For Systemic Use,J02,Antimycotics For Systemic Use,8073,0.15,76515,0.14,0.14
202203,Antiinfectives For Systemic Use,J04,Antimycobacterials,575,0.01,15697,0.03,0.03
202203,Antiinfectives For Systemic Use,J05,Antivirals For Systemic Use,6593,0.12,272954,0.49,0.49
202203,Antiinfectives For Systemic Use,,,,,,,
202203,Antineoplastic and Immunomodulating Agents,L01,Antineoplastic Agents,3535,0.07,104896,0.19,0.19
202203,Antineoplastic and Immunomodulating Agents,L02,Endocrine Therapy,10358,0.19,195302,0.35,0.35
202203,Antineoplastic and Immunomodulating Agents,L04,Immunosuppressive Agents,17243,0.32,288103,0.52,0.52
202203,Antineoplastic and Immunomodulating Agents,,,,,,,
202203,Antiparasitic Products Insecticides and Repellents,P01,Antiprotozoals,9576,0.18,44371,0.08,0.08
202203,Antiparasitic Products Insecticides and Repellents,P02,Anthelmintics,494,0.01,12055,0.02,0.02
202203,Antiparasitic Products Insecticides and Repellents,P03,Ectoparasiticides Incl. Scabicides Insecticides and Repellents,1487,0.03,23080,0.04,0.04
202203,Antiparasitic Products Insecticides and Repellents,,,,,,,
202203,Blood and Blood Forming Organs,B01,Antithrombotic Agents,265166,4.92,5104526,9.25,9.25
202203,Blood and Blood Forming Organs,B02,Antihemorrhagics,2026,0.04,22766,0.04,0.04
202203,Blood and Blood Forming Organs,B03,Antianemic Preparations,115203,2.14,200350,0.36,0.36
202203,Blood and Blood Forming Organs,B05,Blood Substitutes and Perfusion Solutions,3,0,41,0,0
202203,Blood and Blood Forming Organs,,,,,,,
202203,Cardiovascular System,C01,Cardiac Therapy,45874,0.85,823562,1.49,1.49
202203,Cardiovascular System,C02,Antihypertensives,17964,0.33,202205,0.37,0.37
202203,Cardiovascular System,C03,Diuretics,103324,1.92,256781,0.47,0.47
202203,Cardiovascular System,C04,Peripheral Vasodilators,2774,0.05,40184,0.07,0.07
202203,Cardiovascular System,C05,Vasoprotectives,10291,0.19,66917,0.12,0.12
202203,Cardiovascular System,C07,Beta Blocking Agents,170419,3.16,451118,0.82,0.82
202203,Cardiovascular System,C08,Calcium Channel Blockers,144924,2.69,465337,0.84,0.84
202203,Cardiovascular System,C09,Agents Acting On The Renin-Angiotensin System,279922,5.19,2034660,3.69,3.69
202203,Cardiovascular System,C10,Serum Lipid Reducing Agents,335200,6.22,1659770,3.01,3.01
202203,Cardiovascular System,,,,,,,
202203,Dermatologicals,D01,Antifungals For Dermatological Use,34346,0.64,185050,0.34,0.34
202203,Dermatologicals,D02,Emollients and Protectives,20877,0.39,54153,0.1,0.1
202203,Dermatologicals,D03,Preparations For Treatment Of Wounds and Ulcers,17,0,217,0,0
202203,Dermatologicals,D04,Antipruritics Incl. Antihistamines Anesthetics Etc.,1,0,108,0,0
202203,Dermatologicals,D05,Antipsoriatics,7963,0.15,351958,0.64,0.64
202203,Dermatologicals,D06,Antibiotics and Chemotherapeutics For Dermatological Use,9265,0.17,67940,0.12,0.12
202203,Dermatologicals,D07,Corticosteroids Dermatological Preparations,43008,0.8,231385,0.42,0.42
202203,Dermatologicals,D10,Anti-Acne Preparations,7714,0.14,122026,0.22,0.22
202203,Dermatologicals,D11,Other Dermatological Preparations,3241,0.06,124214,0.23,0.23
202203,Dermatologicals,,,,,,,
202203,Genito Urinary System and Sex Hormones,G01,Gynecological Antiinfectives and Antiseptics,1059,0.02,6870,0.01,0.01
202203,Genito Urinary System and Sex Hormones,G02,Other Gynecologicals,2449,0.05,209135,0.38,0.38
202203,Genito Urinary System and Sex Hormones,G03,Sex Hormones and Modulators Of The Genital System,96532,1.79,725712,1.31,1.31
202203,Genito Urinary System and Sex Hormones,G04,Urologicals,121976,2.26,1813612,3.29,3.29
202203,Genito Urinary System and Sex Hormones,,,,,,,
202203,Musculo-Skeletal System,M01,Antiinflammatory and Antirheumatic Products,99436,1.84,638461,1.16,1.16
202203,Musculo-Skeletal System,M02,Topical Products For Joint and Muscular Pain,76747,1.42,499758,0.91,0.91
202203,Musculo-Skeletal System,M03,Muscle Relaxants,7491,0.14,72931,0.13,0.13
202203,Musculo-Skeletal System,M04,Antigout Preparations,36949,0.69,150319,0.27,0.27
202203,Musculo-Skeletal System,M05,Drugs For Treatment Of Bone Diseases,35050,0.65,1489399,2.7,2.7
202203,Musculo-Skeletal System,M09,Other Drugs For Disorders Of The Musculo-Skeletal System,10587,0.2,123572,0.22,0.22
202203,Musculo-Skeletal System,,,,,,,
202203,Nervous System,N01,Anesthetics,2840,0.05,174739,0.32,0.32
202203,Nervous System,N02,Analgesics,318939,5.91,2495802,4.52,4.52
202203,Nervous System,N03,Antiepileptics,124258,2.3,1877550,3.4,3.4
202203,Nervous System,N04,Anti-Parkinson Drugs,21867,0.41,288927,0.52,0.52
202203,Nervous System,N05,Psycholeptics,302084,5.6,2512119,4.55,4.55
202203,Nervous System,N06,Psychoanaleptics,365051,6.77,2588689,4.69,4.69
202203,Nervous System,N07,Other Nervous System Drugs,34317,0.64,788002,1.43,1.43
202203,Nervous System,,,,,,,
202203,Respiratory System,R01,Nasal Preparations,57616,1.07,624351,1.13,1.13
202203,Respiratory System,R03,Drugs For Obstructive Airway Diseases,316619,5.87,6177822,11.19,11.19
202203,Respiratory System,R05,Cough and Cold Preparations,24893,0.46,128216,0.23,0.23
202203,Respiratory System,R06,Antihistamines For Systemic Use,80635,1.5,310010,0.56,0.56
202203,Respiratory System,,,,,,,
202203,Sensory Organs,S01,Ophthalmologicals,137073,2.54,1169381,2.12,2.12
202203,Sensory Organs,S02,Otologicals,1803,0.03,9149,0.02,0.02
202203,Sensory Organs,S03,Ophthalmological and Otological Preparations,5868,0.11,14761,0.03,0.03
202203,Sensory Organs,,,,,,,
202203,Systemic Hormonal Preparations Excl. Sex Hormones and Insulins,H01,Pituitary and Hypothalamic Hormones and Analogues,1067,0.02,57701,0.1,0.1
202203,Systemic Hormonal Preparations Excl. Sex Hormones and Insulins,H02,Corticosteroids For Systemic Use,72030,1.34,353093,0.64,0.64
202203,Systemic Hormonal Preparations Excl. Sex Hormones and Insulins,H03,Thyroid Therapy,173073,3.21,302835,0.55,0.55
202203,Systemic Hormonal Preparations Excl. Sex Hormones and Insulins,H04,Pancreatic Hormones,243,0,5539,0.01,0.01
202203,Systemic Hormonal Preparations Excl. Sex Hormones and Insulins,,,,,,,
202203,Various,V01,Allergens,150,0,12170,0.02,0.02
202203,Various,V03,All Other Therapeutic Products,1846,0.03,162567,0.29,0.29
202203,Various,V04,Diagnostic Agents,11054,0.21,246758,0.45,0.45
202203,Various,V06,General Nutrients,47092,0.87,3639567,6.59,6.59
202203,Various,V07,All Other Non-Therapeutic Products,,,,,6.26
202203,Various,V07 1,Ostomy Requisites,32392,0.6,1904284,3.45,3.45
202203,Various,V07 2,Urinary Requisites,13817,0.26,1188595,2.15,2.15
202203,Various,V07 3,Needles/Syringes/Lancets,8586,0.16,90676,0.16,0.16
202203,Various,V07 4,Dressings,3483,0.06,177862,0.32,0.32
202203,Various,V07 5,Miscellaneous,6000,0.11,93118,0.17,0.17
202203,Various,,,,,,,
202204,Alimentary Tract and Metabolism,A01,Stomatological Preparations,6015,0.12,18602,0.03,0.03
202204,Alimentary Tract and Metabolism,A02,Drugs For Acid Related Disorders,366911,7.03,2171634,4.06,4.06
202204,Alimentary Tract and Metabolism,A03,Drugs For Functional Gastrointestinal Disorders,31501,0.6,169107,0.32,0.32
202204,Alimentary Tract and Metabolism,A04,Antiemetics and Antinauseants,3514,0.07,256628,0.48,0.48
202204,Alimentary Tract and Metabolism,A05,Bile and Liver Therapy,2295,0.04,54400,0.1,0.1
202204,Alimentary Tract and Metabolism,A06,Laxatives,79161,1.52,932748,1.74,1.74
202204,Alimentary Tract and Metabolism,A07,Antidiarrheals Intestinal Antiinflammatory/Antiinfective Agents,23074,0.44,807913,1.51,1.51
202204,Alimentary Tract and Metabolism,A09,Digestives Incl. Enzymes,2770,0.05,169565,0.32,0.32
202204,Alimentary Tract and Metabolism,A10,Drugs Used In Diabetes,64576,1.24,1496746,2.8,2.8
202204,Alimentary Tract and Metabolism,A11,Vitamins,141958,2.72,629773,1.18,1.18
202204,Alimentary Tract and Metabolism,A12,Mineral Supplements,113661,2.18,592432,1.11,1.11
202204,Alimentary Tract and Metabolism,A14,Anabolic Agents For Systemic Use,62,0,691,0,0
202204,Alimentary Tract and Metabolism,,,,,,,
202204,Antiinfectives For Systemic Use,J01,Antibacterials For Systemic Use,181953,3.48,1009543,1.89,1.89
202204,Antiinfectives For Systemic Use,J02,Antimycotics For Systemic Use,7663,0.15,73891,0.14,0.14
202204,Antiinfectives For Systemic Use,J04,Antimycobacterials,529,0.01,13921,0.03,0.03
202204,Antiinfectives For Systemic Use,J05,Antivirals For Systemic Use,6130,0.12,259956,0.49,0.49
202204,Antiinfectives For Systemic Use,,,,,,,
202204,Antineoplastic and Immunomodulating Agents,L01,Antineoplastic Agents,3460,0.07,105252,0.2,0.2
202204,Antineoplastic and Immunomodulating Agents,L02,Endocrine Therapy,10155,0.19,191809,0.36,0.36
202204,Antineoplastic and Immunomodulating Agents,L04,Immunosuppressive Agents,16722,0.32,280076,0.52,0.52
202204,Antineoplastic and Immunomodulating Agents,,,,,,,
202204,Antiparasitic Products Insecticides and Repellents,P01,Antiprotozoals,9377,0.18,45619,0.09,0.09
202204,Antiparasitic Products Insecticides and Repellents,P02,Anthelmintics,555,0.01,11631,0.02,0.02
202204,Antiparasitic Products Insecticides and Repellents,P03,Ectoparasiticides Incl. Scabicides Insecticides and Repellents,1267,0.02,19667,0.04,0.04
202204,Antiparasitic Products Insecticides and Repellents,,,,,,,
202204,Blood and Blood Forming Organs,B01,Antithrombotic Agents,259195,4.96,4980191,9.31,9.31
202204,Blood and Blood Forming Organs,B02,Antihemorrhagics,1999,0.04,23074,0.04,0.04
202204,Blood and Blood Forming Organs,B03,Antianemic Preparations,112683,2.16,193355,0.36,0.36
202204,Blood and Blood Forming Organs,B05,Blood Substitutes and Perfusion Solutions,2,0,337,0,0
202204,Blood and Blood Forming Organs,,,,,,,
202204,Cardiovascular System,C01,Cardiac Therapy,44775,0.86,805313,1.51,1.51
202204,Cardiovascular System,C02,Antihypertensives,17489,0.33,198406,0.37,0.37
202204,Cardiovascular System,C03,Diuretics,100877,1.93,252089,0.47,0.47
202204,Cardiovascular System,C04,Peripheral Vasodilators,2685,0.05,38734,0.07,0.07
202204,Cardiovascular System,C05,Vasoprotectives,9819,0.19,64618,0.12,0.12
202204,Cardiovascular System,C07,Beta Blocking Agents,167022,3.2,442436,0.83,0.83
202204,Cardiovascular System,C08,Calcium Channel Blockers,142303,2.73,456994,0.85,0.85
202204,Cardiovascular System,C09,Agents Acting On The Renin-Angiotensin System,274933,5.27,1993490,3.73,3.73
202204,Cardiovascular System,C10,Serum Lipid Reducing Agents,329414,6.31,1641561,3.07,3.07
202204,Cardiovascular System,,,,,,,
202204,Dermatologicals,D01,Antifungals For Dermatological Use,32856,0.63,178760,0.33,0.33
202204,Dermatologicals,D02,Emollients and Protectives,19850,0.38,51659,0.1,0.1
202204,Dermatologicals,D03,Preparations For Treatment Of Wounds and Ulcers,21,0,235,0,0
202204,Dermatologicals,D05,Antipsoriatics,7738,0.15,340717,0.64,0.64
202204,Dermatologicals,D06,Antibiotics and Chemotherapeutics For Dermatological Use,8982,0.17,66554,0.12,0.12
202204,Dermatologicals,D07,Corticosteroids Dermatological Preparations,40587,0.78,216748,0.41,0.41
202204,Dermatologicals,D10,Anti-Acne Preparations,6655,0.13,102336,0.19,0.19
202204,Dermatologicals,D11,Other Dermatological Preparations,3186,0.06,119192,0.22,0.22
202204,Dermatologicals,,,,,,,
202204,Genito Urinary System and Sex Hormones,G01,Gynecological Antiinfectives and Antiseptics,1058,0.02,6826,0.01,0.01
202204,Genito Urinary System and Sex Hormones,G02,Other Gynecologicals,2277,0.04,190317,0.36,0.36
202204,Genito Urinary System and Sex Hormones,G03,Sex Hormones and Modulators Of The Genital System,94000,1.8,714405,1.34,1.34
202204,Genito Urinary System and Sex Hormones,G04,Urologicals,119954,2.3,1771813,3.31,3.31
202204,Genito Urinary System and Sex Hormones,,,,,,,
202204,Musculo-Skeletal System,M01,Antiinflammatory and Antirheumatic Products,94956,1.82,618464,1.16,1.16
202204,Musculo-Skeletal System,M02,Topical Products For Joint and Muscular Pain,73782,1.41,469523,0.88,0.88
202204,Musculo-Skeletal System,M03,Muscle Relaxants,7200,0.14,70256,0.13,0.13
202204,Musculo-Skeletal System,M04,Antigout Preparations,36023,0.69,146380,0.27,0.27
202204,Musculo-Skeletal System,M05,Drugs For Treatment Of Bone Diseases,33755,0.65,1350929,2.53,2.53
202204,Musculo-Skeletal System,M09,Other Drugs For Disorders Of The Musculo-Skeletal System,10399,0.2,122352,0.23,0.23
202204,Musculo-Skeletal System,,,,,,,
202204,Nervous System,N01,Anesthetics,2707,0.05,170025,0.32,0.32
202204,Nervous System,N02,Analgesics,306548,5.87,2411596,4.51,4.51
202204,Nervous System,N03,Antiepileptics,120340,2.3,1826404,3.41,3.41
202204,Nervous System,N04,Anti-Parkinson Drugs,21295,0.41,287637,0.54,0.54
202204,Nervous System,N05,Psycholeptics,291822,5.59,2408647,4.5,4.5
202204,Nervous System,N06,Psychoanaleptics,354761,6.79,2508611,4.69,4.69
202204,Nervous System,N07,Other Nervous System Drugs,32931,0.63,755193,1.41,1.41
202204,Nervous System,,,,,,,
202204,Respiratory System,R01,Nasal Preparations,57111,1.09,619028,1.16,1.16
202204,Respiratory System,R03,Drugs For Obstructive Airway Diseases,304339,5.83,6030090,11.27,11.27
202204,Respiratory System,R05,Cough and Cold Preparations,21950,0.42,120685,0.23,0.23
202204,Respiratory System,R06,Antihistamines For Systemic Use,80982,1.55,315408,0.59,0.59
202204,Respiratory System,,,,,,,
202204,Sensory Organs,S01,Ophthalmologicals,134834,2.58,1153146,2.16,2.16
202204,Sensory Organs,S02,Otologicals,1727,0.03,9007,0.02,0.02
202204,Sensory Organs,S03,Ophthalmological and Otological Preparations,5363,0.1,13395,0.03,0.03
202204,Sensory Organs,,,,,,,
202204,Systemic Hormonal Preparations Excl. Sex Hormones and Insulins,H01,Pituitary and Hypothalamic Hormones and Analogues,1056,0.02,58101,0.11,0.11
202204,Systemic Hormonal Preparations Excl. Sex Hormones and Insulins,H02,Corticosteroids For Systemic Use,64886,1.24,324477,0.61,0.61
202204,Systemic Hormonal Preparations Excl. Sex Hormones and Insulins,H03,Thyroid Therapy,169648,3.25,297771,0.56,0.56
202204,Systemic Hormonal Preparations Excl. Sex Hormones and Insulins,H04,Pancreatic Hormones,217,0,4847,0.01,0.01
202204,Systemic Hormonal Preparations Excl. Sex Hormones and Insulins,,,,,,,
202204,Various,V01,Allergens,161,0,13336,0.02,0.02
202204,Various,V03,All Other Therapeutic Products,1890,0.04,166297,0.31,0.31
202204,Various,V04,Diagnostic Agents,10821,0.21,239490,0.45,0.45
202204,Various,V06,General Nutrients,45507,0.87,3511403,6.56,6.56
202204,Various,V07,All Other Non-Therapeutic Products,,,,,6.18
202204,Various,V07 1,Ostomy Requisites,30168,0.58,1824103,3.41,3.41
202204,Various,V07 2,Urinary Requisites,13488,0.26,1145016,2.14,2.14
202204,Various,V07 3,Needles/Syringes/Lancets,8145,0.16,88738,0.17,0.17
202204,Various,V07 4,Dressings,3401,0.07,166262,0.31,0.31
202204,Various,V07 5,Miscellaneous,5411,0.1,79560,0.15,0.15
202204,Various,,,,,,,
202205,Alimentary Tract and Metabolism,A01,Stomatological Preparations,6262,0.12,19379,0.04,0.04
202205,Alimentary Tract and Metabolism,A02,Drugs For Acid Related Disorders,372383,7.02,2225641,4.07,4.07
202205,Alimentary Tract and Metabolism,A03,Drugs For Functional Gastrointestinal Disorders,32274,0.61,175940,0.32,0.32
202205,Alimentary Tract and Metabolism,A04,Antiemetics and Antinauseants,3559,0.07,263829,0.48,0.48
202205,Alimentary Tract and Metabolism,A05,Bile and Liver Therapy,2316,0.04,54949,0.1,0.1
202205,Alimentary Tract and Metabolism,A06,Laxatives,81693,1.54,944685,1.73,1.73
202205,Alimentary Tract and Metabolism,A07,Antidiarrheals Intestinal Antiinflammatory/Antiinfective Agents,23159,0.44,815125,1.49,1.49
202205,Alimentary Tract and Metabolism,A09,Digestives Incl. Enzymes,2823,0.05,164312,0.3,0.3
202205,Alimentary Tract and Metabolism,A10,Drugs Used In Diabetes,66485,1.25,1561878,2.86,2.86
202205,Alimentary Tract and Metabolism,A11,Vitamins,144315,2.72,634927,1.16,1.16
202205,Alimentary Tract and Metabolism,A12,Mineral Supplements,115192,2.17,600023,1.1,1.1
202205,Alimentary Tract and Metabolism,A14,Anabolic Agents For Systemic Use,68,0,782,0,0
202205,Alimentary Tract and Metabolism,,,,,,,
202205,Antiinfectives For Systemic Use,J01,Antibacterials For Systemic Use,184269,3.48,1036415,1.89,1.89
202205,Antiinfectives For Systemic Use,J02,Antimycotics For Systemic Use,8009,0.15,77262,0.14,0.14
202205,Antiinfectives For Systemic Use,J04,Antimycobacterials,543,0.01,14097,0.03,0.03
202205,Antiinfectives For Systemic Use,J05,Antivirals For Systemic Use,6277,0.12,266884,0.49,0.49
202205,Antiinfectives For Systemic Use,,,,,,,
202205,Antineoplastic and Immunomodulating Agents,L01,Antineoplastic Agents,3688,0.07,107801,0.2,0.2
202205,Antineoplastic and Immunomodulating Agents,L02,Endocrine Therapy,10218,0.19,193761,0.35,0.35
202205,Antineoplastic and Immunomodulating Agents,L04,Immunosuppressive Agents,16816,0.32,277074,0.51,0.51
202205,Antineoplastic and Immunomodulating Agents,,,,,,,
202205,Antiparasitic Products Insecticides and Repellents,P01,Antiprotozoals,9808,0.19,51415,0.09,0.09
202205,Antiparasitic Products Insecticides and Repellents,P02,Anthelmintics,608,0.01,13902,0.03,0.03
202205,Antiparasitic Products Insecticides and Repellents,P03,Ectoparasiticides Incl. Scabicides Insecticides and Repellents,1306,0.02,19992,0.04,0.04
202205,Antiparasitic Products Insecticides and Repellents,,,,,,,
202205,Blood and Blood Forming Organs,B01,Antithrombotic Agents,260462,4.91,5025635,9.19,9.19
202205,Blood and Blood Forming Organs,B02,Antihemorrhagics,2209,0.04,23974,0.04,0.04
202205,Blood and Blood Forming Organs,B03,Antianemic Preparations,115912,2.19,205551,0.38,0.38
202205,Blood and Blood Forming Organs,B05,Blood Substitutes and Perfusion Solutions,4,0,183,0,0
202205,Blood and Blood Forming Organs,,,,,,,
202205,Cardiovascular System,C01,Cardiac Therapy,45478,0.86,820143,1.5,1.5
202205,Cardiovascular System,C02,Antihypertensives,17696,0.33,204378,0.37,0.37
202205,Cardiovascular System,C03,Diuretics,102814,1.94,257466,0.47,0.47
202205,Cardiovascular System,C04,Peripheral Vasodilators,2714,0.05,39056,0.07,0.07
202205,Cardiovascular System,C05,Vasoprotectives,10524,0.2,68934,0.13,0.13
202205,Cardiovascular System,C07,Beta Blocking Agents,168378,3.18,442265,0.81,0.81
202205,Cardiovascular System,C08,Calcium Channel Blockers,143292,2.7,459345,0.84,0.84
202205,Cardiovascular System,C09,Agents Acting On The Renin-Angiotensin System,276663,5.22,1998026,3.65,3.65
202205,Cardiovascular System,C10,Serum Lipid Reducing Agents,331292,6.25,1655342,3.03,3.03
202205,Cardiovascular System,,,,,,,
202205,Dermatologicals,D01,Antifungals For Dermatological Use,35347,0.67,194908,0.36,0.36
202205,Dermatologicals,D02,Emollients and Protectives,20434,0.39,53290,0.1,0.1
202205,Dermatologicals,D03,Preparations For Treatment Of Wounds and Ulcers,26,0,325,0,0
202205,Dermatologicals,D05,Antipsoriatics,8123,0.15,356218,0.65,0.65
202205,Dermatologicals,D06,Antibiotics and Chemotherapeutics For Dermatological Use,9467,0.18,69876,0.13,0.13
202205,Dermatologicals,D07,Corticosteroids Dermatological Preparations,42670,0.8,232089,0.42,0.42
202205,Dermatologicals,D10,Anti-Acne Preparations,6560,0.12,98728,0.18,0.18
202205,Dermatologicals,D11,Other Dermatological Preparations,3462,0.07,129520,0.24,0.24
202205,Dermatologicals,,,,,,,
202205,Genito Urinary System and Sex Hormones,G01,Gynecological Antiinfectives and Antiseptics,1041,0.02,6949,0.01,0.01
202205,Genito Urinary System and Sex Hormones,G02,Other Gynecologicals,2590,0.05,225333,0.41,0.41
202205,Genito Urinary System and Sex Hormones,G03,Sex Hormones and Modulators Of The Genital System,98111,1.85,781205,1.43,1.43
202205,Genito Urinary System and Sex Hormones,G04,Urologicals,121806,2.3,1816606,3.32,3.32
202205,Genito Urinary System and Sex Hormones,,,,,,,
202205,Musculo-Skeletal System,M01,Antiinflammatory and Antirheumatic Products,98620,1.86,639147,1.17,1.17
202205,Musculo-Skeletal System,M02,Topical Products For Joint and Muscular Pain,75841,1.43,478646,0.88,0.88
202205,Musculo-Skeletal System,M03,Muscle Relaxants,7320,0.14,70658,0.13,0.13
202205,Musculo-Skeletal System,M04,Antigout Preparations,36389,0.69,146736,0.27,0.27
202205,Musculo-Skeletal System,M05,Drugs For Treatment Of Bone Diseases,34876,0.66,1548607,2.83,2.83
202205,Musculo-Skeletal System,M09,Other Drugs For Disorders Of The Musculo-Skeletal System,10608,0.2,130897,0.24,0.24
202205,Musculo-Skeletal System,,,,,,,
202205,Nervous System,N01,Anesthetics,2782,0.05,168869,0.31,0.31
202205,Nervous System,N02,Analgesics,301067,5.68,2407820,4.4,4.4
202205,Nervous System,N03,Antiepileptics,122494,2.31,1858156,3.4,3.4
202205,Nervous System,N04,Anti-Parkinson Drugs,21922,0.41,292102,0.53,0.53
202205,Nervous System,N05,Psycholeptics,295472,5.57,2468460,4.51,4.51
202205,Nervous System,N06,Psychoanaleptics,359784,6.79,2557718,4.68,4.68
202205,Nervous System,N07,Other Nervous System Drugs,33430,0.63,761012,1.39,1.39
202205,Nervous System,,,,,,,
202205,Respiratory System,R01,Nasal Preparations,59808,1.13,648034,1.18,1.18
202205,Respiratory System,R03,Drugs For Obstructive Airway Diseases,307855,5.81,6092326,11.14,11.14
202205,Respiratory System,R05,Cough and Cold Preparations,20398,0.38,115668,0.21,0.21
202205,Respiratory System,R06,Antihistamines For Systemic Use,89002,1.68,349873,0.64,0.64
202205,Respiratory System,,,,,,,
202205,Sensory Organs,S01,Ophthalmologicals,138646,2.62,1172151,2.14,2.14
202205,Sensory Organs,S02,Otologicals,1914,0.04,9828,0.02,0.02
202205,Sensory Organs,S03,Ophthalmological and Otological Preparations,5771,0.11,14673,0.03,0.03
202205,Sensory Organs,,,,,,,
202205,Systemic Hormonal Preparations Excl. Sex Hormones and Insulins,H01,Pituitary and Hypothalamic Hormones and Analogues,1070,0.02,58309,0.11,0.11
202205,Systemic Hormonal Preparations Excl. Sex Hormones and Insulins,H02,Corticosteroids For Systemic Use,63283,1.19,326959,0.6,0.6
202205,Systemic Hormonal Preparations Excl. Sex Hormones and Insulins,H03,Thyroid Therapy,171055,3.23,299520,0.55,0.55
202205,Systemic Hormonal Preparations Excl. Sex Hormones and Insulins,H04,Pancreatic Hormones,267,0.01,5920,0.01,0.01
202205,Systemic Hormonal Preparations Excl. Sex Hormones and Insulins,,,,,,,
202205,Various,V01,Allergens,161,0,13019,0.02,0.02
202205,Various,V03,All Other Therapeutic Products,1841,0.03,154974,0.28,0.28
202205,Various,V04,Diagnostic Agents,11007,0.21,242396,0.44,0.44
202205,Various,V06,General Nutrients,47105,0.89,3628770,6.63,6.63
202205,Various,V07,All Other Non-Therapeutic Products,,,,,6.13
202205,Various,V07 1,Ostomy Requisites,30222,0.57,1828610,3.34,3.34
202205,Various,V07 2,Urinary Requisites,13835,0.26,1154080,2.11,2.11
202205,Various,V07 3,Needles/Syringes/Lancets,8430,0.16,88622,0.16,0.16
202205,Various,V07 4,Dressings,3830,0.07,189589,0.35,0.35
202205,Various,V07 5,Miscellaneous,5600,0.11,90580,0.17,0.17
202205,Various,,,,,,,
202206,Alimentary Tract and Metabolism,A01,Stomatological Preparations,6299,0.12,19317,0.04,0.04
202206,Alimentary Tract and Metabolism,A02,Drugs For Acid Related Disorders,372389,6.99,2249226,4.11,4.11
202206,Alimentary Tract and Metabolism,A03,Drugs For Functional Gastrointestinal Disorders,32396,0.61,169919,0.31,0.31
202206,Alimentary Tract and Metabolism,A04,Antiemetics and Antinauseants,3665,0.07,275856,0.5,0.5
202206,Alimentary Tract and Metabolism,A05,Bile and Liver Therapy,2336,0.04,55069,0.1,0.1
202206,Alimentary Tract and Metabolism,A06,Laxatives,80396,1.51,937598,1.71,1.71
202206,Alimentary Tract and Metabolism,A07,Antidiarrheals Intestinal Antiinflammatory/Antiinfective Agents,22877,0.43,832442,1.52,1.52
202206,Alimentary Tract and Metabolism,A09,Digestives Incl. Enzymes,2821,0.05,171447,0.31,0.31
202206,Alimentary Tract and Metabolism,A10,Drugs Used In Diabetes,68008,1.28,1634957,2.99,2.99
202206,Alimentary Tract and Metabolism,A11,Vitamins,144428,2.71,632801,1.16,1.16
202206,Alimentary Tract and Metabolism,A12,Mineral Supplements,114841,2.16,601211,1.1,1.1
202206,Alimentary Tract and Metabolism,A14,Anabolic Agents For Systemic Use,68,0,789,0,0
202206,Alimentary Tract and Metabolism,,,,,,,
202206,Antiinfectives For Systemic Use,J01,Antibacterials For Systemic Use,184398,3.46,1033361,1.89,1.89
202206,Antiinfectives For Systemic Use,J02,Antimycotics For Systemic Use,8074,0.15,75556,0.14,0.14
202206,Antiinfectives For Systemic Use,J04,Antimycobacterials,514,0.01,13625,0.02,0.02
202206,Antiinfectives For Systemic Use,J05,Antivirals For Systemic Use,6357,0.12,269873,0.49,0.49
202206,Antiinfectives For Systemic Use,,,,,,,
202206,Antineoplastic and Immunomodulating Agents,L01,Antineoplastic Agents,3721,0.07,112910,0.21,0.21
202206,Antineoplastic and Immunomodulating Agents,L02,Endocrine Therapy,10295,0.19,195760,0.36,0.36
202206,Antineoplastic and Immunomodulating Agents,L04,Immunosuppressive Agents,16407,0.31,282147,0.52,0.52
202206,Antineoplastic and Immunomodulating Agents,,,,,,,
202206,Antiparasitic Products Insecticides and Repellents,P01,Antiprotozoals,10233,0.19,76105,0.14,0.14
202206,Antiparasitic Products Insecticides and Repellents,P02,Anthelmintics,511,0.01,12311,0.02,0.02
202206,Antiparasitic Products Insecticides and Repellents,P03,Ectoparasiticides Incl. Scabicides Insecticides and Repellents,1193,0.02,17470,0.03,0.03
202206,Antiparasitic Products Insecticides and Repellents,,,,,,,
202206,Blood and Blood Forming Organs,B01,Antithrombotic Agents,260837,4.9,5040348,9.2,9.2
202206,Blood and Blood Forming Organs,B02,Antihemorrhagics,1992,0.04,21367,0.04,0.04
202206,Blood and Blood Forming Organs,B03,Antianemic Preparations,117060,2.2,208691,0.38,0.38
202206,Blood and Blood Forming Organs,B05,Blood Substitutes and Perfusion Solutions,3,0,246,0,0
202206,Blood and Blood Forming Organs,,,,,,,
202206,Cardiovascular System,C01,Cardiac Therapy,45455,0.85,818058,1.49,1.49
202206,Cardiovascular System,C02,Antihypertensives,17724,0.33,198645,0.36,0.36
202206,Cardiovascular System,C03,Diuretics,103309,1.94,257821,0.47,0.47
202206,Cardiovascular System,C04,Peripheral Vasodilators,2657,0.05,37557,0.07,0.07
202206,Cardiovascular System,C05,Vasoprotectives,10332,0.19,67447,0.12,0.12
202206,Cardiovascular System,C07,Beta Blocking Agents,168602,3.17,433604,0.79,0.79
202206,Cardiovascular System,C08,Calcium Channel Blockers,143932,2.7,461299,0.84,0.84
202206,Cardiovascular System,C09,Agents Acting On The Renin-Angiotensin System,278206,5.22,2010657,3.67,3.67
202206,Cardiovascular System,C10,Serum Lipid Reducing Agents,334132,6.27,1672218,3.05,3.05
202206,Cardiovascular System,,,,,,,
202206,Dermatologicals,D01,Antifungals For Dermatological Use,35034,0.66,195813,0.36,0.36
202206,Dermatologicals,D02,Emollients and Protectives,19577,0.37,50467,0.09,0.09
202206,Dermatologicals,D03,Preparations For Treatment Of Wounds and Ulcers,14,0,145,0,0
202206,Dermatologicals,D05,Antipsoriatics,7961,0.15,279485,0.51,0.51
202206,Dermatologicals,D06,Antibiotics and Chemotherapeutics For Dermatological Use,9398,0.18,68279,0.12,0.12
202206,Dermatologicals,D07,Corticosteroids Dermatological Preparations,42152,0.79,234412,0.43,0.43
202206,Dermatologicals,D10,Anti-Acne Preparations,6217,0.12,92455,0.17,0.17
202206,Dermatologicals,D11,Other Dermatological Preparations,3477,0.07,132556,0.24,0.24
202206,Dermatologicals,,,,,,,
202206,Genito Urinary System and Sex Hormones,G01,Gynecological Antiinfectives and Antiseptics,1070,0.02,7029,0.01,0.01
202206,Genito Urinary System and Sex Hormones,G02,Other Gynecologicals,2423,0.05,208804,0.38,0.38
202206,Genito Urinary System and Sex Hormones,G03,Sex Hormones and Modulators Of The Genital System,100001,1.88,771705,1.41,1.41
202206,Genito Urinary System and Sex Hormones,G04,Urologicals,121963,2.29,1818705,3.32,3.32
202206,Genito Urinary System and Sex Hormones,,,,,,,
202206,Musculo-Skeletal System,M01,Antiinflammatory and Antirheumatic Products,96457,1.81,631880,1.15,1.15
202206,Musculo-Skeletal System,M02,Topical Products For Joint and Muscular Pain,74583,1.4,470338,0.86,0.86
202206,Musculo-Skeletal System,M03,Muscle Relaxants,7428,0.14,72061,0.13,0.13
202206,Musculo-Skeletal System,M04,Antigout Preparations,36601,0.69,147299,0.27,0.27
202206,Musculo-Skeletal System,M05,Drugs For Treatment Of Bone Diseases,34765,0.65,1495854,2.73,2.73
202206,Musculo-Skeletal System,M09,Other Drugs For Disorders Of The Musculo-Skeletal System,10657,0.2,125489,0.23,0.23
202206,Musculo-Skeletal System,,,,,,,
202206,Nervous System,N01,Anesthetics,2706,0.05,170890,0.31,0.31
202206,Nervous System,N02,Analgesics,306488,5.75,2454545,4.48,4.48
202206,Nervous System,N03,Antiepileptics,122704,2.3,1870201,3.41,3.41
202206,Nervous System,N04,Anti-Parkinson Drugs,21836,0.41,288702,0.53,0.53
202206,Nervous System,N05,Psycholeptics,294637,5.53,2496254,4.56,4.56
202206,Nervous System,N06,Psychoanaleptics,360195,6.76,2557382,4.67,4.67
202206,Nervous System,N07,Other Nervous System Drugs,33635,0.63,764221,1.4,1.4
202206,Nervous System,,,,,,,
202206,Respiratory System,R01,Nasal Preparations,63156,1.19,689833,1.26,1.26
202206,Respiratory System,R03,Drugs For Obstructive Airway Diseases,308386,5.79,5963147,10.89,10.89
202206,Respiratory System,R05,Cough and Cold Preparations,21010,0.39,117964,0.22,0.22
202206,Respiratory System,R06,Antihistamines For Systemic Use,96547,1.81,385368,0.7,0.7
202206,Respiratory System,,,,,,,
202206,Sensory Organs,S01,Ophthalmologicals,141651,2.66,1190804,2.17,2.17
202206,Sensory Organs,S02,Otologicals,1937,0.04,10083,0.02,0.02
202206,Sensory Organs,S03,Ophthalmological and Otological Preparations,5775,0.11,14622,0.03,0.03
202206,Sensory Organs,,,,,,,
202206,Systemic Hormonal Preparations Excl. Sex Hormones and Insulins,H01,Pituitary and Hypothalamic Hormones and Analogues,1059,0.02,59324,0.11,0.11
202206,Systemic Hormonal Preparations Excl. Sex Hormones and Insulins,H02,Corticosteroids For Systemic Use,63983,1.2,325188,0.59,0.59
202206,Systemic Hormonal Preparations Excl. Sex Hormones and Insulins,H03,Thyroid Therapy,171800,3.23,302528,0.55,0.55
202206,Systemic Hormonal Preparations Excl. Sex Hormones and Insulins,H04,Pancreatic Hormones,241,0,5502,0.01,0.01
202206,Systemic Hormonal Preparations Excl. Sex Hormones and Insulins,,,,,,,
202206,Various,V01,Allergens,149,0,12271,0.02,0.02
202206,Various,V03,All Other Therapeutic Products,1827,0.03,158961,0.29,0.29
202206,Various,V04,Diagnostic Agents,11093,0.21,243660,0.44,0.44
202206,Various,V06,General Nutrients,47159,0.89,3588999,6.55,6.55
202206,Various,V07,All Other Non-Therapeutic Products,,,,,6.21
202206,Various,V07 1,Ostomy Requisites,31464,0.59,1862998,3.4,3.4
202206,Various,V07 2,Urinary Requisites,13708,0.26,1161468,2.12,2.12
202206,Various,V07 3,Needles/Syringes/Lancets,8222,0.15,90668,0.17,0.17
202206,Various,V07 4,Dressings,3729,0.07,203492,0.37,0.37
202206,Various,V07 5,Miscellaneous,5467,0.1,80144,0.15,0.15
202206,Various,,,,,,,
202207,Alimentary Tract and Metabolism,A01,Stomatological Preparations,6317,0.12,19234,0.04,0.04
202207,Alimentary Tract and Metabolism,A02,Drugs For Acid Related Disorders,371766,7.05,2246775,4.15,4.15
202207,Alimentary Tract and Metabolism,A03,Drugs For Functional Gastrointestinal Disorders,31759,0.6,171176,0.32,0.32
202207,Alimentary Tract and Metabolism,A04,Antiemetics and Antinauseants,3638,0.07,277530,0.51,0.51
202207,Alimentary Tract and Metabolism,A05,Bile and Liver Therapy,2346,0.04,55424,0.1,0.1
202207,Alimentary Tract and Metabolism,A06,Laxatives,80544,1.53,935905,1.73,1.73
202207,Alimentary Tract and Metabolism,A07,Antidiarrheals Intestinal Antiinflammatory/Antiinfective Agents,23260,0.44,817504,1.51,1.51
202207,Alimentary Tract and Metabolism,A09,Digestives Incl. Enzymes,2873,0.05,172148,0.32,0.32
202207,Alimentary Tract and Metabolism,A10,Drugs Used In Diabetes,68355,1.3,1667043,3.08,3.08
202207,Alimentary Tract and Metabolism,A11,Vitamins,143698,2.73,619089,1.14,1.14
202207,Alimentary Tract and Metabolism,A12,Mineral Supplements,115146,2.18,601677,1.11,1.11
202207,Alimentary Tract and Metabolism,A14,Anabolic Agents For Systemic Use,71,0,818,0,0
202207,Alimentary Tract and Metabolism,,,,,,,
202207,Antiinfectives For Systemic Use,J01,Antibacterials For Systemic Use,165757,3.15,958221,1.77,1.77
202207,Antiinfectives For Systemic Use,J02,Antimycotics For Systemic Use,7839,0.15,75666,0.14,0.14
202207,Antiinfectives For Systemic Use,J04,Antimycobacterials,555,0.01,14603,0.03,0.03
202207,Antiinfectives For Systemic Use,J05,Antivirals For Systemic Use,6348,0.12,274928,0.51,0.51
202207,Antiinfectives For Systemic Use,,,,,,,
202207,Antineoplastic and Immunomodulating Agents,L01,Antineoplastic Agents,3569,0.07,107951,0.2,0.2
202207,Antineoplastic and Immunomodulating Agents,L02,Endocrine Therapy,10151,0.19,193295,0.36,0.36
202207,Antineoplastic and Immunomodulating Agents,L04,Immunosuppressive Agents,16748,0.32,283483,0.52,0.52
202207,Antineoplastic and Immunomodulating Agents,,,,,,,
202207,Antiparasitic Products Insecticides and Repellents,P01,Antiprotozoals,10096,0.19,67263,0.12,0.12
202207,Antiparasitic Products Insecticides and Repellents,P02,Anthelmintics,563,0.01,15463,0.03,0.03
202207,Antiparasitic Products Insecticides and Repellents,P03,Ectoparasiticides Incl. Scabicides Insecticides and Repellents,1249,0.02,18895,0.03,0.03
202207,Antiparasitic Products Insecticides and Repellents,,,,,,,
202207,Blood and Blood Forming Organs,B01,Antithrombotic Agents,260998,4.95,5073642,9.37,9.37
202207,Blood and Blood Forming Organs,B02,Antihemorrhagics,2025,0.04,22761,0.04,0.04
202207,Blood and Blood Forming Organs,B03,Antianemic Preparations,117264,2.22,205783,0.38,0.38
202207,Blood and Blood Forming Organs,B05,Blood Substitutes and Perfusion Solutions,2,0,172,0,0
202207,Blood and Blood Forming Organs,,,,,,,
202207,Cardiovascular System,C01,Cardiac Therapy,45315,0.86,817166,1.51,1.51
202207,Cardiovascular System,C02,Antihypertensives,17759,0.34,202686,0.37,0.37
202207,Cardiovascular System,C03,Diuretics,103687,1.97,258412,0.48,0.48
202207,Cardiovascular System,C04,Peripheral Vasodilators,2649,0.05,37611,0.07,0.07
202207,Cardiovascular System,C05,Vasoprotectives,9820,0.19,64792,0.12,0.12
202207,Cardiovascular System,C07,Beta Blocking Agents,168616,3.2,434286,0.8,0.8
202207,Cardiovascular System,C08,Calcium Channel Blockers,143894,2.73,460155,0.85,0.85
202207,Cardiovascular System,C09,Agents Acting On The Renin-Angiotensin System,278488,5.28,2023548,3.74,3.74
202207,Cardiovascular System,C10,Serum Lipid Reducing Agents,335199,6.36,1680088,3.1,3.1
202207,Cardiovascular System,,,,,,,
202207,Dermatologicals,D01,Antifungals For Dermatological Use,34604,0.66,195539,0.36,0.36
202207,Dermatologicals,D02,Emollients and Protectives,19631,0.37,50501,0.09,0.09
202207,Dermatologicals,D03,Preparations For Treatment Of Wounds and Ulcers,16,0,226,0,0
202207,Dermatologicals,D05,Antipsoriatics,7825,0.15,276291,0.51,0.51
202207,Dermatologicals,D06,Antibiotics and Chemotherapeutics For Dermatological Use,9960,0.19,73609,0.14,0.14
202207,Dermatologicals,D07,Corticosteroids Dermatological Preparations,40087,0.76,220390,0.41,0.41
202207,Dermatologicals,D10,Anti-Acne Preparations,5753,0.11,84224,0.16,0.16
202207,Dermatologicals,D11,Other Dermatological Preparations,3388,0.06,125555,0.23,0.23
202207,Dermatologicals,,,,,,,
202207,Genito Urinary System and Sex Hormones,G01,Gynecological Antiinfectives and Antiseptics,1057,0.02,7102,0.01,0.01
202207,Genito Urinary System and Sex Hormones,G02,Other Gynecologicals,2280,0.04,193999,0.36,0.36
202207,Genito Urinary System and Sex Hormones,G03,Sex Hormones and Modulators Of The Genital System,100101,1.9,777033,1.44,1.44
202207,Genito Urinary System and Sex Hormones,G04,Urologicals,121809,2.31,1715586,3.17,3.17
202207,Genito Urinary System and Sex Hormones,,,,,,,
202207,Musculo-Skeletal System,M01,Antiinflammatory and Antirheumatic Products,94084,1.79,617444,1.14,1.14
202207,Musculo-Skeletal System,M02,Topical Products For Joint and Muscular Pain,73883,1.4,463671,0.86,0.86
202207,Musculo-Skeletal System,M03,Muscle Relaxants,7280,0.14,70840,0.13,0.13
202207,Musculo-Skeletal System,M04,Antigout Preparations,36832,0.7,147911,0.27,0.27
202207,Musculo-Skeletal System,M05,Drugs For Treatment Of Bone Diseases,34133,0.65,1367037,2.53,2.53
202207,Musculo-Skeletal System,M09,Other Drugs For Disorders Of The Musculo-Skeletal System,10822,0.21,131447,0.24,0.24
202207,Musculo-Skeletal System,,,,,,,
202207,Nervous System,N01,Anesthetics,2746,0.05,170085,0.31,0.31
202207,Nervous System,N02,Analgesics,307759,5.84,2434227,4.5,4.5
202207,Nervous System,N03,Antiepileptics,121774,2.31,1855703,3.43,3.43
202207,Nervous System,N04,Anti-Parkinson Drugs,21574,0.41,284844,0.53,0.53
202207,Nervous System,N05,Psycholeptics,291219,5.53,2447755,4.52,4.52
202207,Nervous System,N06,Psychoanaleptics,356868,6.77,2538641,4.69,4.69
202207,Nervous System,N07,Other Nervous System Drugs,32955,0.63,753014,1.39,1.39
202207,Nervous System,,,,,,,
202207,Respiratory System,R01,Nasal Preparations,58638,1.11,643760,1.19,1.19
202207,Respiratory System,R03,Drugs For Obstructive Airway Diseases,301440,5.72,5841120,10.79,10.79
202207,Respiratory System,R05,Cough and Cold Preparations,19209,0.36,111216,0.21,0.21
202207,Respiratory System,R06,Antihistamines For Systemic Use,93054,1.77,369169,0.68,0.68
202207,Respiratory System,,,,,,,
202207,Sensory Organs,S01,Ophthalmologicals,140198,2.66,1192838,2.2,2.2
202207,Sensory Organs,S02,Otologicals,2122,0.04,10847,0.02,0.02
202207,Sensory Organs,S03,Ophthalmological and Otological Preparations,5388,0.1,14212,0.03,0.03
202207,Sensory Organs,,,,,,,
202207,Systemic Hormonal Preparations Excl. Sex Hormones and Insulins,H01,Pituitary and Hypothalamic Hormones and Analogues,1049,0.02,57017,0.11,0.11
202207,Systemic Hormonal Preparations Excl. Sex Hormones and Insulins,H02,Corticosteroids For Systemic Use,57504,1.09,305864,0.57,0.57
202207,Systemic Hormonal Preparations Excl. Sex Hormones and Insulins,H03,Thyroid Therapy,172266,3.27,300351,0.55,0.55
202207,Systemic Hormonal Preparations Excl. Sex Hormones and Insulins,H04,Pancreatic Hormones,227,0,4993,0.01,0.01
202207,Systemic Hormonal Preparations Excl. Sex Hormones and Insulins,,,,,,,
202207,Various,V01,Allergens,129,0,10373,0.02,0.02
202207,Various,V03,All Other Therapeutic Products,1879,0.04,161118,0.3,0.3
202207,Various,V04,Diagnostic Agents,10883,0.21,238020,0.44,0.44
202207,Various,V06,General Nutrients,47900,0.91,3630170,6.71,6.71
202207,Various,V07,All Other Non-Therapeutic Products,,,,,6.22
202207,Various,V07 1,Ostomy Requisites,31168,0.59,1824466,3.37,3.37
202207,Various,V07 2,Urinary Requisites,13870,0.26,1166226,2.15,2.15
202207,Various,V07 3,Needles/Syringes/Lancets,7537,0.14,84541,0.16,0.16
202207,Various,V07 4,Dressings,3929,0.07,209104,0.39,0.39
202207,Various,V07 5,Miscellaneous,5289,0.1,80823,0.15,0.15
202207,Various,,,,,,,
202208,Alimentary Tract and Metabolism,A01,Stomatological Preparations,6333,0.12,19709,0.04,0.04
202208,Alimentary Tract and Metabolism,A02,Drugs For Acid Related Disorders,382052,7.1,2311650,4.16,4.16
202208,Alimentary Tract and Metabolism,A03,Drugs For Functional Gastrointestinal Disorders,33044,0.61,181348,0.33,0.33
202208,Alimentary Tract and Metabolism,A04,Antiemetics and Antinauseants,3707,0.07,280362,0.5,0.5
202208,Alimentary Tract and Metabolism,A05,Bile and Liver Therapy,2420,0.04,57131,0.1,0.1
202208,Alimentary Tract and Metabolism,A06,Laxatives,82917,1.54,953364,1.72,1.72
202208,Alimentary Tract and Metabolism,A07,Antidiarrheals Intestinal Antiinflammatory/Antiinfective Agents,24091,0.45,842695,1.52,1.52
202208,Alimentary Tract and Metabolism,A09,Digestives Incl. Enzymes,2912,0.05,170707,0.31,0.31
202208,Alimentary Tract and Metabolism,A10,Drugs Used In Diabetes,70831,1.32,1740369,3.13,3.13
202208,Alimentary Tract and Metabolism,A11,Vitamins,145899,2.71,622342,1.12,1.12
202208,Alimentary Tract and Metabolism,A12,Mineral Supplements,117483,2.18,613912,1.11,1.11
202208,Alimentary Tract and Metabolism,A14,Anabolic Agents For Systemic Use,75,0,857,0,0
202208,Alimentary Tract and Metabolism,,,,,,,
202208,Antiinfectives For Systemic Use,J01,Antibacterials For Systemic Use,161122,2.99,959051,1.73,1.73
202208,Antiinfectives For Systemic Use,J02,Antimycotics For Systemic Use,8114,0.15,77121,0.14,0.14
202208,Antiinfectives For Systemic Use,J04,Antimycobacterials,547,0.01,14371,0.03,0.03
202208,Antiinfectives For Systemic Use,J05,Antivirals For Systemic Use,6553,0.12,272117,0.49,0.49
202208,Antiinfectives For Systemic Use,,,,,,,
202208,Antineoplastic and Immunomodulating Agents,L01,Antineoplastic Agents,3780,0.07,110821,0.2,0.2
202208,Antineoplastic and Immunomodulating Agents,L02,Endocrine Therapy,10501,0.2,200589,0.36,0.36
202208,Antineoplastic and Immunomodulating Agents,L04,Immunosuppressive Agents,17182,0.32,290627,0.52,0.52
202208,Antineoplastic and Immunomodulating Agents,,,,,,,
202208,Antiparasitic Products Insecticides and Repellents,P01,Antiprotozoals,10082,0.19,50062,0.09,0.09
202208,Antiparasitic Products Insecticides and Repellents,P02,Anthelmintics,556,0.01,10737,0.02,0.02
202208,Antiparasitic Products Insecticides and Repellents,P03,Ectoparasiticides Incl. Scabicides Insecticides and Repellents,1294,0.02,18847,0.03,0.03
202208,Antiparasitic Products Insecticides and Repellents,,,,,,,
202208,Blood and Blood Forming Organs,B01,Antithrombotic Agents,265908,4.94,5180147,9.33,9.33
202208,Blood and Blood Forming Organs,B02,Antihemorrhagics,2139,0.04,23095,0.04,0.04
202208,Blood and Blood Forming Organs,B03,Antianemic Preparations,121032,2.25,218462,0.39,0.39
202208,Blood and Blood Forming Organs,B05,Blood Substitutes and Perfusion Solutions,4,0,183,0,0
202208,Blood and Blood Forming Organs,,,,,,,
202208,Cardiovascular System,C01,Cardiac Therapy,46967,0.87,885328,1.59,1.59
202208,Cardiovascular System,C02,Antihypertensives,17913,0.33,205084,0.37,0.37
202208,Cardiovascular System,C03,Diuretics,105573,1.96,264923,0.48,0.48
202208,Cardiovascular System,C04,Peripheral Vasodilators,2709,0.05,38652,0.07,0.07
202208,Cardiovascular System,C05,Vasoprotectives,10419,0.19,65750,0.12,0.12
202208,Cardiovascular System,C07,Beta Blocking Agents,172123,3.2,441147,0.79,0.79
202208,Cardiovascular System,C08,Calcium Channel Blockers,146747,2.73,470763,0.85,0.85
202208,Cardiovascular System,C09,Agents Acting On The Renin-Angiotensin System,284148,5.28,2071813,3.73,3.73
202208,Cardiovascular System,C10,Serum Lipid Reducing Agents,343272,6.38,1724065,3.1,3.1
202208,Cardiovascular System,,,,,,,
202208,Dermatologicals,D01,Antifungals For Dermatological Use,36309,0.67,205400,0.37,0.37
202208,Dermatologicals,D02,Emollients and Protectives,20211,0.38,52521,0.09,0.09
202208,Dermatologicals,D03,Preparations For Treatment Of Wounds and Ulcers,29,0,425,0,0
202208,Dermatologicals,D05,Antipsoriatics,8028,0.15,285630,0.51,0.51
202208,Dermatologicals,D06,Antibiotics and Chemotherapeutics For Dermatological Use,11990,0.22,84416,0.15,0.15
202208,Dermatologicals,D07,Corticosteroids Dermatological Preparations,40519,0.75,213843,0.39,0.39
202208,Dermatologicals,D10,Anti-Acne Preparations,6764,0.13,90414,0.16,0.16
202208,Dermatologicals,D11,Other Dermatological Preparations,3540,0.07,133807,0.24,0.24
202208,Dermatologicals,,,,,,,
202208,Genito Urinary System and Sex Hormones,G01,Gynecological Antiinfectives and Antiseptics,1101,0.02,7407,0.01,0.01
202208,Genito Urinary System and Sex Hormones,G02,Other Gynecologicals,2527,0.05,210985,0.38,0.38
202208,Genito Urinary System and Sex Hormones,G03,Sex Hormones and Modulators Of The Genital System,105191,1.95,832414,1.5,1.5
202208,Genito Urinary System and Sex Hormones,G04,Urologicals,125045,2.32,1743201,3.14,3.14
202208,Genito Urinary System and Sex Hormones,,,,,,,
202208,Musculo-Skeletal System,M01,Antiinflammatory and Antirheumatic Products,98307,1.83,647522,1.17,1.17
202208,Musculo-Skeletal System,M02,Topical Products For Joint and Muscular Pain,76559,1.42,482492,0.87,0.87
202208,Musculo-Skeletal System,M03,Muscle Relaxants,7527,0.14,72488,0.13,0.13
202208,Musculo-Skeletal System,M04,Antigout Preparations,37383,0.69,150507,0.27,0.27
202208,Musculo-Skeletal System,M05,Drugs For Treatment Of Bone Diseases,35268,0.66,1506043,2.71,2.71
202208,Musculo-Skeletal System,M09,Other Drugs For Disorders Of The Musculo-Skeletal System,11108,0.21,130004,0.23,0.23
202208,Musculo-Skeletal System,,,,,,,
202208,Nervous System,N01,Anesthetics,2840,0.05,174069,0.31,0.31
202208,Nervous System,N02,Analgesics,315102,5.85,2519014,4.54,4.54
202208,Nervous System,N03,Antiepileptics,125502,2.33,1919111,3.46,3.46
202208,Nervous System,N04,Anti-Parkinson Drugs,22481,0.42,293843,0.53,0.53
202208,Nervous System,N05,Psycholeptics,300175,5.58,2480906,4.47,4.47
202208,Nervous System,N06,Psychoanaleptics,368001,6.84,2623436,4.72,4.72
202208,Nervous System,N07,Other Nervous System Drugs,34204,0.64,777922,1.4,1.4
202208,Nervous System,,,,,,,
202208,Respiratory System,R01,Nasal Preparations,57557,1.07,632191,1.14,1.14
202208,Respiratory System,R03,Drugs For Obstructive Airway Diseases,302595,5.62,5907016,10.63,10.63
202208,Respiratory System,R05,Cough and Cold Preparations,17111,0.32,104452,0.19,0.19
202208,Respiratory System,R06,Antihistamines For Systemic Use,91184,1.69,360441,0.65,0.65
202208,Respiratory System,,,,,,,
202208,Sensory Organs,S01,Ophthalmologicals,141939,2.64,1213617,2.18,2.18
202208,Sensory Organs,S02,Otologicals,2294,0.04,11680,0.02,0.02
202208,Sensory Organs,S03,Ophthalmological and Otological Preparations,5703,0.11,15159,0.03,0.03
202208,Sensory Organs,,,,,,,
202208,Systemic Hormonal Preparations Excl. Sex Hormones and Insulins,H01,Pituitary and Hypothalamic Hormones and Analogues,1103,0.02,60705,0.11,0.11
202208,Systemic Hormonal Preparations Excl. Sex Hormones and Insulins,H02,Corticosteroids For Systemic Use,54402,1.01,309151,0.56,0.56
202208,Systemic Hormonal Preparations Excl. Sex Hormones and Insulins,H03,Thyroid Therapy,176371,3.28,309299,0.56,0.56
202208,Systemic Hormonal Preparations Excl. Sex Hormones and Insulins,H04,Pancreatic Hormones,231,0,5083,0.01,0.01
202208,Systemic Hormonal Preparations Excl. Sex Hormones and Insulins,,,,,,,
202208,Various,V01,Allergens,140,0,11518,0.02,0.02
202208,Various,V03,All Other Therapeutic Products,1951,0.04,169976,0.31,0.31
202208,Various,V04,Diagnostic Agents,11276,0.21,244730,0.44,0.44
202208,Various,V06,General Nutrients,49512,0.92,3768404,6.78,6.78
202208,Various,V07,All Other Non-Therapeutic Products,,,,,6.11
202208,Various,V07 1,Ostomy Requisites,32377,0.6,1860013,3.35,3.35
202208,Various,V07 2,Urinary Requisites,14023,0.26,1188027,2.14,2.14
202208,Various,V07 3,Needles/Syringes/Lancets,7819,0.15,85828,0.15,0.15
202208,Various,V07 4,Dressings,3744,0.07,177953,0.32,0.32
202208,Various,V07 5,Miscellaneous,5434,0.1,82231,0.15,0.15
202208,Various,,,,,,,
202209,Alimentary Tract and Metabolism,A01,Stomatological Preparations,6181,0.11,19113,0.03,0.03
202209,Alimentary Tract and Metabolism,A02,Drugs For Acid Related Disorders,379083,7.04,2297351,4.13,4.13
202209,Alimentary Tract and Metabolism,A03,Drugs For Functional Gastrointestinal Disorders,32339,0.6,188774,0.34,0.34
202209,Alimentary Tract and Metabolism,A04,Antiemetics and Antinauseants,3582,0.07,270164,0.49,0.49
202209,Alimentary Tract and Metabolism,A05,Bile and Liver Therapy,2377,0.04,56157,0.1,0.1
202209,Alimentary Tract and Metabolism,A06,Laxatives,82555,1.53,956008,1.72,1.72
202209,Alimentary Tract and Metabolism,A07,Antidiarrheals Intestinal Antiinflammatory/Antiinfective Agents,23282,0.43,848464,1.53,1.53
202209,Alimentary Tract and Metabolism,A09,Digestives Incl. Enzymes,2957,0.05,183675,0.33,0.33
202209,Alimentary Tract and Metabolism,A10,Drugs Used In Diabetes,70809,1.32,1770183,3.18,3.18
202209,Alimentary Tract and Metabolism,A11,Vitamins,144587,2.69,614874,1.11,1.11
202209,Alimentary Tract and Metabolism,A12,Mineral Supplements,116399,2.16,607571,1.09,1.09
202209,Alimentary Tract and Metabolism,A14,Anabolic Agents For Systemic Use,64,0,711,0,0
202209,Alimentary Tract and Metabolism,,,,,,,
202209,Antiinfectives For Systemic Use,J01,Antibacterials For Systemic Use,187166,3.48,1056515,1.9,1.9
202209,Antiinfectives For Systemic Use,J02,Antimycotics For Systemic Use,8424,0.16,79429,0.14,0.14
202209,Antiinfectives For Systemic Use,J04,Antimycobacterials,604,0.01,15108,0.03,0.03
202209,Antiinfectives For Systemic Use,J05,Antivirals For Systemic Use,6366,0.12,263975,0.47,0.47
202209,Antiinfectives For Systemic Use,,,,,,,
202209,Antineoplastic and Immunomodulating Agents,L01,Antineoplastic Agents,3856,0.07,111623,0.2,0.2
202209,Antineoplastic and Immunomodulating Agents,L02,Endocrine Therapy,10340,0.19,197162,0.35,0.35
202209,Antineoplastic and Immunomodulating Agents,L04,Immunosuppressive Agents,16794,0.31,286956,0.52,0.52
202209,Antineoplastic and Immunomodulating Agents,,,,,,,
202209,Antiparasitic Products Insecticides and Repellents,P01,Antiprotozoals,9738,0.18,45816,0.08,0.08
202209,Antiparasitic Products Insecticides and Repellents,P02,Anthelmintics,719,0.01,12772,0.02,0.02
202209,Antiparasitic Products Insecticides and Repellents,P03,Ectoparasiticides Incl. Scabicides Insecticides and Repellents,1253,0.02,18382,0.03,0.03
202209,Antiparasitic Products Insecticides and Repellents,,,,,,,
202209,Blood and Blood Forming Organs,B01,Antithrombotic Agents,262534,4.88,5142946,9.25,9.25
202209,Blood and Blood Forming Organs,B02,Antihemorrhagics,2210,0.04,23844,0.04,0.04
202209,Blood and Blood Forming Organs,B03,Antianemic Preparations,120478,2.24,217201,0.39,0.39
202209,Blood and Blood Forming Organs,B05,Blood Substitutes and Perfusion Solutions,2,0,179,0,0
202209,Blood and Blood Forming Organs,,,,,,,
202209,Cardiovascular System,C01,Cardiac Therapy,46126,0.86,873801,1.57,1.57
202209,Cardiovascular System,C02,Antihypertensives,17950,0.33,215637,0.39,0.39
202209,Cardiovascular System,C03,Diuretics,103382,1.92,259935,0.47,0.47
202209,Cardiovascular System,C04,Peripheral Vasodilators,2613,0.05,36907,0.07,0.07
202209,Cardiovascular System,C05,Vasoprotectives,10303,0.19,64121,0.12,0.12
202209,Cardiovascular System,C07,Beta Blocking Agents,169684,3.15,438801,0.79,0.79
202209,Cardiovascular System,C08,Calcium Channel Blockers,145697,2.71,466126,0.84,0.84
202209,Cardiovascular System,C09,Agents Acting On The Renin-Angiotensin System,281704,5.24,2058702,3.7,3.7
202209,Cardiovascular System,C10,Serum Lipid Reducing Agents,341019,6.34,1722102,3.1,3.1
202209,Cardiovascular System,,,,,,,
202209,Dermatologicals,D01,Antifungals For Dermatological Use,35635,0.66,195023,0.35,0.35
202209,Dermatologicals,D02,Emollients and Protectives,19857,0.37,51217,0.09,0.09
202209,Dermatologicals,D03,Preparations For Treatment Of Wounds and Ulcers,20,0,271,0,0
202209,Dermatologicals,D05,Antipsoriatics,7858,0.15,278935,0.5,0.5
202209,Dermatologicals,D06,Antibiotics and Chemotherapeutics For Dermatological Use,10907,0.2,79386,0.14,0.14
202209,Dermatologicals,D07,Corticosteroids Dermatological Preparations,38417,0.71,210738,0.38,0.38
202209,Dermatologicals,D10,Anti-Acne Preparations,7275,0.14,99226,0.18,0.18
202209,Dermatologicals,D11,Other Dermatological Preparations,3499,0.07,129987,0.23,0.23
202209,Dermatologicals,,,,,,,
202209,Genito Urinary System and Sex Hormones,G01,Gynecological Antiinfectives and Antiseptics,1059,0.02,7290,0.01,0.01
202209,Genito Urinary System and Sex Hormones,G02,Other Gynecologicals,2578,0.05,231191,0.42,0.42
202209,Genito Urinary System and Sex Hormones,G03,Sex Hormones and Modulators Of The Genital System,100687,1.87,815608,1.47,1.47
202209,Genito Urinary System and Sex Hormones,G04,Urologicals,124429,2.31,1744730,3.14,3.14
202209,Genito Urinary System and Sex Hormones,,,,,,,
202209,Musculo-Skeletal System,M01,Antiinflammatory and Antirheumatic Products,97274,1.81,645809,1.16,1.16
202209,Musculo-Skeletal System,M02,Topical Products For Joint and Muscular Pain,78050,1.45,505680,0.91,0.91
202209,Musculo-Skeletal System,M03,Muscle Relaxants,7422,0.14,72318,0.13,0.13
202209,Musculo-Skeletal System,M04,Antigout Preparations,36924,0.69,147922,0.27,0.27
202209,Musculo-Skeletal System,M05,Drugs For Treatment Of Bone Diseases,35176,0.65,1533447,2.76,2.76
202209,Musculo-Skeletal System,M09,Other Drugs For Disorders Of The Musculo-Skeletal System,11026,0.2,136905,0.25,0.25
202209,Musculo-Skeletal System,,,,,,,
202209,Nervous System,N01,Anesthetics,2805,0.05,171559,0.31,0.31
202209,Nervous System,N02,Analgesics,314505,5.84,2457951,4.42,4.42
202209,Nervous System,N03,Antiepileptics,122409,2.27,1945534,3.5,3.5
202209,Nervous System,N04,Anti-Parkinson Drugs,22173,0.41,293632,0.53,0.53
202209,Nervous System,N05,Psycholeptics,299452,5.56,2486789,4.47,4.47
202209,Nervous System,N06,Psychoanaleptics,365453,6.79,2600530,4.67,4.67
202209,Nervous System,N07,Other Nervous System Drugs,34939,0.65,808310,1.45,1.45
202209,Nervous System,,,,,,,
202209,Respiratory System,R01,Nasal Preparations,57439,1.07,630435,1.13,1.13
202209,Respiratory System,R03,Drugs For Obstructive Airway Diseases,310773,5.78,5960349,10.71,10.71
202209,Respiratory System,R05,Cough and Cold Preparations,20245,0.38,113871,0.2,0.2
202209,Respiratory System,R06,Antihistamines For Systemic Use,86927,1.62,339985,0.61,0.61
202209,Respiratory System,,,,,,,
202209,Sensory Organs,S01,Ophthalmologicals,140562,2.61,1211709,2.18,2.18
202209,Sensory Organs,S02,Otologicals,2268,0.04,11551,0.02,0.02
202209,Sensory Organs,S03,Ophthalmological and Otological Preparations,5867,0.11,15089,0.03,0.03
202209,Sensory Organs,,,,,,,
202209,Systemic Hormonal Preparations Excl. Sex Hormones and Insulins,H01,Pituitary and Hypothalamic Hormones and Analogues,1089,0.02,59877,0.11,0.11
202209,Systemic Hormonal Preparations Excl. Sex Hormones and Insulins,H02,Corticosteroids For Systemic Use,62426,1.16,346471,0.62,0.62
202209,Systemic Hormonal Preparations Excl. Sex Hormones and Insulins,H03,Thyroid Therapy,173617,3.23,304482,0.55,0.55
202209,Systemic Hormonal Preparations Excl. Sex Hormones and Insulins,H04,Pancreatic Hormones,221,0,4919,0.01,0.01
202209,Systemic Hormonal Preparations Excl. Sex Hormones and Insulins,,,,,,,
202209,Various,V01,Allergens,129,0,10660,0.02,0.02
202209,Various,V03,All Other Therapeutic Products,1817,0.03,155772,0.28,0.28
202209,Various,V04,Diagnostic Agents,11225,0.21,243712,0.44,0.44
202209,Various,V06,General Nutrients,48945,0.91,3716639,6.68,6.68
202209,Various,V07,All Other Non-Therapeutic Products,,,,,6.17
202209,Various,V07 1,Ostomy Requisites,32308,0.6,1882702,3.38,3.38
202209,Various,V07 2,Urinary Requisites,14031,0.26,1189230,2.14,2.14
202209,Various,V07 3,Needles/Syringes/Lancets,8784,0.16,93482,0.17,0.17
202209,Various,V07 4,Dressings,3929,0.07,187301,0.34,0.34
202209,Various,V07 5,Miscellaneous,5445,0.1,78057,0.14,0.14
202209,Various,,,,,,,
202210,Alimentary Tract and Metabolism,A01,Stomatological Preparations,6039,0.12,18647,0.03,0.03
202210,Alimentary Tract and Metabolism,A02,Drugs For Acid Related Disorders,367831,7.02,2225172,4.14,4.14
202210,Alimentary Tract and Metabolism,A03,Drugs For Functional Gastrointestinal Disorders,30785,0.59,177974,0.33,0.33
202210,Alimentary Tract and Metabolism,A04,Antiemetics and Antinauseants,3579,0.07,268247,0.5,0.5
202210,Alimentary Tract and Metabolism,A05,Bile and Liver Therapy,2307,0.04,54092,0.1,0.1
202210,Alimentary Tract and Metabolism,A06,Laxatives,79787,1.52,920635,1.71,1.71
202210,Alimentary Tract and Metabolism,A07,Antidiarrheals Intestinal Antiinflammatory/Antiinfective Agents,21767,0.42,807367,1.5,1.5
202210,Alimentary Tract and Metabolism,A09,Digestives Incl. Enzymes,2870,0.05,173845,0.32,0.32
202210,Alimentary Tract and Metabolism,A10,Drugs Used In Diabetes,69838,1.33,1709520,3.18,3.18
202210,Alimentary Tract and Metabolism,A11,Vitamins,142821,2.73,605434,1.13,1.13
202210,Alimentary Tract and Metabolism,A12,Mineral Supplements,113697,2.17,593048,1.1,1.1
202210,Alimentary Tract and Metabolism,A14,Anabolic Agents For Systemic Use,66,0,832,0,0
202210,Alimentary Tract and Metabolism,,,,,,,
202210,Antiinfectives For Systemic Use,J01,Antibacterials For Systemic Use,199199,3.8,1089873,2.03,2.03
202210,Antiinfectives For Systemic Use,J02,Antimycotics For Systemic Use,8320,0.16,74932,0.14,0.14
202210,Antiinfectives For Systemic Use,J04,Antimycobacterials,577,0.01,15202,0.03,0.03
202210,Antiinfectives For Systemic Use,J05,Antivirals For Systemic Use,6296,0.12,254901,0.47,0.47
202210,Antiinfectives For Systemic Use,,,,,,,
202210,Antineoplastic and Immunomodulating Agents,L01,Antineoplastic Agents,3612,0.07,106786,0.2,0.2
202210,Antineoplastic and Immunomodulating Agents,L02,Endocrine Therapy,10047,0.19,192524,0.36,0.36
202210,Antineoplastic and Immunomodulating Agents,L04,Immunosuppressive Agents,16574,0.32,280651,0.52,0.52
202210,Antineoplastic and Immunomodulating Agents,,,,,,,
202210,Antiparasitic Products Insecticides and Repellents,P01,Antiprotozoals,9466,0.18,44754,0.08,0.08
202210,Antiparasitic Products Insecticides and Repellents,P02,Anthelmintics,692,0.01,14438,0.03,0.03
202210,Antiparasitic Products Insecticides and Repellents,P03,Ectoparasiticides Incl. Scabicides Insecticides and Repellents,1214,0.02,18220,0.03,0.03
202210,Antiparasitic Products Insecticides and Repellents,,,,,,,
202210,Blood and Blood Forming Organs,B01,Antithrombotic Agents,255101,4.87,5023397,9.35,9.35
202210,Blood and Blood Forming Organs,B02,Antihemorrhagics,2153,0.04,23057,0.04,0.04
202210,Blood and Blood Forming Organs,B03,Antianemic Preparations,116756,2.23,203048,0.38,0.38
202210,Blood and Blood Forming Organs,B05,Blood Substitutes and Perfusion Solutions,3,0,72,0,0
202210,Blood and Blood Forming Organs,,,,,,,
202210,Cardiovascular System,C01,Cardiac Therapy,44548,0.85,811854,1.51,1.51
202210,Cardiovascular System,C02,Antihypertensives,17416,0.33,209618,0.39,0.39
202210,Cardiovascular System,C03,Diuretics,100259,1.91,252166,0.47,0.47
202210,Cardiovascular System,C04,Peripheral Vasodilators,2478,0.05,37299,0.07,0.07
202210,Cardiovascular System,C05,Vasoprotectives,9771,0.19,63445,0.12,0.12
202210,Cardiovascular System,C07,Beta Blocking Agents,165398,3.16,419371,0.78,0.78
202210,Cardiovascular System,C08,Calcium Channel Blockers,141854,2.71,454784,0.85,0.85
202210,Cardiovascular System,C09,Agents Acting On The Renin-Angiotensin System,273317,5.22,2007673,3.74,3.74
202210,Cardiovascular System,C10,Serum Lipid Reducing Agents,332731,6.35,1684644,3.14,3.14
202210,Cardiovascular System,,,,,,,
202210,Dermatologicals,D01,Antifungals For Dermatological Use,33736,0.64,183604,0.34,0.34
202210,Dermatologicals,D02,Emollients and Protectives,18762,0.36,48547,0.09,0.09
202210,Dermatologicals,D03,Preparations For Treatment Of Wounds and Ulcers,21,0,208,0,0
202210,Dermatologicals,D05,Antipsoriatics,7660,0.15,271287,0.5,0.5
202210,Dermatologicals,D06,Antibiotics and Chemotherapeutics For Dermatological Use,9179,0.18,67470,0.13,0.13
202210,Dermatologicals,D07,Corticosteroids Dermatological Preparations,36681,0.7,205167,0.38,0.38
202210,Dermatologicals,D10,Anti-Acne Preparations,6779,0.13,93737,0.17,0.17
202210,Dermatologicals,D11,Other Dermatological Preparations,3331,0.06,127574,0.24,0.24
202210,Dermatologicals,,,,,,,
202210,Genito Urinary System and Sex Hormones,G01,Gynecological Antiinfectives and Antiseptics,876,0.02,6220,0.01,0.01
202210,Genito Urinary System and Sex Hormones,G02,Other Gynecologicals,2273,0.04,201207,0.37,0.37
202210,Genito Urinary System and Sex Hormones,G03,Sex Hormones and Modulators Of The Genital System,92180,1.76,762003,1.42,1.42
202210,Genito Urinary System and Sex Hormones,G04,Urologicals,121803,2.33,1698409,3.16,3.16
202210,Genito Urinary System and Sex Hormones,,,,,,,
202210,Musculo-Skeletal System,M01,Antiinflammatory and Antirheumatic Products,92210,1.76,609132,1.13,1.13
202210,Musculo-Skeletal System,M02,Topical Products For Joint and Muscular Pain,75359,1.44,491459,0.91,0.91
202210,Musculo-Skeletal System,M03,Muscle Relaxants,7200,0.14,68108,0.13,0.13
202210,Musculo-Skeletal System,M04,Antigout Preparations,35671,0.68,142701,0.27,0.27
202210,Musculo-Skeletal System,M05,Drugs For Treatment Of Bone Diseases,34027,0.65,1430583,2.66,2.66
202210,Musculo-Skeletal System,M09,Other Drugs For Disorders Of The Musculo-Skeletal System,10561,0.2,125285,0.23,0.23
202210,Musculo-Skeletal System,,,,,,,
202210,Nervous System,N01,Anesthetics,2668,0.05,163142,0.3,0.3
202210,Nervous System,N02,Analgesics,301945,5.76,2328516,4.33,4.33
202210,Nervous System,N03,Antiepileptics,118453,2.26,1855914,3.45,3.45
202210,Nervous System,N04,Anti-Parkinson Drugs,21627,0.41,288969,0.54,0.54
202210,Nervous System,N05,Psycholeptics,287703,5.49,2375713,4.42,4.42
202210,Nervous System,N06,Psychoanaleptics,354373,6.76,2531596,4.71,4.71
202210,Nervous System,N07,Other Nervous System Drugs,33102,0.63,763613,1.42,1.42
202210,Nervous System,,,,,,,
202210,Respiratory System,R01,Nasal Preparations,55386,1.06,612750,1.14,1.14
202210,Respiratory System,R03,Drugs For Obstructive Airway Diseases,305500,5.83,5810553,10.81,10.81
202210,Respiratory System,R05,Cough and Cold Preparations,23378,0.45,123636,0.23,0.23
202210,Respiratory System,R06,Antihistamines For Systemic Use,81070,1.55,315495,0.59,0.59
202210,Respiratory System,,,,,,,
202210,Sensory Organs,S01,Ophthalmologicals,136143,2.6,1174343,2.19,2.19
202210,Sensory Organs,S02,Otologicals,2057,0.04,10350,0.02,0.02
202210,Sensory Organs,S03,Ophthalmological and Otological Preparations,5979,0.11,15256,0.03,0.03
202210,Sensory Organs,,,,,,,
202210,Systemic Hormonal Preparations Excl. Sex Hormones and Insulins,H01,Pituitary and Hypothalamic Hormones and Analogues,1081,0.02,59028,0.11,0.11
202210,Systemic Hormonal Preparations Excl. Sex Hormones and Insulins,H02,Corticosteroids For Systemic Use,69184,1.32,358640,0.67,0.67
202210,Systemic Hormonal Preparations Excl. Sex Hormones and Insulins,H03,Thyroid Therapy,169026,3.23,294975,0.55,0.55
202210,Systemic Hormonal Preparations Excl. Sex Hormones and Insulins,H04,Pancreatic Hormones,200,0,4193,0.01,0.01
202210,Systemic Hormonal Preparations Excl. Sex Hormones and Insulins,,,,,,,
202210,Various,V01,Allergens,106,0,8625,0.02,0.02
202210,Various,V03,All Other Therapeutic Products,1726,0.03,148750,0.28,0.28
202210,Various,V04,Diagnostic Agents,10686,0.2,232786,0.43,0.43
202210,Various,V06,General Nutrients,47508,0.91,3593983,6.69,6.69
202210,Various,V07,All Other Non-Therapeutic Products,,,,,6.13
202210,Various,V07 1,Ostomy Requisites,30742,0.59,1804331,3.36,3.36
202210,Various,V07 2,Urinary Requisites,13418,0.26,1139790,2.12,2.12
202210,Various,V07 3,Needles/Syringes/Lancets,9122,0.17,94511,0.18,0.18
202210,Various,V07 4,Dressings,3542,0.07,175742,0.33,0.33
202210,Various,V07 5,Miscellaneous,5582,0.11,79309,0.15,0.15
202210,Various,,,,,,,
202211,Alimentary Tract and Metabolism,A01,Stomatological Preparations,6710,0.12,20469,0.04,0.04
202211,Alimentary Tract and Metabolism,A02,Drugs For Acid Related Disorders,385545,6.98,2326890,4.11,4.11
202211,Alimentary Tract and Metabolism,A03,Drugs For Functional Gastrointestinal Disorders,31167,0.56,183376,0.32,0.32
202211,Alimentary Tract and Metabolism,A04,Antiemetics and Antinauseants,3743,0.07,281120,0.5,0.5
202211,Alimentary Tract and Metabolism,A05,Bile and Liver Therapy,2478,0.04,58502,0.1,0.1
202211,Alimentary Tract and Metabolism,A06,Laxatives,83429,1.51,898135,1.59,1.59
202211,Alimentary Tract and Metabolism,A07,Antidiarrheals Intestinal Antiinflammatory/Antiinfective Agents,22756,0.41,839831,1.48,1.48
202211,Alimentary Tract and Metabolism,A09,Digestives Incl. Enzymes,3054,0.06,182673,0.32,0.32
202211,Alimentary Tract and Metabolism,A10,Drugs Used In Diabetes,73628,1.33,1792963,3.17,3.17
202211,Alimentary Tract and Metabolism,A11,Vitamins,151479,2.74,645493,1.14,1.14
202211,Alimentary Tract and Metabolism,A12,Mineral Supplements,119035,2.15,618780,1.09,1.09
202211,Alimentary Tract and Metabolism,A14,Anabolic Agents For Systemic Use,79,0,852,0,0
202211,Alimentary Tract and Metabolism,,,,,,,
202211,Antiinfectives For Systemic Use,J01,Antibacterials For Systemic Use,224620,4.06,1210137,2.14,2.14
202211,Antiinfectives For Systemic Use,J02,Antimycotics For Systemic Use,8847,0.16,82475,0.15,0.15
202211,Antiinfectives For Systemic Use,J04,Antimycobacterials,581,0.01,14584,0.03,0.03
202211,Antiinfectives For Systemic Use,J05,Antivirals For Systemic Use,6804,0.12,272131,0.48,0.48
202211,Antiinfectives For Systemic Use,,,,,,,
202211,Antineoplastic and Immunomodulating Agents,L01,Antineoplastic Agents,3815,0.07,117581,0.21,0.21
202211,Antineoplastic and Immunomodulating Agents,L02,Endocrine Therapy,10495,0.19,204509,0.36,0.36
202211,Antineoplastic and Immunomodulating Agents,L04,Immunosuppressive Agents,17195,0.31,289453,0.51,0.51
202211,Antineoplastic and Immunomodulating Agents,,,,,,,
202211,Antiparasitic Products Insecticides and Repellents,P01,Antiprotozoals,9963,0.18,49244,0.09,0.09
202211,Antiparasitic Products Insecticides and Repellents,P02,Anthelmintics,718,0.01,21308,0.04,0.04
202211,Antiparasitic Products Insecticides and Repellents,P03,Ectoparasiticides Incl. Scabicides Insecticides and Repellents,1408,0.03,20647,0.04,0.04
202211,Antiparasitic Products Insecticides and Repellents,,,,,,,
202211,Blood and Blood Forming Organs,B01,Antithrombotic Agents,265334,4.8,5203708,9.2,9.2
202211,Blood and Blood Forming Organs,B02,Antihemorrhagics,2277,0.04,24656,0.04,0.04
202211,Blood and Blood Forming Organs,B03,Antianemic Preparations,121829,2.2,213656,0.38,0.38
202211,Blood and Blood Forming Organs,B05,Blood Substitutes and Perfusion Solutions,3,0,249,0,0
202211,Blood and Blood Forming Organs,,,,,,,
202211,Cardiovascular System,C01,Cardiac Therapy,46057,0.83,825212,1.46,1.46
202211,Cardiovascular System,C02,Antihypertensives,18142,0.33,215172,0.38,0.38
202211,Cardiovascular System,C03,Diuretics,103968,1.88,275089,0.49,0.49
202211,Cardiovascular System,C04,Peripheral Vasodilators,2611,0.05,38793,0.07,0.07
202211,Cardiovascular System,C05,Vasoprotectives,10637,0.19,66973,0.12,0.12
202211,Cardiovascular System,C07,Beta Blocking Agents,172198,3.12,439960,0.78,0.78
202211,Cardiovascular System,C08,Calcium Channel Blockers,149185,2.7,477413,0.84,0.84
202211,Cardiovascular System,C09,Agents Acting On The Renin-Angiotensin System,286731,5.19,2109251,3.73,3.73
202211,Cardiovascular System,C10,Serum Lipid Reducing Agents,349478,6.32,1775236,3.14,3.14
202211,Cardiovascular System,,,,,,,
202211,Dermatologicals,D01,Antifungals For Dermatological Use,36430,0.66,195444,0.35,0.35
202211,Dermatologicals,D02,Emollients and Protectives,20285,0.37,52311,0.09,0.09
202211,Dermatologicals,D03,Preparations For Treatment Of Wounds and Ulcers,17,0,181,0,0
202211,Dermatologicals,D05,Antipsoriatics,8061,0.15,286733,0.51,0.51
202211,Dermatologicals,D06,Antibiotics and Chemotherapeutics For Dermatological Use,10992,0.2,79298,0.14,0.14
202211,Dermatologicals,D07,Corticosteroids Dermatological Preparations,40262,0.73,221731,0.39,0.39
202211,Dermatologicals,D10,Anti-Acne Preparations,7195,0.13,99573,0.18,0.18
202211,Dermatologicals,D11,Other Dermatological Preparations,3601,0.07,136492,0.24,0.24
202211,Dermatologicals,,,,,,,
202211,Genito Urinary System and Sex Hormones,G01,Gynecological Antiinfectives and Antiseptics,831,0.02,6215,0.01,0.01
202211,Genito Urinary System and Sex Hormones,G02,Other Gynecologicals,2395,0.04,211080,0.37,0.37
202211,Genito Urinary System and Sex Hormones,G03,Sex Hormones and Modulators Of The Genital System,97397,1.76,818814,1.45,1.45
202211,Genito Urinary System and Sex Hormones,G04,Urologicals,126946,2.3,1774049,3.14,3.14
202211,Genito Urinary System and Sex Hormones,,,,,,,
202211,Musculo-Skeletal System,M01,Antiinflammatory and Antirheumatic Products,97686,1.77,643263,1.14,1.14
202211,Musculo-Skeletal System,M02,Topical Products For Joint and Muscular Pain,78869,1.43,512037,0.9,0.9
202211,Musculo-Skeletal System,M03,Muscle Relaxants,7731,0.14,73752,0.13,0.13
202211,Musculo-Skeletal System,M04,Antigout Preparations,37409,0.68,148950,0.26,0.26
202211,Musculo-Skeletal System,M05,Drugs For Treatment Of Bone Diseases,35921,0.65,1608476,2.84,2.84
202211,Musculo-Skeletal System,M09,Other Drugs For Disorders Of The Musculo-Skeletal System,11050,0.2,139443,0.25,0.25
202211,Musculo-Skeletal System,,,,,,,
202211,Nervous System,N01,Anesthetics,2822,0.05,170516,0.3,0.3
202211,Nervous System,N02,Analgesics,318163,5.76,2471115,4.37,4.37
202211,Nervous System,N03,Antiepileptics,124476,2.25,1930491,3.41,3.41
202211,Nervous System,N04,Anti-Parkinson Drugs,22500,0.41,295253,0.52,0.52
202211,Nervous System,N05,Psycholeptics,302429,5.47,2498349,4.42,4.42
202211,Nervous System,N06,Psychoanaleptics,373055,6.75,2651880,4.69,4.69
202211,Nervous System,N07,Other Nervous System Drugs,34789,0.63,804612,1.42,1.42
202211,Nervous System,,,,,,,
202211,Respiratory System,R01,Nasal Preparations,58854,1.06,650705,1.15,1.15
202211,Respiratory System,R03,Drugs For Obstructive Airway Diseases,323799,5.86,6138717,10.85,10.85
202211,Respiratory System,R05,Cough and Cold Preparations,26891,0.49,137869,0.24,0.24
202211,Respiratory System,R06,Antihistamines For Systemic Use,82751,1.5,325310,0.57,0.57
202211,Respiratory System,,,,,,,
202211,Sensory Organs,S01,Ophthalmologicals,143342,2.59,1238898,2.19,2.19
202211,Sensory Organs,S02,Otologicals,2262,0.04,11561,0.02,0.02
202211,Sensory Organs,S03,Ophthalmological and Otological Preparations,6808,0.12,17102,0.03,0.03
202211,Sensory Organs,,,,,,,
202211,Systemic Hormonal Preparations Excl. Sex Hormones and Insulins,H01,Pituitary and Hypothalamic Hormones and Analogues,1118,0.02,61668,0.11,0.11
202211,Systemic Hormonal Preparations Excl. Sex Hormones and Insulins,H02,Corticosteroids For Systemic Use,77023,1.39,381253,0.67,0.67
202211,Systemic Hormonal Preparations Excl. Sex Hormones and Insulins,H03,Thyroid Therapy,176409,3.19,307844,0.54,0.54
202211,Systemic Hormonal Preparations Excl. Sex Hormones and Insulins,H04,Pancreatic Hormones,217,0,4541,0.01,0.01
202211,Systemic Hormonal Preparations Excl. Sex Hormones and Insulins,,,,,,,
202211,Various,V01,Allergens,111,0,8938,0.02,0.02
202211,Various,V03,All Other Therapeutic Products,1898,0.03,162146,0.29,0.29
202211,Various,V04,Diagnostic Agents,11114,0.2,242031,0.43,0.43
202211,Various,V06,General Nutrients,49639,0.9,3753497,6.63,6.63
202211,Various,V07,All Other Non-Therapeutic Products,,,,,6.21
202211,Various,V07 1,Ostomy Requisites,33212,0.6,1938040,3.43,3.43
202211,Various,V07 2,Urinary Requisites,14463,0.26,1226602,2.17,2.17
202211,Various,V07 3,Needles/Syringes/Lancets,9675,0.18,98524,0.17,0.17
202211,Various,V07 4,Dressings,3500,0.06,167853,0.3,0.3
202211,Various,V07 5,Miscellaneous,6023,0.11,82443,0.15,0.15
202211,Various,,,,,,,
202212,Alimentary Tract and Metabolism,A01,Stomatological Preparations,97441,1.71,362259,0.63,0.63
202212,Alimentary Tract and Metabolism,A02,Drugs For Acid Related Disorders,392174,6.89,2374314,4.16,4.16
202212,Alimentary Tract and Metabolism,A03,Drugs For Functional Gastrointestinal Disorders,31167,0.55,185246,0.32,0.32
202212,Alimentary Tract and Metabolism,A04,Antiemetics and Antinauseants,3947,0.07,286311,0.5,0.5
202212,Alimentary Tract and Metabolism,A05,Bile and Liver Therapy,2469,0.04,57713,0.1,0.1
202212,Alimentary Tract and Metabolism,A06,Laxatives,83097,1.46,890863,1.56,1.56
202212,Alimentary Tract and Metabolism,A07,Antidiarrheals Intestinal Antiinflammatory/Antiinfective Agents,23143,0.41,848589,1.49,1.49
202212,Alimentary Tract and Metabolism,A09,Digestives Incl. Enzymes,3187,0.06,197098,0.35,0.35
202212,Alimentary Tract and Metabolism,A10,Drugs Used In Diabetes,75332,1.32,1842429,3.23,3.23
202212,Alimentary Tract and Metabolism,A11,Vitamins,154810,2.72,659671,1.16,1.16
202212,Alimentary Tract and Metabolism,A12,Mineral Supplements,121600,2.14,631421,1.11,1.11
202212,Alimentary Tract and Metabolism,A14,Anabolic Agents For Systemic Use,69,0,747,0,0
202212,Alimentary Tract and Metabolism,,,,,,,
202212,Antiinfectives For Systemic Use,J01,Antibacterials For Systemic Use,298427,5.24,1505810,2.64,2.64
202212,Antiinfectives For Systemic Use,J02,Antimycotics For Systemic Use,8964,0.16,80037,0.14,0.14
202212,Antiinfectives For Systemic Use,J04,Antimycobacterials,548,0.01,14476,0.03,0.03
202212,Antiinfectives For Systemic Use,J05,Antivirals For Systemic Use,9751,0.17,327290,0.57,0.57
202212,Antiinfectives For Systemic Use,,,,,,,
202212,Antineoplastic and Immunomodulating Agents,L01,Antineoplastic Agents,3501,0.06,108049,0.19,0.19
202212,Antineoplastic and Immunomodulating Agents,L02,Endocrine Therapy,10745,0.19,206077,0.36,0.36
202212,Antineoplastic and Immunomodulating Agents,L04,Immunosuppressive Agents,17475,0.31,294867,0.52,0.52
202212,Antineoplastic and Immunomodulating Agents,,,,,,,
202212,Antiparasitic Products Insecticides and Repellents,P01,Antiprotozoals,9948,0.17,53595,0.09,0.09
202212,Antiparasitic Products Insecticides and Repellents,P02,Anthelmintics,616,0.01,20181,0.04,0.04
202212,Antiparasitic Products Insecticides and Repellents,P03,Ectoparasiticides Incl. Scabicides Insecticides and Repellents,1112,0.02,17522,0.03,0.03
202212,Antiparasitic Products Insecticides and Repellents,,,,,,,
202212,Blood and Blood Forming Organs,B01,Antithrombotic Agents,270488,4.75,5352750,9.38,9.38
202212,Blood and Blood Forming Organs,B02,Antihemorrhagics,2057,0.04,21354,0.04,0.04
202212,Blood and Blood Forming Organs,B03,Antianemic Preparations,121663,2.14,196622,0.34,0.34
202212,Blood and Blood Forming Organs,B05,Blood Substitutes and Perfusion Solutions,1,0,0,0,0
202212,Blood and Blood Forming Organs,,,,,,,
202212,Cardiovascular System,C01,Cardiac Therapy,46640,0.82,831113,1.46,1.46
202212,Cardiovascular System,C02,Antihypertensives,18629,0.33,228415,0.4,0.4
202212,Cardiovascular System,C03,Diuretics,105403,1.85,280401,0.49,0.49
202212,Cardiovascular System,C04,Peripheral Vasodilators,2607,0.05,39388,0.07,0.07
202212,Cardiovascular System,C05,Vasoprotectives,9636,0.17,64145,0.11,0.11
202212,Cardiovascular System,C07,Beta Blocking Agents,176262,3.1,453752,0.79,0.79
202212,Cardiovascular System,C08,Calcium Channel Blockers,152610,2.68,489419,0.86,0.86
202212,Cardiovascular System,C09,Agents Acting On The Renin-Angiotensin System,292477,5.14,2155234,3.77,3.77
202212,Cardiovascular System,C10,Serum Lipid Reducing Agents,358110,6.29,1820343,3.19,3.19
202212,Cardiovascular System,,,,,,,
202212,Dermatologicals,D01,Antifungals For Dermatological Use,33244,0.58,176535,0.31,0.31
202212,Dermatologicals,D02,Emollients and Protectives,19896,0.35,50406,0.09,0.09
202212,Dermatologicals,D03,Preparations For Treatment Of Wounds and Ulcers,16,0,199,0,0
202212,Dermatologicals,D05,Antipsoriatics,7689,0.14,271709,0.48,0.48
202212,Dermatologicals,D06,Antibiotics and Chemotherapeutics For Dermatological Use,10780,0.19,75233,0.13,0.13
202212,Dermatologicals,D07,Corticosteroids Dermatological Preparations,37296,0.65,203220,0.36,0.36
202212,Dermatologicals,D10,Anti-Acne Preparations,6483,0.11,88526,0.16,0.16
202212,Dermatologicals,D11,Other Dermatological Preparations,3201,0.06,122298,0.21,0.21
202212,Dermatologicals,,,,,,,
202212,Genito Urinary System and Sex Hormones,G01,Gynecological Antiinfectives and Antiseptics,653,0.01,4791,0.01,0.01
202212,Genito Urinary System and Sex Hormones,G02,Other Gynecologicals,1861,0.03,144015,0.25,0.25
202212,Genito Urinary System and Sex Hormones,G03,Sex Hormones and Modulators Of The Genital System,95846,1.68,776050,1.36,1.36
202212,Genito Urinary System and Sex Hormones,G04,Urologicals,129009,2.27,1808189,3.17,3.17
202212,Genito Urinary System and Sex Hormones,,,,,,,
202212,Musculo-Skeletal System,M01,Antiinflammatory and Antirheumatic Products,95482,1.68,618732,1.08,1.08
202212,Musculo-Skeletal System,M02,Topical Products For Joint and Muscular Pain,75875,1.33,486198,0.85,0.85
202212,Musculo-Skeletal System,M03,Muscle Relaxants,7601,0.13,73025,0.13,0.13
202212,Musculo-Skeletal System,M04,Antigout Preparations,38036,0.67,151871,0.27,0.27
202212,Musculo-Skeletal System,M05,Drugs For Treatment Of Bone Diseases,35501,0.62,1386852,2.43,2.43
202212,Musculo-Skeletal System,M09,Other Drugs For Disorders Of The Musculo-Skeletal System,11093,0.19,125027,0.22,0.22
202212,Musculo-Skeletal System,,,,,,,
202212,Nervous System,N01,Anesthetics,2805,0.05,170490,0.3,0.3
202212,Nervous System,N02,Analgesics,388695,6.83,3203767,5.61,5.61
202212,Nervous System,N03,Antiepileptics,57743,1.01,1205437,2.11,2.11
202212,Nervous System,N04,Anti-Parkinson Drugs,22925,0.4,304788,0.53,0.53
202212,Nervous System,N05,Psycholeptics,304051,5.34,2366089,4.14,4.14
202212,Nervous System,N06,Psychoanaleptics,374860,6.58,2662438,4.66,4.66
202212,Nervous System,N07,Other Nervous System Drugs,33093,0.58,755169,1.32,1.32
202212,Nervous System,,,,,,,
202212,Respiratory System,R01,Nasal Preparations,60555,1.06,673935,1.18,1.18
202212,Respiratory System,R03,Drugs For Obstructive Airway Diseases,343201,6.03,6393415,11.2,11.2
202212,Respiratory System,R05,Cough and Cold Preparations,35605,0.63,169962,0.3,0.3
202212,Respiratory System,R06,Antihistamines For Systemic Use,80708,1.42,322977,0.57,0.57
202212,Respiratory System,,,,,,,
202212,Sensory Organs,S01,Ophthalmologicals,144699,2.54,1249522,2.19,2.19
202212,Sensory Organs,S02,Otologicals,3167,0.06,18593,0.03,0.03
202212,Sensory Organs,S03,Ophthalmological and Otological Preparations,6941,0.12,16901,0.03,0.03
202212,Sensory Organs,,,,,,,
202212,Systemic Hormonal Preparations Excl. Sex Hormones and Insulins,H01,Pituitary and Hypothalamic Hormones and Analogues,1110,0.02,61838,0.11,0.11
202212,Systemic Hormonal Preparations Excl. Sex Hormones and Insulins,H02,Corticosteroids For Systemic Use,9545,0.17,138180,0.24,0.24
202212,Systemic Hormonal Preparations Excl. Sex Hormones and Insulins,H03,Thyroid Therapy,179922,3.16,312166,0.55,0.55
202212,Systemic Hormonal Preparations Excl. Sex Hormones and Insulins,H04,Pancreatic Hormones,212,0,4519,0.01,0.01
202212,Systemic Hormonal Preparations Excl. Sex Hormones and Insulins,,,,,,,
202212,Various,V01,Allergens,124,0,9986,0.02,0.02
202212,Various,V03,All Other Therapeutic Products,1853,0.03,158761,0.28,0.28
202212,Various,V04,Diagnostic Agents,10875,0.19,233021,0.41,0.41
202212,Various,V06,General Nutrients,49185,0.86,3723676,6.52,6.52
202212,Various,V07,All Other Non-Therapeutic Products,,,,,6.09
202212,Various,V07 1,Ostomy Requisites,33236,0.58,1924393,3.37,3.37
202212,Various,V07 2,Urinary Requisites,14128,0.25,1202515,2.11,2.11
202212,Various,V07 3,Needles/Syringes/Lancets,9856,0.17,99733,0.17,0.17
202212,Various,V07 4,Dressings,2945,0.05,167368,0.29,0.29
202212,Various,V07 5,Miscellaneous,6479,0.11,82747,0.14,0.14
202212,Various,,,,,,,
202301,Alimentary Tract and Metabolism,A01,Stomatological Preparations,79707,1.44,271203,0.48,0.48
202301,Alimentary Tract and Metabolism,A02,Drugs For Acid Related Disorders,385539,6.98,2333856,4.16,4.16
202301,Alimentary Tract and Metabolism,A03,Drugs For Functional Gastrointestinal Disorders,31377,0.57,180410,0.32,0.32
202301,Alimentary Tract and Metabolism,A04,Antiemetics and Antinauseants,3896,0.07,274636,0.49,0.49
202301,Alimentary Tract and Metabolism,A05,Bile and Liver Therapy,2530,0.05,58416,0.1,0.1
202301,Alimentary Tract and Metabolism,A06,Laxatives,83084,1.5,889701,1.59,1.59
202301,Alimentary Tract and Metabolism,A07,Antidiarrheals Intestinal Antiinflammatory/Antiinfective Agents,22706,0.41,809359,1.44,1.44
202301,Alimentary Tract and Metabolism,A09,Digestives Incl. Enzymes,3090,0.06,178940,0.32,0.32
202301,Alimentary Tract and Metabolism,A10,Drugs Used In Diabetes,74308,1.34,1800827,3.21,3.21
202301,Alimentary Tract and Metabolism,A11,Vitamins,153311,2.77,655047,1.17,1.17
202301,Alimentary Tract and Metabolism,A12,Mineral Supplements,118645,2.15,613610,1.09,1.09
202301,Alimentary Tract and Metabolism,A14,Anabolic Agents For Systemic Use,76,0,822,0,0
202301,Alimentary Tract and Metabolism,,,,,,,
202301,Antiinfectives For Systemic Use,J01,Antibacterials For Systemic Use,235175,4.26,1258904,2.24,2.24
202301,Antiinfectives For Systemic Use,J02,Antimycotics For Systemic Use,9040,0.16,85064,0.15,0.15
202301,Antiinfectives For Systemic Use,J04,Antimycobacterials,570,0.01,14754,0.03,0.03
202301,Antiinfectives For Systemic Use,J05,Antivirals For Systemic Use,8749,0.16,307029,0.55,0.55
202301,Antiinfectives For Systemic Use,,,,,,,
202301,Antineoplastic and Immunomodulating Agents,L01,Antineoplastic Agents,3752,0.07,119886,0.21,0.21
202301,Antineoplastic and Immunomodulating Agents,L02,Endocrine Therapy,10533,0.19,199894,0.36,0.36
202301,Antineoplastic and Immunomodulating Agents,L04,Immunosuppressive Agents,17063,0.31,286004,0.51,0.51
202301,Antineoplastic and Immunomodulating Agents,,,,,,,
202301,Antiparasitic Products Insecticides and Repellents,P01,Antiprotozoals,9638,0.17,48309,0.09,0.09
202301,Antiparasitic Products Insecticides and Repellents,P02,Anthelmintics,889,0.02,31654,0.06,0.06
202301,Antiparasitic Products Insecticides and Repellents,P03,Ectoparasiticides Incl. Scabicides Insecticides and Repellents,1457,0.03,21251,0.04,0.04
202301,Antiparasitic Products Insecticides and Repellents,,,,,,,
202301,Blood and Blood Forming Organs,B01,Antithrombotic Agents,264043,4.78,5247206,9.36,9.36
202301,Blood and Blood Forming Organs,B02,Antihemorrhagics,2142,0.04,21847,0.04,0.04
202301,Blood and Blood Forming Organs,B03,Antianemic Preparations,120003,2.17,199728,0.36,0.36
202301,Blood and Blood Forming Organs,B05,Blood Substitutes and Perfusion Solutions,1,0,1,0,0
202301,Blood and Blood Forming Organs,,,,,,,
202301,Cardiovascular System,C01,Cardiac Therapy,45615,0.83,825208,1.47,1.47
202301,Cardiovascular System,C02,Antihypertensives,18110,0.33,218026,0.39,0.39
202301,Cardiovascular System,C03,Diuretics,103306,1.87,271290,0.48,0.48
202301,Cardiovascular System,C04,Peripheral Vasodilators,2575,0.05,38131,0.07,0.07
202301,Cardiovascular System,C05,Vasoprotectives,10459,0.19,65786,0.12,0.12
202301,Cardiovascular System,C07,Beta Blocking Agents,171945,3.11,437984,0.78,0.78
202301,Cardiovascular System,C08,Calcium Channel Blockers,149657,2.71,483839,0.86,0.86
202301,Cardiovascular System,C09,Agents Acting On The Renin-Angiotensin System,286705,5.19,2115578,3.77,3.77
202301,Cardiovascular System,C10,Serum Lipid Reducing Agents,350474,6.34,1774090,3.16,3.16
202301,Cardiovascular System,,,,,,,
202301,Dermatologicals,D01,Antifungals For Dermatological Use,34726,0.63,182838,0.33,0.33
202301,Dermatologicals,D02,Emollients and Protectives,20159,0.36,51505,0.09,0.09
202301,Dermatologicals,D03,Preparations For Treatment Of Wounds and Ulcers,17,0,226,0,0
202301,Dermatologicals,D05,Antipsoriatics,7872,0.14,279403,0.5,0.5
202301,Dermatologicals,D06,Antibiotics and Chemotherapeutics For Dermatological Use,9631,0.17,70448,0.13,0.13
202301,Dermatologicals,D07,Corticosteroids Dermatological Preparations,39689,0.72,219830,0.39,0.39
202301,Dermatologicals,D10,Anti-Acne Preparations,7012,0.13,96524,0.17,0.17
202301,Dermatologicals,D11,Other Dermatological Preparations,3393,0.06,130379,0.23,0.23
202301,Dermatologicals,,,,,,,
202301,Genito Urinary System and Sex Hormones,G01,Gynecological Antiinfectives and Antiseptics,753,0.01,5675,0.01,0.01
202301,Genito Urinary System and Sex Hormones,G02,Other Gynecologicals,2303,0.04,208252,0.37,0.37
202301,Genito Urinary System and Sex Hormones,G03,Sex Hormones and Modulators Of The Genital System,95744,1.73,805178,1.44,1.44
202301,Genito Urinary System and Sex Hormones,G04,Urologicals,126826,2.29,1773813,3.16,3.16
202301,Genito Urinary System and Sex Hormones,,,,,,,
202301,Musculo-Skeletal System,M01,Antiinflammatory and Antirheumatic Products,96890,1.75,628054,1.12,1.12
202301,Musculo-Skeletal System,M02,Topical Products For Joint and Muscular Pain,76220,1.38,492442,0.88,0.88
202301,Musculo-Skeletal System,M03,Muscle Relaxants,7549,0.14,72647,0.13,0.13
202301,Musculo-Skeletal System,M04,Antigout Preparations,37117,0.67,147622,0.26,0.26
202301,Musculo-Skeletal System,M05,Drugs For Treatment Of Bone Diseases,35311,0.64,1502754,2.68,2.68
202301,Musculo-Skeletal System,M09,Other Drugs For Disorders Of The Musculo-Skeletal System,10758,0.19,125849,0.22,0.22
202301,Musculo-Skeletal System,,,,,,,
202301,Nervous System,N01,Anesthetics,2816,0.05,167348,0.3,0.3
202301,Nervous System,N02,Analgesics,383455,6.94,3136637,5.59,5.59
202301,Nervous System,N03,Antiepileptics,54004,0.98,1186044,2.11,2.11
202301,Nervous System,N04,Anti-Parkinson Drugs,22444,0.41,293746,0.52,0.52
202301,Nervous System,N05,Psycholeptics,304172,5.5,2337524,4.17,4.17
202301,Nervous System,N06,Psychoanaleptics,372424,6.74,2639235,4.71,4.71
202301,Nervous System,N07,Other Nervous System Drugs,35146,0.64,816226,1.46,1.46
202301,Nervous System,,,,,,,
202301,Respiratory System,R01,Nasal Preparations,58716,1.06,656300,1.17,1.17
202301,Respiratory System,R03,Drugs For Obstructive Airway Diseases,323622,5.86,6133369,10.94,10.94
202301,Respiratory System,R05,Cough and Cold Preparations,29121,0.53,147445,0.26,0.26
202301,Respiratory System,R06,Antihistamines For Systemic Use,80555,1.46,319366,0.57,0.57
202301,Respiratory System,,,,,,,
202301,Sensory Organs,S01,Ophthalmologicals,141174,2.55,1218513,2.17,2.17
202301,Sensory Organs,S02,Otologicals,2375,0.04,11991,0.02,0.02
202301,Sensory Organs,S03,Ophthalmological and Otological Preparations,6973,0.13,17107,0.03,0.03
202301,Sensory Organs,,,,,,,
202301,Systemic Hormonal Preparations Excl. Sex Hormones and Insulins,H01,Pituitary and Hypothalamic Hormones and Analogues,1081,0.02,58639,0.1,0.1
202301,Systemic Hormonal Preparations Excl. Sex Hormones and Insulins,H02,Corticosteroids For Systemic Use,9611,0.17,133870,0.24,0.24
202301,Systemic Hormonal Preparations Excl. Sex Hormones and Insulins,H03,Thyroid Therapy,175503,3.18,302016,0.54,0.54
202301,Systemic Hormonal Preparations Excl. Sex Hormones and Insulins,H04,Pancreatic Hormones,246,0,5247,0.01,0.01
202301,Systemic Hormonal Preparations Excl. Sex Hormones and Insulins,,,,,,,
202301,Various,V01,Allergens,142,0,11242,0.02,0.02
202301,Various,V03,All Other Therapeutic Products,1874,0.03,155719,0.28,0.28
202301,Various,V04,Diagnostic Agents,11054,0.2,245024,0.44,0.44
202301,Various,V06,General Nutrients,50733,0.92,3732018,6.65,6.65
202301,Various,V07,All Other Non-Therapeutic Products,,,,,6.12
202301,Various,V07 1,Ostomy Requisites,33291,0.6,1880021,3.35,3.35
202301,Various,V07 2,Urinary Requisites,14134,0.26,1176527,2.1,2.1
202301,Various,V07 3,Needles/Syringes/Lancets,9365,0.17,96302,0.17,0.17
202301,Various,V07 4,Dressings,4142,0.07,200236,0.36,0.36
202301,Various,V07 5,Miscellaneous,6071,0.11,79298,0.14,0.14
202301,Various,,,,,,,
202302,Alimentary Tract and Metabolism,A01,Stomatological Preparations,61128,1.19,210298,0.4,0.4
202302,Alimentary Tract and Metabolism,A02,Drugs For Acid Related Disorders,362402,7.03,2198958,4.18,4.18
202302,Alimentary Tract and Metabolism,A03,Drugs For Functional Gastrointestinal Disorders,29683,0.58,170759,0.32,0.32
202302,Alimentary Tract and Metabolism,A04,Antiemetics and Antinauseants,3614,0.07,254789,0.48,0.48
202302,Alimentary Tract and Metabolism,A05,Bile and Liver Therapy,2408,0.05,55669,0.11,0.11
202302,Alimentary Tract and Metabolism,A06,Laxatives,77881,1.51,831726,1.58,1.58
202302,Alimentary Tract and Metabolism,A07,Antidiarrheals Intestinal Antiinflammatory/Antiinfective Agents,21743,0.42,772097,1.47,1.47
202302,Alimentary Tract and Metabolism,A09,Digestives Incl. Enzymes,2958,0.06,168979,0.32,0.32
202302,Alimentary Tract and Metabolism,A10,Drugs Used In Diabetes,71457,1.39,1761445,3.35,3.35
202302,Alimentary Tract and Metabolism,A11,Vitamins,146644,2.84,630671,1.2,1.2
202302,Alimentary Tract and Metabolism,A12,Mineral Supplements,111699,2.17,578912,1.1,1.1
202302,Alimentary Tract and Metabolism,A14,Anabolic Agents For Systemic Use,62,0,623,0,0
202302,Alimentary Tract and Metabolism,,,,,,,
202302,Antiinfectives For Systemic Use,J01,Antibacterials For Systemic Use,192384,3.73,1071877,2.04,2.04
202302,Antiinfectives For Systemic Use,J02,Antimycotics For Systemic Use,7513,0.15,73167,0.14,0.14
202302,Antiinfectives For Systemic Use,J04,Antimycobacterials,510,0.01,12988,0.02,0.02
202302,Antiinfectives For Systemic Use,J05,Antivirals For Systemic Use,6511,0.13,257471,0.49,0.49
202302,Antiinfectives For Systemic Use,,,,,,,
202302,Antineoplastic and Immunomodulating Agents,L01,Antineoplastic Agents,3557,0.07,107449,0.2,0.2
202302,Antineoplastic and Immunomodulating Agents,L02,Endocrine Therapy,10018,0.19,192618,0.37,0.37
202302,Antineoplastic and Immunomodulating Agents,L04,Immunosuppressive Agents,16080,0.31,271925,0.52,0.52
202302,Antineoplastic and Immunomodulating Agents,,,,,,,
202302,Antiparasitic Products Insecticides and Repellents,P01,Antiprotozoals,8860,0.17,39994,0.08,0.08
202302,Antiparasitic Products Insecticides and Repellents,P02,Anthelmintics,788,0.02,26000,0.05,0.05
202302,Antiparasitic Products Insecticides and Repellents,P03,Ectoparasiticides Incl. Scabicides Insecticides and Repellents,1361,0.03,20369,0.04,0.04
202302,Antiparasitic Products Insecticides and Repellents,,,,,,,
202302,Blood and Blood Forming Organs,B01,Antithrombotic Agents,248422,4.82,4950135,9.41,9.41
202302,Blood and Blood Forming Organs,B02,Antihemorrhagics,2036,0.04,20786,0.04,0.04
202302,Blood and Blood Forming Organs,B03,Antianemic Preparations,114868,2.23,195928,0.37,0.37
202302,Blood and Blood Forming Organs,,,,,,,
202302,Cardiovascular System,C01,Cardiac Therapy,43003,0.83,782162,1.49,1.49
202302,Cardiovascular System,C02,Antihypertensives,17338,0.34,198382,0.38,0.38
202302,Cardiovascular System,C03,Diuretics,97308,1.89,259254,0.49,0.49
202302,Cardiovascular System,C04,Peripheral Vasodilators,2390,0.05,36355,0.07,0.07
202302,Cardiovascular System,C05,Vasoprotectives,9909,0.19,64321,0.12,0.12
202302,Cardiovascular System,C07,Beta Blocking Agents,161813,3.14,415707,0.79,0.79
202302,Cardiovascular System,C08,Calcium Channel Blockers,142233,2.76,452132,0.86,0.86
202302,Cardiovascular System,C09,Agents Acting On The Renin-Angiotensin System,271059,5.26,2005393,3.81,3.81
202302,Cardiovascular System,C10,Serum Lipid Reducing Agents,332556,6.45,1677247,3.19,3.19
202302,Cardiovascular System,,,,,,,
202302,Dermatologicals,D01,Antifungals For Dermatological Use,33388,0.65,181165,0.34,0.34
202302,Dermatologicals,D02,Emollients and Protectives,19101,0.37,47786,0.09,0.09
202302,Dermatologicals,D03,Preparations For Treatment Of Wounds and Ulcers,17,0,199,0,0
202302,Dermatologicals,D05,Antipsoriatics,7606,0.15,266313,0.51,0.51
202302,Dermatologicals,D06,Antibiotics and Chemotherapeutics For Dermatological Use,8895,0.17,65550,0.12,0.12
202302,Dermatologicals,D07,Corticosteroids Dermatological Preparations,37452,0.73,210270,0.4,0.4
202302,Dermatologicals,D10,Anti-Acne Preparations,6364,0.12,85981,0.16,0.16
202302,Dermatologicals,D11,Other Dermatological Preparations,3307,0.06,123698,0.24,0.24
202302,Dermatologicals,,,,,,,
202302,Genito Urinary System and Sex Hormones,G01,Gynecological Antiinfectives and Antiseptics,643,0.01,4901,0.01,0.01
202302,Genito Urinary System and Sex Hormones,G02,Other Gynecologicals,2257,0.04,190706,0.36,0.36
202302,Genito Urinary System and Sex Hormones,G03,Sex Hormones and Modulators Of The Genital System,91038,1.77,756748,1.44,1.44
202302,Genito Urinary System and Sex Hormones,G04,Urologicals,120853,2.34,1677855,3.19,3.19
202302,Genito Urinary System and Sex Hormones,,,,,,,
202302,Musculo-Skeletal System,M01,Antiinflammatory and Antirheumatic Products,91435,1.77,599358,1.14,1.14
202302,Musculo-Skeletal System,M02,Topical Products For Joint and Muscular Pain,73605,1.43,482620,0.92,0.92
202302,Musculo-Skeletal System,M03,Muscle Relaxants,7378,0.14,70086,0.13,0.13
202302,Musculo-Skeletal System,M04,Antigout Preparations,35227,0.68,139320,0.26,0.26
202302,Musculo-Skeletal System,M05,Drugs For Treatment Of Bone Diseases,33683,0.65,1483648,2.82,2.82
202302,Musculo-Skeletal System,M09,Other Drugs For Disorders Of The Musculo-Skeletal System,10142,0.2,121261,0.23,0.23
202302,Musculo-Skeletal System,,,,,,,
202302,Nervous System,N01,Anesthetics,2641,0.05,156596,0.3,0.3
202302,Nervous System,N02,Analgesics,359591,6.97,2903288,5.52,5.52
202302,Nervous System,N03,Antiepileptics,50317,0.98,1111608,2.11,2.11
202302,Nervous System,N04,Anti-Parkinson Drugs,21171,0.41,276124,0.52,0.52
202302,Nervous System,N05,Psycholeptics,282803,5.48,2162430,4.11,4.11
202302,Nervous System,N06,Psychoanaleptics,350178,6.79,2471926,4.7,4.7
202302,Nervous System,N07,Other Nervous System Drugs,33779,0.66,791749,1.5,1.5
202302,Nervous System,,,,,,,
202302,Respiratory System,R01,Nasal Preparations,55169,1.07,615884,1.17,1.17
202302,Respiratory System,R03,Drugs For Obstructive Airway Diseases,298639,5.79,5724715,10.88,10.88
202302,Respiratory System,R05,Cough and Cold Preparations,20551,0.4,117751,0.22,0.22
202302,Respiratory System,R06,Antihistamines For Systemic Use,76474,1.48,307847,0.59,0.59
202302,Respiratory System,,,,,,,
202302,Sensory Organs,S01,Ophthalmologicals,134812,2.61,1155290,2.2,2.2
202302,Sensory Organs,S02,Otologicals,2459,0.05,12333,0.02,0.02
202302,Sensory Organs,S03,Ophthalmological and Otological Preparations,6072,0.12,13352,0.03,0.03
202302,Sensory Organs,,,,,,,
202302,Systemic Hormonal Preparations Excl. Sex Hormones and Insulins,H01,Pituitary and Hypothalamic Hormones and Analogues,1026,0.02,54949,0.1,0.1
202302,Systemic Hormonal Preparations Excl. Sex Hormones and Insulins,H02,Corticosteroids For Systemic Use,9059,0.18,127285,0.24,0.24
202302,Systemic Hormonal Preparations Excl. Sex Hormones and Insulins,H03,Thyroid Therapy,165341,3.21,284809,0.54,0.54
202302,Systemic Hormonal Preparations Excl. Sex Hormones and Insulins,H04,Pancreatic Hormones,197,0,4176,0.01,0.01
202302,Systemic Hormonal Preparations Excl. Sex Hormones and Insulins,,,,,,,
202302,Various,V01,Allergens,161,0,12610,0.02,0.02
202302,Various,V03,All Other Therapeutic Products,1730,0.03,145261,0.28,0.28
202302,Various,V04,Diagnostic Agents,10633,0.21,228813,0.43,0.43
202302,Various,V06,General Nutrients,47193,0.92,3426080,6.51,6.51
202302,Various,V07,All Other Non-Therapeutic Products,,,,,6.16
202302,Various,V07 1,Ostomy Requisites,30620,0.59,1752372,3.33,3.33
202302,Various,V07 2,Urinary Requisites,13272,0.26,1107590,2.1,2.1
202302,Various,V07 3,Needles/Syringes/Lancets,8844,0.17,95509,0.18,0.18
202302,Various,V07 4,Dressings,4146,0.08,216445,0.41,0.41
202302,Various,V07 5,Miscellaneous,5105,0.1,68166,0.13,0.13
202302,Various,,,,,,,
202303,Alimentary Tract and Metabolism,A01,Stomatological Preparations,69891,1.24,247073,0.43,0.43
202303,Alimentary Tract and Metabolism,A02,Drugs For Acid Related Disorders,393750,6.98,2393372,4.18,4.18
202303,Alimentary Tract and Metabolism,A03,Drugs For Functional Gastrointestinal Disorders,32136,0.57,174733,0.31,0.31
202303,Alimentary Tract and Metabolism,A04,Antiemetics and Antinauseants,4241,0.08,306833,0.54,0.54
202303,Alimentary Tract and Metabolism,A05,Bile and Liver Therapy,2589,0.05,59135,0.1,0.1
202303,Alimentary Tract and Metabolism,A06,Laxatives,84944,1.5,905055,1.58,1.58
202303,Alimentary Tract and Metabolism,A07,Antidiarrheals Intestinal Antiinflammatory/Antiinfective Agents,24358,0.43,838962,1.47,1.47
202303,Alimentary Tract and Metabolism,A09,Digestives Incl. Enzymes,3301,0.06,181371,0.32,0.32
202303,Alimentary Tract and Metabolism,A10,Drugs Used In Diabetes,78265,1.39,1925154,3.36,3.36
202303,Alimentary Tract and Metabolism,A11,Vitamins,161132,2.85,696916,1.22,1.22
202303,Alimentary Tract and Metabolism,A12,Mineral Supplements,121231,2.15,626862,1.1,1.1
202303,Alimentary Tract and Metabolism,A14,Anabolic Agents For Systemic Use,86,0,888,0,0
202303,Alimentary Tract and Metabolism,A16,Other Alimentary Tract and Metabolism Products,4,0,722,0,0
202303,Alimentary Tract and Metabolism,,,,,,,
202303,Antiinfectives For Systemic Use,J01,Antibacterials For Systemic Use,225257,3.99,1231398,2.15,2.15
202303,Antiinfectives For Systemic Use,J02,Antimycotics For Systemic Use,8757,0.16,87009,0.15,0.15
202303,Antiinfectives For Systemic Use,J04,Antimycobacterials,453,0.01,11602,0.02,0.02
202303,Antiinfectives For Systemic Use,J05,Antivirals For Systemic Use,7194,0.13,282770,0.49,0.49
202303,Antiinfectives For Systemic Use,,,,,,,
202303,Antineoplastic and Immunomodulating Agents,L01,Antineoplastic Agents,3854,0.07,118206,0.21,0.21
202303,Antineoplastic and Immunomodulating Agents,L02,Endocrine Therapy,10806,0.19,207384,0.36,0.36
202303,Antineoplastic and Immunomodulating Agents,L04,Immunosuppressive Agents,17583,0.31,298011,0.52,0.52
202303,Antineoplastic and Immunomodulating Agents,,,,,,,
202303,Antiparasitic Products Insecticides and Repellents,P01,Antiprotozoals,10130,0.18,48734,0.09,0.09
202303,Antiparasitic Products Insecticides and Repellents,P02,Anthelmintics,875,0.02,27940,0.05,0.05
202303,Antiparasitic Products Insecticides and Repellents,P03,Ectoparasiticides Incl. Scabicides Insecticides and Repellents,2238,0.04,32488,0.06,0.06
202303,Antiparasitic Products Insecticides and Repellents,,,,,,,
202303,Blood and Blood Forming Organs,B01,Antithrombotic Agents,267031,4.73,5322794,9.3,9.3
202303,Blood and Blood Forming Organs,B02,Antihemorrhagics,2383,0.04,24557,0.04,0.04
202303,Blood and Blood Forming Organs,B03,Antianemic Preparations,124258,2.2,210728,0.37,0.37
202303,Blood and Blood Forming Organs,B05,Blood Substitutes and Perfusion Solutions,1,0,140,0,0
202303,Blood and Blood Forming Organs,,,,,,,
202303,Cardiovascular System,C01,Cardiac Therapy,46144,0.82,814119,1.42,1.42
202303,Cardiovascular System,C02,Antihypertensives,18641,0.33,211446,0.37,0.37
202303,Cardiovascular System,C03,Diuretics,105022,1.86,269718,0.47,0.47
202303,Cardiovascular System,C04,Peripheral Vasodilators,2047,0.04,29814,0.05,0.05
202303,Cardiovascular System,C05,Vasoprotectives,10909,0.19,70058,0.12,0.12
202303,Cardiovascular System,C07,Beta Blocking Agents,175659,3.11,446470,0.78,0.78
202303,Cardiovascular System,C08,Calcium Channel Blockers,155693,2.76,505221,0.88,0.88
202303,Cardiovascular System,C09,Agents Acting On The Renin-Angiotensin System,295730,5.24,2179474,3.81,3.81
202303,Cardiovascular System,C10,Serum Lipid Reducing Agents,362656,6.43,1817152,3.18,3.18
202303,Cardiovascular System,,,,,,,
202303,Dermatologicals,D01,Antifungals For Dermatological Use,36212,0.64,204715,0.36,0.36
202303,Dermatologicals,D02,Emollients and Protectives,21298,0.38,54516,0.1,0.1
202303,Dermatologicals,D03,Preparations For Treatment Of Wounds and Ulcers,23,0,3782,0.01,0.01
202303,Dermatologicals,D05,Antipsoriatics,8448,0.15,294793,0.52,0.52
202303,Dermatologicals,D06,Antibiotics and Chemotherapeutics For Dermatological Use,10104,0.18,73819,0.13,0.13
202303,Dermatologicals,D07,Corticosteroids Dermatological Preparations,42363,0.75,233690,0.41,0.41
202303,Dermatologicals,D10,Anti-Acne Preparations,6882,0.12,88540,0.15,0.15
202303,Dermatologicals,D11,Other Dermatological Preparations,3948,0.07,145868,0.25,0.25
202303,Dermatologicals,,,,,,,
202303,Genito Urinary System and Sex Hormones,G01,Gynecological Antiinfectives and Antiseptics,727,0.01,5451,0.01,0.01
202303,Genito Urinary System and Sex Hormones,G02,Other Gynecologicals,2437,0.04,227036,0.4,0.4
202303,Genito Urinary System and Sex Hormones,G03,Sex Hormones and Modulators Of The Genital System,100768,1.79,861474,1.51,1.51
202303,Genito Urinary System and Sex Hormones,G04,Urologicals,129693,2.3,1803149,3.15,3.15
202303,Genito Urinary System and Sex Hormones,,,,,,,
202303,Musculo-Skeletal System,M01,Antiinflammatory and Antirheumatic Products,102692,1.82,665613,1.16,1.16
202303,Musculo-Skeletal System,M02,Topical Products For Joint and Muscular Pain,78312,1.39,529767,0.93,0.93
202303,Musculo-Skeletal System,M03,Muscle Relaxants,7995,0.14,74064,0.13,0.13
202303,Musculo-Skeletal System,M04,Antigout Preparations,38168,0.68,150716,0.26,0.26
202303,Musculo-Skeletal System,M05,Drugs For Treatment Of Bone Diseases,36616,0.65,1616615,2.83,2.83
202303,Musculo-Skeletal System,M09,Other Drugs For Disorders Of The Musculo-Skeletal System,10878,0.19,135028,0.24,0.24
202303,Musculo-Skeletal System,,,,,,,
202303,Nervous System,N01,Anesthetics,2910,0.05,162958,0.28,0.28
202303,Nervous System,N02,Analgesics,394660,6.99,3165412,5.53,5.53
202303,Nervous System,N03,Antiepileptics,53453,0.95,1143174,2,2
202303,Nervous System,N04,Anti-Parkinson Drugs,22659,0.4,290956,0.51,0.51
202303,Nervous System,N05,Psycholeptics,308430,5.46,2373603,4.15,4.15
202303,Nervous System,N06,Psychoanaleptics,380065,6.73,2657137,4.64,4.64
202303,Nervous System,N07,Other Nervous System Drugs,37410,0.66,870109,1.52,1.52
202303,Nervous System,,,,,,,
202303,Respiratory System,R01,Nasal Preparations,62153,1.1,676761,1.18,1.18
202303,Respiratory System,R03,Drugs For Obstructive Airway Diseases,324222,5.74,6152659,10.75,10.75
202303,Respiratory System,R05,Cough and Cold Preparations,23268,0.41,129916,0.23,0.23
202303,Respiratory System,R06,Antihistamines For Systemic Use,87054,1.54,353007,0.62,0.62
202303,Respiratory System,,,,,,,
202303,Sensory Organs,S01,Ophthalmologicals,148576,2.63,1265374,2.21,2.21
202303,Sensory Organs,S02,Otologicals,2673,0.05,13677,0.02,0.02
202303,Sensory Organs,S03,Ophthalmological and Otological Preparations,6596,0.12,13021,0.02,0.02
202303,Sensory Organs,,,,,,,
202303,Systemic Hormonal Preparations Excl. Sex Hormones and Insulins,H01,Pituitary and Hypothalamic Hormones and Analogues,1134,0.02,60488,0.11,0.11
202303,Systemic Hormonal Preparations Excl. Sex Hormones and Insulins,H02,Corticosteroids For Systemic Use,9601,0.17,123985,0.22,0.22
202303,Systemic Hormonal Preparations Excl. Sex Hormones and Insulins,H03,Thyroid Therapy,179882,3.19,316284,0.55,0.55
202303,Systemic Hormonal Preparations Excl. Sex Hormones and Insulins,H04,Pancreatic Hormones,227,0,4831,0.01,0.01
202303,Systemic Hormonal Preparations Excl. Sex Hormones and Insulins,,,,,,,
202303,Various,V01,Allergens,197,0,14988,0.03,0.03
202303,Various,V03,All Other Therapeutic Products,1834,0.03,155133,0.27,0.27
202303,Various,V04,Diagnostic Agents,11430,0.2,249211,0.44,0.44
202303,Various,V06,General Nutrients,51648,0.92,3730101,6.52,6.52
202303,Various,V07,All Other Non-Therapeutic Products,,,,,6.15
202303,Various,V07 1,Ostomy Requisites,33728,0.6,1932596,3.38,3.38
202303,Various,V07 2,Urinary Requisites,14283,0.25,1195074,2.09,2.09
202303,Various,V07 3,Needles/Syringes/Lancets,9596,0.17,101674,0.18,0.18
202303,Various,V07 4,Dressings,4242,0.08,216666,0.38,0.38
202303,Various,V07 5,Miscellaneous,5441,0.1,74873,0.13,0.13
202303,Various,,,,,,,
202304,Alimentary Tract and Metabolism,A01,Stomatological Preparations,59186,1.11,207291,0.39,0.39
202304,Alimentary Tract and Metabolism,A02,Drugs For Acid Related Disorders,373588,7.03,2252192,4.2,4.2
202304,Alimentary Tract and Metabolism,A03,Drugs For Functional Gastrointestinal Disorders,30204,0.57,158706,0.3,0.3
202304,Alimentary Tract and Metabolism,A04,Antiemetics and Antinauseants,4005,0.08,290761,0.54,0.54
202304,Alimentary Tract and Metabolism,A05,Bile and Liver Therapy,2498,0.05,56391,0.11,0.11
202304,Alimentary Tract and Metabolism,A06,Laxatives,79027,1.49,835328,1.56,1.56
202304,Alimentary Tract and Metabolism,A07,Antidiarrheals Intestinal Antiinflammatory/Antiinfective Agents,22374,0.42,789948,1.47,1.47
202304,Alimentary Tract and Metabolism,A09,Digestives Incl. Enzymes,3140,0.06,171566,0.32,0.32
202304,Alimentary Tract and Metabolism,A10,Drugs Used In Diabetes,75539,1.42,1895378,3.54,3.54
202304,Alimentary Tract and Metabolism,A11,Vitamins,154443,2.91,659167,1.23,1.23
202304,Alimentary Tract and Metabolism,A12,Mineral Supplements,115783,2.18,595471,1.11,1.11
202304,Alimentary Tract and Metabolism,A14,Anabolic Agents For Systemic Use,78,0,849,0,0
202304,Alimentary Tract and Metabolism,A16,Other Alimentary Tract and Metabolism Products,2,0,273,0,0
202304,Alimentary Tract and Metabolism,,,,,,,
202304,Antiinfectives For Systemic Use,J01,Antibacterials For Systemic Use,186279,3.51,1049780,1.96,1.96
202304,Antiinfectives For Systemic Use,J02,Antimycotics For Systemic Use,7861,0.15,78350,0.15,0.15
202304,Antiinfectives For Systemic Use,J04,Antimycobacterials,464,0.01,12160,0.02,0.02
202304,Antiinfectives For Systemic Use,J05,Antivirals For Systemic Use,6768,0.13,266080,0.5,0.5
202304,Antiinfectives For Systemic Use,,,,,,,
202304,Antineoplastic and Immunomodulating Agents,L01,Antineoplastic Agents,3608,0.07,104050,0.19,0.19
202304,Antineoplastic and Immunomodulating Agents,L02,Endocrine Therapy,10384,0.2,198242,0.37,0.37
202304,Antineoplastic and Immunomodulating Agents,L04,Immunosuppressive Agents,16544,0.31,279655,0.52,0.52
202304,Antineoplastic and Immunomodulating Agents,,,,,,,
202304,Antiparasitic Products Insecticides and Repellents,P01,Antiprotozoals,9381,0.18,47072,0.09,0.09
202304,Antiparasitic Products Insecticides and Repellents,P02,Anthelmintics,746,0.01,24095,0.04,0.04
202304,Antiparasitic Products Insecticides and Repellents,P03,Ectoparasiticides Incl. Scabicides Insecticides and Repellents,1715,0.03,25530,0.05,0.05
202304,Antiparasitic Products Insecticides and Repellents,,,,,,,
202304,Blood and Blood Forming Organs,B01,Antithrombotic Agents,254995,4.8,5092945,9.5,9.5
202304,Blood and Blood Forming Organs,B02,Antihemorrhagics,2113,0.04,22387,0.04,0.04
202304,Blood and Blood Forming Organs,B03,Antianemic Preparations,118611,2.23,198829,0.37,0.37
202304,Blood and Blood Forming Organs,B05,Blood Substitutes and Perfusion Solutions,3,0,146,0,0
202304,Blood and Blood Forming Organs,,,,,,,
202304,Cardiovascular System,C01,Cardiac Therapy,43967,0.83,769296,1.44,1.44
202304,Cardiovascular System,C02,Antihypertensives,17788,0.33,200608,0.37,0.37
202304,Cardiovascular System,C03,Diuretics,100810,1.9,257178,0.48,0.48
202304,Cardiovascular System,C04,Peripheral Vasodilators,1418,0.03,21331,0.04,0.04
202304,Cardiovascular System,C05,Vasoprotectives,9868,0.19,62747,0.12,0.12
202304,Cardiovascular System,C07,Beta Blocking Agents,168144,3.16,428238,0.8,0.8
202304,Cardiovascular System,C08,Calcium Channel Blockers,148217,2.79,489017,0.91,0.91
202304,Cardiovascular System,C09,Agents Acting On The Renin-Angiotensin System,282498,5.32,2087026,3.89,3.89
202304,Cardiovascular System,C10,Serum Lipid Reducing Agents,347200,6.53,1664942,3.11,3.11
202304,Cardiovascular System,,,,,,,
202304,Dermatologicals,D01,Antifungals For Dermatological Use,32286,0.61,197020,0.37,0.37
202304,Dermatologicals,D02,Emollients and Protectives,19929,0.38,50130,0.09,0.09
202304,Dermatologicals,D03,Preparations For Treatment Of Wounds and Ulcers,36,0,3812,0.01,0.01
202304,Dermatologicals,D05,Antipsoriatics,7978,0.15,281112,0.52,0.52
202304,Dermatologicals,D06,Antibiotics and Chemotherapeutics For Dermatological Use,9097,0.17,67030,0.13,0.13
202304,Dermatologicals,D07,Corticosteroids Dermatological Preparations,39911,0.75,216718,0.4,0.4
202304,Dermatologicals,D10,Anti-Acne Preparations,6201,0.12,79417,0.15,0.15
202304,Dermatologicals,D11,Other Dermatological Preparations,3733,0.07,134374,0.25,0.25
202304,Dermatologicals,,,,,,,
202304,Genito Urinary System and Sex Hormones,G01,Gynecological Antiinfectives and Antiseptics,606,0.01,4646,0.01,0.01
202304,Genito Urinary System and Sex Hormones,G02,Other Gynecologicals,2074,0.04,171234,0.32,0.32
202304,Genito Urinary System and Sex Hormones,G03,Sex Hormones and Modulators Of The Genital System,95246,1.79,797907,1.49,1.49
202304,Genito Urinary System and Sex Hormones,G04,Urologicals,124463,2.34,1711924,3.19,3.19
202304,Genito Urinary System and Sex Hormones,,,,,,,
202304,Musculo-Skeletal System,M01,Antiinflammatory and Antirheumatic Products,93260,1.76,608985,1.14,1.14
202304,Musculo-Skeletal System,M02,Topical Products For Joint and Muscular Pain,75656,1.42,498074,0.93,0.93
202304,Musculo-Skeletal System,M03,Muscle Relaxants,7652,0.14,70952,0.13,0.13
202304,Musculo-Skeletal System,M04,Antigout Preparations,36389,0.68,141871,0.26,0.26
202304,Musculo-Skeletal System,M05,Drugs For Treatment Of Bone Diseases,34434,0.65,1430560,2.67,2.67
202304,Musculo-Skeletal System,M09,Other Drugs For Disorders Of The Musculo-Skeletal System,10450,0.2,128276,0.24,0.24
202304,Musculo-Skeletal System,,,,,,,
202304,Nervous System,N01,Anesthetics,2764,0.05,161002,0.3,0.3
202304,Nervous System,N02,Analgesics,368641,6.94,2918212,5.45,5.45
202304,Nervous System,N03,Antiepileptics,52336,0.98,1098925,2.05,2.05
202304,Nervous System,N04,Anti-Parkinson Drugs,21611,0.41,276393,0.52,0.52
202304,Nervous System,N05,Psycholeptics,290656,5.47,2197941,4.1,4.1
202304,Nervous System,N06,Psychoanaleptics,362062,6.81,2522620,4.71,4.71
202304,Nervous System,N07,Other Nervous System Drugs,35003,0.66,803135,1.5,1.5
202304,Nervous System,,,,,,,
202304,Respiratory System,R01,Nasal Preparations,59019,1.11,646846,1.21,1.21
202304,Respiratory System,R03,Drugs For Obstructive Airway Diseases,300617,5.66,5769641,10.77,10.77
202304,Respiratory System,R05,Cough and Cold Preparations,19400,0.37,110530,0.21,0.21
202304,Respiratory System,R06,Antihistamines For Systemic Use,86941,1.64,352666,0.66,0.66
202304,Respiratory System,,,,,,,
202304,Sensory Organs,S01,Ophthalmologicals,140483,2.64,1193634,2.23,2.23
202304,Sensory Organs,S02,Otologicals,2254,0.04,11336,0.02,0.02
202304,Sensory Organs,S03,Ophthalmological and Otological Preparations,5476,0.1,10682,0.02,0.02
202304,Sensory Organs,,,,,,,
202304,Systemic Hormonal Preparations Excl. Sex Hormones and Insulins,H01,Pituitary and Hypothalamic Hormones and Analogues,1056,0.02,56454,0.11,0.11
202304,Systemic Hormonal Preparations Excl. Sex Hormones and Insulins,H02,Corticosteroids For Systemic Use,9231,0.17,123121,0.23,0.23
202304,Systemic Hormonal Preparations Excl. Sex Hormones and Insulins,H03,Thyroid Therapy,171310,3.22,300722,0.56,0.56
202304,Systemic Hormonal Preparations Excl. Sex Hormones and Insulins,H04,Pancreatic Hormones,218,0,4846,0.01,0.01
202304,Systemic Hormonal Preparations Excl. Sex Hormones and Insulins,,,,,,,
202304,Various,V01,Allergens,189,0,14526,0.03,0.03
202304,Various,V03,All Other Therapeutic Products,1558,0.03,141369,0.26,0.26
202304,Various,V04,Diagnostic Agents,10556,0.2,231428,0.43,0.43
202304,Various,V06,General Nutrients,50187,0.94,3464643,6.46,6.46
202304,Various,V07,All Other Non-Therapeutic Products,,,,,6.15
202304,Various,V07 1,Ostomy Requisites,32571,0.61,1808032,3.37,3.37
202304,Various,V07 2,Urinary Requisites,13684,0.26,1139867,2.13,2.13
202304,Various,V07 3,Needles/Syringes/Lancets,8332,0.16,90191,0.17,0.17
202304,Various,V07 4,Dressings,3657,0.07,181478,0.34,0.34
202304,Various,V07 5,Miscellaneous,5306,0.1,74176,0.14,0.14
202304,Various,,,,,,,
202305,Alimentary Tract and Metabolism,A01,Stomatological Preparations,63743,1.12,226848,0.39,0.39
202305,Alimentary Tract and Metabolism,A02,Drugs For Acid Related Disorders,393755,6.95,2385057,4.15,4.15
202305,Alimentary Tract and Metabolism,A03,Drugs For Functional Gastrointestinal Disorders,32854,0.58,166008,0.29,0.29
202305,Alimentary Tract and Metabolism,A04,Antiemetics and Antinauseants,4478,0.08,326769,0.57,0.57
202305,Alimentary Tract and Metabolism,A05,Bile and Liver Therapy,2623,0.05,59257,0.1,0.1
202305,Alimentary Tract and Metabolism,A06,Laxatives,84854,1.5,886589,1.54,1.54
202305,Alimentary Tract and Metabolism,A07,Antidiarrheals Intestinal Antiinflammatory/Antiinfective Agents,25330,0.45,849223,1.48,1.48
202305,Alimentary Tract and Metabolism,A09,Digestives Incl. Enzymes,3526,0.06,178245,0.31,0.31
202305,Alimentary Tract and Metabolism,A10,Drugs Used In Diabetes,80817,1.43,2050380,3.57,3.57
202305,Alimentary Tract and Metabolism,A11,Vitamins,164211,2.9,693639,1.21,1.21
202305,Alimentary Tract and Metabolism,A12,Mineral Supplements,121709,2.15,625206,1.09,1.09
202305,Alimentary Tract and Metabolism,A14,Anabolic Agents For Systemic Use,79,0,824,0,0
202305,Alimentary Tract and Metabolism,A16,Other Alimentary Tract and Metabolism Products,4,0,3101,0.01,0.01
202305,Alimentary Tract and Metabolism,,,,,,,
202305,Antiinfectives For Systemic Use,J01,Antibacterials For Systemic Use,203955,3.6,1151205,2,2
202305,Antiinfectives For Systemic Use,J02,Antimycotics For Systemic Use,9052,0.16,88555,0.15,0.15
202305,Antiinfectives For Systemic Use,J04,Antimycobacterials,543,0.01,13526,0.02,0.02
202305,Antiinfectives For Systemic Use,J05,Antivirals For Systemic Use,7248,0.13,287218,0.5,0.5
202305,Antiinfectives For Systemic Use,,,,,,,
202305,Antineoplastic and Immunomodulating Agents,L01,Antineoplastic Agents,4066,0.07,120325,0.21,0.21
202305,Antineoplastic and Immunomodulating Agents,L02,Endocrine Therapy,10899,0.19,209852,0.37,0.37
202305,Antineoplastic and Immunomodulating Agents,L04,Immunosuppressive Agents,17527,0.31,294616,0.51,0.51
202305,Antineoplastic and Immunomodulating Agents,,,,,,,
202305,Antiparasitic Products Insecticides and Repellents,P01,Antiprotozoals,10368,0.18,58135,0.1,0.1
202305,Antiparasitic Products Insecticides and Repellents,P02,Anthelmintics,834,0.01,26060,0.05,0.05
202305,Antiparasitic Products Insecticides and Repellents,P03,Ectoparasiticides Incl. Scabicides Insecticides and Repellents,1210,0.02,16630,0.03,0.03
202305,Antiparasitic Products Insecticides and Repellents,,,,,,,
202305,Blood and Blood Forming Organs,B01,Antithrombotic Agents,266938,4.71,5323585,9.27,9.27
202305,Blood and Blood Forming Organs,B02,Antihemorrhagics,2392,0.04,24505,0.04,0.04
202305,Blood and Blood Forming Organs,B03,Antianemic Preparations,127635,2.25,218930,0.38,0.38
202305,Blood and Blood Forming Organs,B05,Blood Substitutes and Perfusion Solutions,1,0,1,0,0
202305,Blood and Blood Forming Organs,,,,,,,
202305,Cardiovascular System,C01,Cardiac Therapy,46368,0.82,819022,1.43,1.43
202305,Cardiovascular System,C02,Antihypertensives,18841,0.33,215685,0.38,0.38
202305,Cardiovascular System,C03,Diuretics,106607,1.88,268798,0.47,0.47
202305,Cardiovascular System,C04,Peripheral Vasodilators,1920,0.03,26145,0.05,0.05
202305,Cardiovascular System,C05,Vasoprotectives,10833,0.19,68584,0.12,0.12
202305,Cardiovascular System,C07,Beta Blocking Agents,176420,3.11,452150,0.79,0.79
202305,Cardiovascular System,C08,Calcium Channel Blockers,155170,2.74,506490,0.88,0.88
202305,Cardiovascular System,C09,Agents Acting On The Renin-Angiotensin System,297200,5.24,2184209,3.8,3.8
202305,Cardiovascular System,C10,Serum Lipid Reducing Agents,364769,6.44,1829624,3.19,3.19
202305,Cardiovascular System,,,,,,,
202305,Dermatologicals,D01,Antifungals For Dermatological Use,36685,0.65,230624,0.4,0.4
202305,Dermatologicals,D02,Emollients and Protectives,21759,0.38,54582,0.1,0.1
202305,Dermatologicals,D03,Preparations For Treatment Of Wounds and Ulcers,39,0,6531,0.01,0.01
202305,Dermatologicals,D05,Antipsoriatics,8627,0.15,294003,0.51,0.51
202305,Dermatologicals,D06,Antibiotics and Chemotherapeutics For Dermatological Use,10260,0.18,73117,0.13,0.13
202305,Dermatologicals,D07,Corticosteroids Dermatological Preparations,44425,0.78,245888,0.43,0.43
202305,Dermatologicals,D10,Anti-Acne Preparations,6772,0.12,87639,0.15,0.15
202305,Dermatologicals,D11,Other Dermatological Preparations,4261,0.08,154240,0.27,0.27
202305,Dermatologicals,,,,,,,
202305,Genito Urinary System and Sex Hormones,G01,Gynecological Antiinfectives and Antiseptics,592,0.01,4590,0.01,0.01
202305,Genito Urinary System and Sex Hormones,G02,Other Gynecologicals,2423,0.04,220738,0.38,0.38
202305,Genito Urinary System and Sex Hormones,G03,Sex Hormones and Modulators Of The Genital System,102413,1.81,877821,1.53,1.53
202305,Genito Urinary System and Sex Hormones,G04,Urologicals,130704,2.31,1811780,3.15,3.15
202305,Genito Urinary System and Sex Hormones,,,,,,,
202305,Musculo-Skeletal System,M01,Antiinflammatory and Antirheumatic Products,103099,1.82,663854,1.16,1.16
202305,Musculo-Skeletal System,M02,Topical Products For Joint and Muscular Pain,82137,1.45,539728,0.94,0.94
202305,Musculo-Skeletal System,M03,Muscle Relaxants,8048,0.14,74300,0.13,0.13
202305,Musculo-Skeletal System,M04,Antigout Preparations,38506,0.68,149922,0.26,0.26
202305,Musculo-Skeletal System,M05,Drugs For Treatment Of Bone Diseases,37124,0.66,1685058,2.93,2.93
202305,Musculo-Skeletal System,M09,Other Drugs For Disorders Of The Musculo-Skeletal System,11004,0.19,133221,0.23,0.23
202305,Musculo-Skeletal System,,,,,,,
202305,Nervous System,N01,Anesthetics,2976,0.05,167848,0.29,0.29
202305,Nervous System,N02,Analgesics,386998,6.83,3077852,5.36,5.36
202305,Nervous System,N03,Antiepileptics,56155,0.99,1171576,2.04,2.04
202305,Nervous System,N04,Anti-Parkinson Drugs,23128,0.41,296001,0.52,0.52
202305,Nervous System,N05,Psycholeptics,308344,5.44,2288133,3.98,3.98
202305,Nervous System,N06,Psychoanaleptics,384106,6.78,2678211,4.66,4.66
202305,Nervous System,N07,Other Nervous System Drugs,37794,0.67,857012,1.49,1.49
202305,Nervous System,,,,,,,
202305,Respiratory System,R01,Nasal Preparations,67110,1.18,735081,1.28,1.28
202305,Respiratory System,R03,Drugs For Obstructive Airway Diseases,318712,5.62,6062878,10.56,10.56
202305,Respiratory System,R05,Cough and Cold Preparations,19993,0.35,111637,0.19,0.19
202305,Respiratory System,R06,Antihistamines For Systemic Use,103541,1.83,421882,0.73,0.73
202305,Respiratory System,,,,,,,
202305,Sensory Organs,S01,Ophthalmologicals,150827,2.66,1287652,2.24,2.24
202305,Sensory Organs,S02,Otologicals,2543,0.04,12843,0.02,0.02
202305,Sensory Organs,S03,Ophthalmological and Otological Preparations,6284,0.11,11722,0.02,0.02
202305,Sensory Organs,,,,,,,
202305,Systemic Hormonal Preparations Excl. Sex Hormones and Insulins,H01,Pituitary and Hypothalamic Hormones and Analogues,1132,0.02,61076,0.11,0.11
202305,Systemic Hormonal Preparations Excl. Sex Hormones and Insulins,H02,Corticosteroids For Systemic Use,10169,0.18,131770,0.23,0.23
202305,Systemic Hormonal Preparations Excl. Sex Hormones and Insulins,H03,Thyroid Therapy,179474,3.17,316050,0.55,0.55
202305,Systemic Hormonal Preparations Excl. Sex Hormones and Insulins,H04,Pancreatic Hormones,226,0,4591,0.01,0.01
202305,Systemic Hormonal Preparations Excl. Sex Hormones and Insulins,,,,,,,
202305,Various,V01,Allergens,199,0,15109,0.03,0.03
202305,Various,V03,All Other Therapeutic Products,1739,0.03,151659,0.26,0.26
202305,Various,V04,Diagnostic Agents,11180,0.2,246492,0.43,0.43
202305,Various,V06,General Nutrients,56949,1.01,3813559,6.64,6.64
202305,Various,V07,All Other Non-Therapeutic Products,,,,,6.19
202305,Various,V07 1,Ostomy Requisites,35190,0.62,1945787,3.39,3.39
202305,Various,V07 2,Urinary Requisites,15093,0.27,1213288,2.11,2.11
202305,Various,V07 3,Needles/Syringes/Lancets,9122,0.16,101016,0.18,0.18
202305,Various,V07 4,Dressings,4362,0.08,220969,0.38,0.38
202305,Various,V07 5,Miscellaneous,5553,0.1,73113,0.13,0.13
202305,Various,,,,,,,
202306,Alimentary Tract and Metabolism,A01,Stomatological Preparations,56121,1,198998,0.35,0.35
202306,Alimentary Tract and Metabolism,A02,Drugs For Acid Related Disorders,390826,6.98,2281252,4.03,4.03
202306,Alimentary Tract and Metabolism,A03,Drugs For Functional Gastrointestinal Disorders,32428,0.58,171182,0.3,0.3
202306,Alimentary Tract and Metabolism,A04,Antiemetics and Antinauseants,4425,0.08,288316,0.51,0.51
202306,Alimentary Tract and Metabolism,A05,Bile and Liver Therapy,2686,0.05,60287,0.11,0.11
202306,Alimentary Tract and Metabolism,A06,Laxatives,82708,1.48,868341,1.53,1.53
202306,Alimentary Tract and Metabolism,A07,Antidiarrheals Intestinal Antiinflammatory/Antiinfective Agents,25164,0.45,842327,1.49,1.49
202306,Alimentary Tract and Metabolism,A09,Digestives Incl. Enzymes,3380,0.06,182819,0.32,0.32
202306,Alimentary Tract and Metabolism,A10,Drugs Used In Diabetes,81652,1.46,2061102,3.64,3.64
202306,Alimentary Tract and Metabolism,A11,Vitamins,160529,2.87,671203,1.19,1.19
202306,Alimentary Tract and Metabolism,A12,Mineral Supplements,121416,2.17,622227,1.1,1.1
202306,Alimentary Tract and Metabolism,A14,Anabolic Agents For Systemic Use,76,0,731,0,0
202306,Alimentary Tract and Metabolism,A16,Other Alimentary Tract and Metabolism Products,7,0,2438,0,0
202306,Alimentary Tract and Metabolism,,,,,,,
202306,Antiinfectives For Systemic Use,J01,Antibacterials For Systemic Use,178979,3.2,1051757,1.86,1.86
202306,Antiinfectives For Systemic Use,J02,Antimycotics For Systemic Use,8485,0.15,81853,0.14,0.14
202306,Antiinfectives For Systemic Use,J04,Antimycobacterials,539,0.01,13803,0.02,0.02
202306,Antiinfectives For Systemic Use,J05,Antivirals For Systemic Use,7200,0.13,284979,0.5,0.5
202306,Antiinfectives For Systemic Use,,,,,,,
202306,Antineoplastic and Immunomodulating Agents,L01,Antineoplastic Agents,3907,0.07,110123,0.19,0.19
202306,Antineoplastic and Immunomodulating Agents,L02,Endocrine Therapy,10798,0.19,206297,0.36,0.36
202306,Antineoplastic and Immunomodulating Agents,L04,Immunosuppressive Agents,17370,0.31,293398,0.52,0.52
202306,Antineoplastic and Immunomodulating Agents,,,,,,,
202306,Antiparasitic Products Insecticides and Repellents,P01,Antiprotozoals,10418,0.19,72855,0.13,0.13
202306,Antiparasitic Products Insecticides and Repellents,P02,Anthelmintics,659,0.01,19201,0.03,0.03
202306,Antiparasitic Products Insecticides and Repellents,P03,Ectoparasiticides Incl. Scabicides Insecticides and Repellents,1220,0.02,17881,0.03,0.03
202306,Antiparasitic Products Insecticides and Repellents,,,,,,,
202306,Blood and Blood Forming Organs,B01,Antithrombotic Agents,265823,4.75,5305302,9.37,9.37
202306,Blood and Blood Forming Organs,B02,Antihemorrhagics,2418,0.04,24582,0.04,0.04
202306,Blood and Blood Forming Organs,B03,Antianemic Preparations,126808,2.27,213689,0.38,0.38
202306,Blood and Blood Forming Organs,B05,Blood Substitutes and Perfusion Solutions,3,0,140,0,0
202306,Blood and Blood Forming Organs,,,,,,,
202306,Cardiovascular System,C01,Cardiac Therapy,46157,0.82,812706,1.44,1.44
202306,Cardiovascular System,C02,Antihypertensives,19462,0.35,245774,0.43,0.43
202306,Cardiovascular System,C03,Diuretics,107692,1.92,269347,0.48,0.48
202306,Cardiovascular System,C04,Peripheral Vasodilators,1982,0.04,26414,0.05,0.05
202306,Cardiovascular System,C05,Vasoprotectives,10650,0.19,67742,0.12,0.12
202306,Cardiovascular System,C07,Beta Blocking Agents,176057,3.15,448456,0.79,0.79
202306,Cardiovascular System,C08,Calcium Channel Blockers,154734,2.77,503978,0.89,0.89
202306,Cardiovascular System,C09,Agents Acting On The Renin-Angiotensin System,295891,5.29,2186653,3.86,3.86
202306,Cardiovascular System,C10,Serum Lipid Reducing Agents,365141,6.53,1743829,3.08,3.08
202306,Cardiovascular System,,,,,,,
202306,Dermatologicals,D01,Antifungals For Dermatological Use,35783,0.64,228287,0.4,0.4
202306,Dermatologicals,D02,Emollients and Protectives,20944,0.37,52460,0.09,0.09
202306,Dermatologicals,D03,Preparations For Treatment Of Wounds and Ulcers,28,0,6045,0.01,0.01
202306,Dermatologicals,D05,Antipsoriatics,8336,0.15,289151,0.51,0.51
202306,Dermatologicals,D06,Antibiotics and Chemotherapeutics For Dermatological Use,9833,0.18,70866,0.13,0.13
202306,Dermatologicals,D07,Corticosteroids Dermatological Preparations,42946,0.77,240333,0.42,0.42
202306,Dermatologicals,D10,Anti-Acne Preparations,6325,0.11,81828,0.14,0.14
202306,Dermatologicals,D11,Other Dermatological Preparations,3958,0.07,146249,0.26,0.26
202306,Dermatologicals,,,,,,,
202306,Genito Urinary System and Sex Hormones,G01,Gynecological Antiinfectives and Antiseptics,543,0.01,4408,0.01,0.01
202306,Genito Urinary System and Sex Hormones,G02,Other Gynecologicals,2277,0.04,196650,0.35,0.35
202306,Genito Urinary System and Sex Hormones,G03,Sex Hormones and Modulators Of The Genital System,102541,1.83,879280,1.55,1.55
202306,Genito Urinary System and Sex Hormones,G04,Urologicals,131611,2.35,1796288,3.17,3.17
202306,Genito Urinary System and Sex Hormones,,,,,,,
202306,Musculo-Skeletal System,M01,Antiinflammatory and Antirheumatic Products,99626,1.78,643207,1.14,1.14
202306,Musculo-Skeletal System,M02,Topical Products For Joint and Muscular Pain,82073,1.47,541770,0.96,0.96
202306,Musculo-Skeletal System,M03,Muscle Relaxants,8095,0.14,72750,0.13,0.13
202306,Musculo-Skeletal System,M04,Antigout Preparations,38738,0.69,151644,0.27,0.27
202306,Musculo-Skeletal System,M05,Drugs For Treatment Of Bone Diseases,36728,0.66,1602620,2.83,2.83
202306,Musculo-Skeletal System,M09,Other Drugs For Disorders Of The Musculo-Skeletal System,11136,0.2,141044,0.25,0.25
202306,Musculo-Skeletal System,,,,,,,
202306,Nervous System,N01,Anesthetics,2944,0.05,163074,0.29,0.29
202306,Nervous System,N02,Analgesics,381016,6.81,3001943,5.3,5.3
202306,Nervous System,N03,Antiepileptics,55505,0.99,1156803,2.04,2.04
202306,Nervous System,N04,Anti-Parkinson Drugs,22931,0.41,294168,0.52,0.52
202306,Nervous System,N05,Psycholeptics,299092,5.35,2234334,3.95,3.95
202306,Nervous System,N06,Psychoanaleptics,378295,6.76,2636087,4.66,4.66
202306,Nervous System,N07,Other Nervous System Drugs,37096,0.66,832484,1.47,1.47
202306,Nervous System,,,,,,,
202306,Respiratory System,R01,Nasal Preparations,68117,1.22,742424,1.31,1.31
202306,Respiratory System,R03,Drugs For Obstructive Airway Diseases,315379,5.64,6045993,10.68,10.68
202306,Respiratory System,R05,Cough and Cold Preparations,17238,0.31,111367,0.2,0.2
202306,Respiratory System,R06,Antihistamines For Systemic Use,111015,1.98,460010,0.81,0.81
202306,Respiratory System,,,,,,,
202306,Sensory Organs,S01,Ophthalmologicals,153631,2.75,1288295,2.28,2.28
202306,Sensory Organs,S02,Otologicals,2433,0.04,12410,0.02,0.02
202306,Sensory Organs,S03,Ophthalmological and Otological Preparations,6040,0.11,11252,0.02,0.02
202306,Sensory Organs,,,,,,,
202306,Systemic Hormonal Preparations Excl. Sex Hormones and Insulins,H01,Pituitary and Hypothalamic Hormones and Analogues,1126,0.02,59986,0.11,0.11
202306,Systemic Hormonal Preparations Excl. Sex Hormones and Insulins,H02,Corticosteroids For Systemic Use,9635,0.17,126066,0.22,0.22
202306,Systemic Hormonal Preparations Excl. Sex Hormones and Insulins,H03,Thyroid Therapy,179061,3.2,313803,0.55,0.55
202306,Systemic Hormonal Preparations Excl. Sex Hormones and Insulins,H04,Pancreatic Hormones,212,0,4443,0.01,0.01
202306,Systemic Hormonal Preparations Excl. Sex Hormones and Insulins,,,,,,,
202306,Various,V01,Allergens,188,0,14906,0.03,0.03
202306,Various,V03,All Other Therapeutic Products,1676,0.03,148077,0.26,0.26
202306,Various,V04,Diagnostic Agents,11139,0.2,252462,0.45,0.45
202306,Various,V06,General Nutrients,56781,1.01,3699353,6.53,6.53
202306,Various,V07,All Other Non-Therapeutic Products,,,,,6.39
202306,Various,V07 1,Ostomy Requisites,35702,0.64,1994558,3.52,3.52
202306,Various,V07 2,Urinary Requisites,15259,0.27,1224168,2.16,2.16
202306,Various,V07 3,Needles/Syringes/Lancets,8647,0.15,97058,0.17,0.17
202306,Various,V07 4,Dressings,4546,0.08,220136,0.39,0.39
202306,Various,V07 5,Miscellaneous,5512,0.1,82492,0.15,0.15
202306,Various,,,,,,,
202307,Alimentary Tract and Metabolism,A01,Stomatological Preparations,52109,0.95,185080,0.33,0.33
202307,Alimentary Tract and Metabolism,A02,Drugs For Acid Related Disorders,387392,7.04,2149896,3.87,3.87
202307,Alimentary Tract and Metabolism,A03,Drugs For Functional Gastrointestinal Disorders,32157,0.58,174841,0.31,0.31
202307,Alimentary Tract and Metabolism,A04,Antiemetics and Antinauseants,4510,0.08,295346,0.53,0.53
202307,Alimentary Tract and Metabolism,A05,Bile and Liver Therapy,2615,0.05,59282,0.11,0.11
202307,Alimentary Tract and Metabolism,A06,Laxatives,82158,1.49,865326,1.56,1.56
202307,Alimentary Tract and Metabolism,A07,Antidiarrheals Intestinal Antiinflammatory/Antiinfective Agents,24768,0.45,840598,1.51,1.51
202307,Alimentary Tract and Metabolism,A09,Digestives Incl. Enzymes,3435,0.06,185950,0.33,0.33
202307,Alimentary Tract and Metabolism,A10,Drugs Used In Diabetes,81649,1.48,2075033,3.74,3.74
202307,Alimentary Tract and Metabolism,A11,Vitamins,159146,2.89,657798,1.18,1.18
202307,Alimentary Tract and Metabolism,A12,Mineral Supplements,120360,2.19,617071,1.11,1.11
202307,Alimentary Tract and Metabolism,A14,Anabolic Agents For Systemic Use,84,0,904,0,0
202307,Alimentary Tract and Metabolism,A16,Other Alimentary Tract and Metabolism Products,8,0,2730,0,0
202307,Alimentary Tract and Metabolism,,,,,,,
202307,Antiinfectives For Systemic Use,J01,Antibacterials For Systemic Use,171408,3.12,1000102,1.8,1.8
202307,Antiinfectives For Systemic Use,J02,Antimycotics For Systemic Use,8603,0.16,82257,0.15,0.15
202307,Antiinfectives For Systemic Use,J04,Antimycobacterials,559,0.01,13799,0.02,0.02
202307,Antiinfectives For Systemic Use,J05,Antivirals For Systemic Use,6901,0.13,277102,0.5,0.5
202307,Antiinfectives For Systemic Use,,,,,,,
202307,Antineoplastic and Immunomodulating Agents,L01,Antineoplastic Agents,3923,0.07,111845,0.2,0.2
202307,Antineoplastic and Immunomodulating Agents,L02,Endocrine Therapy,10752,0.2,197790,0.36,0.36
202307,Antineoplastic and Immunomodulating Agents,L04,Immunosuppressive Agents,17072,0.31,289242,0.52,0.52
202307,Antineoplastic and Immunomodulating Agents,,,,,,,
202307,Antiparasitic Products Insecticides and Repellents,P01,Antiprotozoals,10296,0.19,65794,0.12,0.12
202307,Antiparasitic Products Insecticides and Repellents,P02,Anthelmintics,811,0.01,28108,0.05,0.05
202307,Antiparasitic Products Insecticides and Repellents,P03,Ectoparasiticides Incl. Scabicides Insecticides and Repellents,1801,0.03,25713,0.05,0.05
202307,Antiparasitic Products Insecticides and Repellents,,,,,,,
202307,Blood and Blood Forming Organs,B01,Antithrombotic Agents,263146,4.78,5291768,9.53,9.53
202307,Blood and Blood Forming Organs,B02,Antihemorrhagics,2318,0.04,24846,0.04,0.04
202307,Blood and Blood Forming Organs,B03,Antianemic Preparations,125977,2.29,207579,0.37,0.37
202307,Blood and Blood Forming Organs,B05,Blood Substitutes and Perfusion Solutions,2,0,119,0,0
202307,Blood and Blood Forming Organs,,,,,,,
202307,Cardiovascular System,C01,Cardiac Therapy,45490,0.83,793090,1.43,1.43
202307,Cardiovascular System,C02,Antihypertensives,18742,0.34,238236,0.43,0.43
202307,Cardiovascular System,C03,Diuretics,105320,1.91,267469,0.48,0.48
202307,Cardiovascular System,C04,Peripheral Vasodilators,2072,0.04,27331,0.05,0.05
202307,Cardiovascular System,C05,Vasoprotectives,10414,0.19,66951,0.12,0.12
202307,Cardiovascular System,C07,Beta Blocking Agents,174359,3.17,440121,0.79,0.79
202307,Cardiovascular System,C08,Calcium Channel Blockers,152572,2.77,482635,0.87,0.87
202307,Cardiovascular System,C09,Agents Acting On The Renin-Angiotensin System,293085,5.33,2162283,3.89,3.89
202307,Cardiovascular System,C10,Serum Lipid Reducing Agents,363687,6.61,1680788,3.03,3.03
202307,Cardiovascular System,,,,,,,
202307,Dermatologicals,D01,Antifungals For Dermatological Use,34664,0.63,220662,0.4,0.4
202307,Dermatologicals,D02,Emollients and Protectives,20162,0.37,50387,0.09,0.09
202307,Dermatologicals,D03,Preparations For Treatment Of Wounds and Ulcers,20,0,4577,0.01,0.01
202307,Dermatologicals,D05,Antipsoriatics,8383,0.15,293095,0.53,0.53
202307,Dermatologicals,D06,Antibiotics and Chemotherapeutics For Dermatological Use,9192,0.17,66294,0.12,0.12
202307,Dermatologicals,D07,Corticosteroids Dermatological Preparations,39992,0.73,224264,0.4,0.4
202307,Dermatologicals,D10,Anti-Acne Preparations,6310,0.11,82087,0.15,0.15
202307,Dermatologicals,D11,Other Dermatological Preparations,3789,0.07,139174,0.25,0.25
202307,Dermatologicals,,,,,,,
202307,Genito Urinary System and Sex Hormones,G01,Gynecological Antiinfectives and Antiseptics,505,0.01,4032,0.01,0.01
202307,Genito Urinary System and Sex Hormones,G02,Other Gynecologicals,2129,0.04,184443,0.33,0.33
202307,Genito Urinary System and Sex Hormones,G03,Sex Hormones and Modulators Of The Genital System,101844,1.85,878351,1.58,1.58
202307,Genito Urinary System and Sex Hormones,G04,Urologicals,131453,2.39,1798348,3.24,3.24
202307,Genito Urinary System and Sex Hormones,,,,,,,
202307,Musculo-Skeletal System,M01,Antiinflammatory and Antirheumatic Products,97258,1.77,626109,1.13,1.13
202307,Musculo-Skeletal System,M02,Topical Products For Joint and Muscular Pain,80702,1.47,528784,0.95,0.95
202307,Musculo-Skeletal System,M03,Muscle Relaxants,8103,0.15,72319,0.13,0.13
202307,Musculo-Skeletal System,M04,Antigout Preparations,38305,0.7,149526,0.27,0.27
202307,Musculo-Skeletal System,M05,Drugs For Treatment Of Bone Diseases,35995,0.65,1505779,2.71,2.71
202307,Musculo-Skeletal System,M09,Other Drugs For Disorders Of The Musculo-Skeletal System,10959,0.2,124288,0.22,0.22
202307,Musculo-Skeletal System,,,,,,,
202307,Nervous System,N01,Anesthetics,2933,0.05,160266,0.29,0.29
202307,Nervous System,N02,Analgesics,375400,6.82,2924151,5.27,5.27
202307,Nervous System,N03,Antiepileptics,55784,1.01,1148183,2.07,2.07
202307,Nervous System,N04,Anti-Parkinson Drugs,22993,0.42,292948,0.53,0.53
202307,Nervous System,N05,Psycholeptics,297094,5.4,2185649,3.94,3.94
202307,Nervous System,N06,Psychoanaleptics,375885,6.83,2592355,4.67,4.67
202307,Nervous System,N07,Other Nervous System Drugs,36857,0.67,826363,1.49,1.49
202307,Nervous System,,,,,,,
202307,Respiratory System,R01,Nasal Preparations,61357,1.12,672805,1.21,1.21
202307,Respiratory System,R03,Drugs For Obstructive Airway Diseases,304201,5.53,5903367,10.63,10.63
202307,Respiratory System,R05,Cough and Cold Preparations,16719,0.3,108650,0.2,0.2
202307,Respiratory System,R06,Antihistamines For Systemic Use,99219,1.8,405864,0.73,0.73
202307,Respiratory System,,,,,,,
202307,Sensory Organs,S01,Ophthalmologicals,148687,2.7,1258471,2.27,2.27
202307,Sensory Organs,S02,Otologicals,2521,0.05,12728,0.02,0.02
202307,Sensory Organs,S03,Ophthalmological and Otological Preparations,5512,0.1,10093,0.02,0.02
202307,Sensory Organs,,,,,,,
202307,Systemic Hormonal Preparations Excl. Sex Hormones and Insulins,H01,Pituitary and Hypothalamic Hormones and Analogues,1123,0.02,59389,0.11,0.11
202307,Systemic Hormonal Preparations Excl. Sex Hormones and Insulins,H02,Corticosteroids For Systemic Use,9639,0.18,126557,0.23,0.23
202307,Systemic Hormonal Preparations Excl. Sex Hormones and Insulins,H03,Thyroid Therapy,177396,3.22,312311,0.56,0.56
202307,Systemic Hormonal Preparations Excl. Sex Hormones and Insulins,H04,Pancreatic Hormones,208,0,4303,0.01,0.01
202307,Systemic Hormonal Preparations Excl. Sex Hormones and Insulins,,,,,,,
202307,Various,V01,Allergens,162,0,12734,0.02,0.02
202307,Various,V03,All Other Therapeutic Products,1691,0.03,144746,0.26,0.26
202307,Various,V04,Diagnostic Agents,11233,0.2,253060,0.46,0.46
202307,Various,V06,General Nutrients,57845,1.05,3775460,6.8,6.8
202307,Various,V07,All Other Non-Therapeutic Products,,,,,6.32
202307,Various,V07 1,Ostomy Requisites,35087,0.64,1916567,3.45,3.45
202307,Various,V07 2,Urinary Requisites,15226,0.28,1207837,2.17,2.17
202307,Various,V07 3,Needles/Syringes/Lancets,8288,0.15,93707,0.17,0.17
202307,Various,V07 4,Dressings,4303,0.08,217862,0.39,0.39
202307,Various,V07 5,Miscellaneous,5315,0.1,73252,0.13,0.13
202307,Various,,,,,,,
202308,Alimentary Tract and Metabolism,A01,Stomatological Preparations,56743,0.99,197593,0.34,0.34
202308,Alimentary Tract and Metabolism,A02,Drugs For Acid Related Disorders,401906,7.03,2231406,3.87,3.87
202308,Alimentary Tract and Metabolism,A03,Drugs For Functional Gastrointestinal Disorders,33826,0.59,173027,0.3,0.3
202308,Alimentary Tract and Metabolism,A04,Antiemetics and Antinauseants,4678,0.08,307033,0.53,0.53
202308,Alimentary Tract and Metabolism,A05,Bile and Liver Therapy,2782,0.05,61516,0.11,0.11
202308,Alimentary Tract and Metabolism,A06,Laxatives,84961,1.49,901669,1.56,1.56
202308,Alimentary Tract and Metabolism,A07,Antidiarrheals Intestinal Antiinflammatory/Antiinfective Agents,25635,0.45,873810,1.52,1.52
202308,Alimentary Tract and Metabolism,A09,Digestives Incl. Enzymes,3527,0.06,189146,0.33,0.33
202308,Alimentary Tract and Metabolism,A10,Drugs Used In Diabetes,85157,1.49,2148148,3.73,3.73
202308,Alimentary Tract and Metabolism,A11,Vitamins,165162,2.89,678773,1.18,1.18
202308,Alimentary Tract and Metabolism,A12,Mineral Supplements,125268,2.19,640412,1.11,1.11
202308,Alimentary Tract and Metabolism,A14,Anabolic Agents For Systemic Use,87,0,925,0,0
202308,Alimentary Tract and Metabolism,A16,Other Alimentary Tract and Metabolism Products,6,0,2633,0,0
202308,Alimentary Tract and Metabolism,,,,,,,
202308,Antiinfectives For Systemic Use,J01,Antibacterials For Systemic Use,182779,3.2,1062319,1.84,1.84
202308,Antiinfectives For Systemic Use,J02,Antimycotics For Systemic Use,9431,0.16,88651,0.15,0.15
202308,Antiinfectives For Systemic Use,J04,Antimycobacterials,568,0.01,13770,0.02,0.02
202308,Antiinfectives For Systemic Use,J05,Antivirals For Systemic Use,7274,0.13,285401,0.5,0.5
202308,Antiinfectives For Systemic Use,,,,,,,
202308,Antineoplastic and Immunomodulating Agents,L01,Antineoplastic Agents,4110,0.07,117100,0.2,0.2
202308,Antineoplastic and Immunomodulating Agents,L02,Endocrine Therapy,11039,0.19,200831,0.35,0.35
202308,Antineoplastic and Immunomodulating Agents,L04,Immunosuppressive Agents,17667,0.31,301052,0.52,0.52
202308,Antineoplastic and Immunomodulating Agents,,,,,,,
202308,Antiparasitic Products Insecticides and Repellents,P01,Antiprotozoals,10327,0.18,54806,0.1,0.1
202308,Antiparasitic Products Insecticides and Repellents,P02,Anthelmintics,953,0.02,32319,0.06,0.06
202308,Antiparasitic Products Insecticides and Repellents,P03,Ectoparasiticides Incl. Scabicides Insecticides and Repellents,2383,0.04,34112,0.06,0.06
202308,Antiparasitic Products Insecticides and Repellents,,,,,,,
202308,Blood and Blood Forming Organs,B01,Antithrombotic Agents,271505,4.75,5474426,9.5,9.5
202308,Blood and Blood Forming Organs,B02,Antihemorrhagics,2494,0.04,25160,0.04,0.04
202308,Blood and Blood Forming Organs,B03,Antianemic Preparations,130161,2.28,213767,0.37,0.37
202308,Blood and Blood Forming Organs,B05,Blood Substitutes and Perfusion Solutions,1,0,14,0,0
202308,Blood and Blood Forming Organs,,,,,,,
202308,Cardiovascular System,C01,Cardiac Therapy,47412,0.83,854309,1.48,1.48
202308,Cardiovascular System,C02,Antihypertensives,19348,0.34,249595,0.43,0.43
202308,Cardiovascular System,C03,Diuretics,108704,1.9,275677,0.48,0.48
202308,Cardiovascular System,C04,Peripheral Vasodilators,2185,0.04,28754,0.05,0.05
202308,Cardiovascular System,C05,Vasoprotectives,10820,0.19,66623,0.12,0.12
202308,Cardiovascular System,C07,Beta Blocking Agents,179752,3.14,455347,0.79,0.79
202308,Cardiovascular System,C08,Calcium Channel Blockers,157719,2.76,498078,0.86,0.86
202308,Cardiovascular System,C09,Agents Acting On The Renin-Angiotensin System,303634,5.31,2246524,3.9,3.9
202308,Cardiovascular System,C10,Serum Lipid Reducing Agents,377562,6.6,1741167,3.02,3.02
202308,Cardiovascular System,,,,,,,
202308,Dermatologicals,D01,Antifungals For Dermatological Use,35927,0.63,229243,0.4,0.4
202308,Dermatologicals,D02,Emollients and Protectives,20828,0.36,51837,0.09,0.09
202308,Dermatologicals,D03,Preparations For Treatment Of Wounds and Ulcers,26,0,4101,0.01,0.01
202308,Dermatologicals,D05,Antipsoriatics,8463,0.15,299740,0.52,0.52
202308,Dermatologicals,D06,Antibiotics and Chemotherapeutics For Dermatological Use,10115,0.18,73974,0.13,0.13
202308,Dermatologicals,D07,Corticosteroids Dermatological Preparations,42985,0.75,239949,0.42,0.42
202308,Dermatologicals,D10,Anti-Acne Preparations,6837,0.12,89149,0.15,0.15
202308,Dermatologicals,D11,Other Dermatological Preparations,4000,0.07,149961,0.26,0.26
202308,Dermatologicals,,,,,,,
202308,Genito Urinary System and Sex Hormones,G01,Gynecological Antiinfectives and Antiseptics,455,0.01,3496,0.01,0.01
202308,Genito Urinary System and Sex Hormones,G02,Other Gynecologicals,2231,0.04,189376,0.33,0.33
202308,Genito Urinary System and Sex Hormones,G03,Sex Hormones and Modulators Of The Genital System,106185,1.86,931486,1.62,1.62
202308,Genito Urinary System and Sex Hormones,G04,Urologicals,134968,2.36,1846136,3.2,3.2
202308,Genito Urinary System and Sex Hormones,,,,,,,
202308,Musculo-Skeletal System,M01,Antiinflammatory and Antirheumatic Products,102677,1.8,658508,1.14,1.14
202308,Musculo-Skeletal System,M02,Topical Products For Joint and Muscular Pain,84151,1.47,548577,0.95,0.95
202308,Musculo-Skeletal System,M03,Muscle Relaxants,8697,0.15,78198,0.14,0.14
202308,Musculo-Skeletal System,M04,Antigout Preparations,39522,0.69,154067,0.27,0.27
202308,Musculo-Skeletal System,M05,Drugs For Treatment Of Bone Diseases,37224,0.65,1557603,2.7,2.7
202308,Musculo-Skeletal System,M09,Other Drugs For Disorders Of The Musculo-Skeletal System,11565,0.2,133101,0.23,0.23
202308,Musculo-Skeletal System,,,,,,,
202308,Nervous System,N01,Anesthetics,3118,0.05,171149,0.3,0.3
202308,Nervous System,N02,Analgesics,393898,6.89,3052827,5.3,5.3
202308,Nervous System,N03,Antiepileptics,57830,1.01,1182624,2.05,2.05
202308,Nervous System,N04,Anti-Parkinson Drugs,23537,0.41,297894,0.52,0.52
202308,Nervous System,N05,Psycholeptics,309108,5.41,2250457,3.91,3.91
202308,Nervous System,N06,Psychoanaleptics,391136,6.84,2707629,4.7,4.7
202308,Nervous System,N07,Other Nervous System Drugs,38167,0.67,853130,1.48,1.48
202308,Nervous System,,,,,,,
202308,Respiratory System,R01,Nasal Preparations,60591,1.06,670401,1.16,1.16
202308,Respiratory System,R03,Drugs For Obstructive Airway Diseases,314623,5.5,6109869,10.6,10.6
202308,Respiratory System,R05,Cough and Cold Preparations,19332,0.34,119126,0.21,0.21
202308,Respiratory System,R06,Antihistamines For Systemic Use,100692,1.76,411688,0.71,0.71
202308,Respiratory System,,,,,,,
202308,Sensory Organs,S01,Ophthalmologicals,152217,2.66,1302834,2.26,2.26
202308,Sensory Organs,S02,Otologicals,2830,0.05,14261,0.02,0.02
202308,Sensory Organs,S03,Ophthalmological and Otological Preparations,5922,0.1,10878,0.02,0.02
202308,Sensory Organs,,,,,,,
202308,Systemic Hormonal Preparations Excl. Sex Hormones and Insulins,H01,Pituitary and Hypothalamic Hormones and Analogues,1195,0.02,63659,0.11,0.11
202308,Systemic Hormonal Preparations Excl. Sex Hormones and Insulins,H02,Corticosteroids For Systemic Use,10256,0.18,133550,0.23,0.23
202308,Systemic Hormonal Preparations Excl. Sex Hormones and Insulins,H03,Thyroid Therapy,183395,3.21,322610,0.56,0.56
202308,Systemic Hormonal Preparations Excl. Sex Hormones and Insulins,H04,Pancreatic Hormones,209,0,4410,0.01,0.01
202308,Systemic Hormonal Preparations Excl. Sex Hormones and Insulins,,,,,,,
202308,Various,V01,Allergens,180,0,14037,0.02,0.02
202308,Various,V03,All Other Therapeutic Products,1754,0.03,152448,0.26,0.26
202308,Various,V04,Diagnostic Agents,11352,0.2,257343,0.45,0.45
202308,Various,V06,General Nutrients,60396,1.06,3893400,6.76,6.76
202308,Various,V07,All Other Non-Therapeutic Products,,,,,6.35
202308,Various,V07 1,Ostomy Requisites,36554,0.64,2015280,3.5,3.5
202308,Various,V07 2,Urinary Requisites,15861,0.28,1261577,2.19,2.19
202308,Various,V07 3,Needles/Syringes/Lancets,8577,0.15,94984,0.16,0.16
202308,Various,V07 4,Dressings,4247,0.07,214356,0.37,0.37
202308,Various,V07 5,Miscellaneous,5549,0.1,75447,0.13,0.13
202308,Various,,,,,,,
202309,Alimentary Tract and Metabolism,A01,Stomatological Preparations,59048,1.06,208601,0.37,0.37
202309,Alimentary Tract and Metabolism,A02,Drugs For Acid Related Disorders,389347,7,2169083,3.89,3.89
202309,Alimentary Tract and Metabolism,A03,Drugs For Functional Gastrointestinal Disorders,32510,0.58,187248,0.34,0.34
202309,Alimentary Tract and Metabolism,A04,Antiemetics and Antinauseants,4559,0.08,298232,0.53,0.53
202309,Alimentary Tract and Metabolism,A05,Bile and Liver Therapy,2657,0.05,59293,0.11,0.11
202309,Alimentary Tract and Metabolism,A06,Laxatives,82822,1.49,884320,1.58,1.58
202309,Alimentary Tract and Metabolism,A07,Antidiarrheals Intestinal Antiinflammatory/Antiinfective Agents,24709,0.44,830346,1.49,1.49
202309,Alimentary Tract and Metabolism,A09,Digestives Incl. Enzymes,3482,0.06,180370,0.32,0.32
202309,Alimentary Tract and Metabolism,A10,Drugs Used In Diabetes,83340,1.5,2110693,3.78,3.78
202309,Alimentary Tract and Metabolism,A11,Vitamins,161488,2.9,662449,1.19,1.19
202309,Alimentary Tract and Metabolism,A12,Mineral Supplements,121973,2.19,623575,1.12,1.12
202309,Alimentary Tract and Metabolism,A14,Anabolic Agents For Systemic Use,88,0,805,0,0
202309,Alimentary Tract and Metabolism,A16,Other Alimentary Tract and Metabolism Products,7,0,2457,0,0
202309,Alimentary Tract and Metabolism,,,,,,,
202309,Antiinfectives For Systemic Use,J01,Antibacterials For Systemic Use,191930,3.45,1074325,1.92,1.92
202309,Antiinfectives For Systemic Use,J02,Antimycotics For Systemic Use,9127,0.16,88648,0.16,0.16
202309,Antiinfectives For Systemic Use,J04,Antimycobacterials,569,0.01,13512,0.02,0.02
202309,Antiinfectives For Systemic Use,J05,Antivirals For Systemic Use,7199,0.13,281315,0.5,0.5
202309,Antiinfectives For Systemic Use,,,,,,,
202309,Antineoplastic and Immunomodulating Agents,L01,Antineoplastic Agents,4118,0.07,118073,0.21,0.21
202309,Antineoplastic and Immunomodulating Agents,L02,Endocrine Therapy,10790,0.19,195823,0.35,0.35
202309,Antineoplastic and Immunomodulating Agents,L04,Immunosuppressive Agents,17138,0.31,292248,0.52,0.52
202309,Antineoplastic and Immunomodulating Agents,,,,,,,
202309,Antiparasitic Products Insecticides and Repellents,P01,Antiprotozoals,10089,0.18,49153,0.09,0.09
202309,Antiparasitic Products Insecticides and Repellents,P02,Anthelmintics,985,0.02,35730,0.06,0.06
202309,Antiparasitic Products Insecticides and Repellents,P03,Ectoparasiticides Incl. Scabicides Insecticides and Repellents,2600,0.05,38270,0.07,0.07
202309,Antiparasitic Products Insecticides and Repellents,,,,,,,
202309,Blood and Blood Forming Organs,B01,Antithrombotic Agents,262700,4.72,5319990,9.53,9.53
202309,Blood and Blood Forming Organs,B02,Antihemorrhagics,2454,0.04,23779,0.04,0.04
202309,Blood and Blood Forming Organs,B03,Antianemic Preparations,127046,2.28,210020,0.38,0.38
202309,Blood and Blood Forming Organs,B05,Blood Substitutes and Perfusion Solutions,5,0,31,0,0
202309,Blood and Blood Forming Organs,,,,,,,
202309,Cardiovascular System,C01,Cardiac Therapy,45986,0.83,614606,1.1,1.1
202309,Cardiovascular System,C02,Antihypertensives,18749,0.34,246521,0.44,0.44
202309,Cardiovascular System,C03,Diuretics,104339,1.88,264113,0.47,0.47
202309,Cardiovascular System,C04,Peripheral Vasodilators,2158,0.04,27452,0.05,0.05
202309,Cardiovascular System,C05,Vasoprotectives,10436,0.19,62514,0.11,0.11
202309,Cardiovascular System,C07,Beta Blocking Agents,173911,3.13,444088,0.8,0.8
202309,Cardiovascular System,C08,Calcium Channel Blockers,153016,2.75,487068,0.87,0.87
202309,Cardiovascular System,C09,Agents Acting On The Renin-Angiotensin System,294478,5.29,2178258,3.9,3.9
202309,Cardiovascular System,C10,Serum Lipid Reducing Agents,367616,6.61,1697205,3.04,3.04
202309,Cardiovascular System,,,,,,,
202309,Dermatologicals,D01,Antifungals For Dermatological Use,32154,0.58,206519,0.37,0.37
202309,Dermatologicals,D02,Emollients and Protectives,20582,0.37,51041,0.09,0.09
202309,Dermatologicals,D03,Preparations For Treatment Of Wounds and Ulcers,34,0,5866,0.01,0.01
202309,Dermatologicals,D05,Antipsoriatics,8292,0.15,293785,0.53,0.53
202309,Dermatologicals,D06,Antibiotics and Chemotherapeutics For Dermatological Use,9688,0.17,67322,0.12,0.12
202309,Dermatologicals,D07,Corticosteroids Dermatological Preparations,42376,0.76,236811,0.42,0.42
202309,Dermatologicals,D10,Anti-Acne Preparations,6947,0.12,92483,0.17,0.17
202309,Dermatologicals,D11,Other Dermatological Preparations,4014,0.07,148535,0.27,0.27
202309,Dermatologicals,,,,,,,
202309,Genito Urinary System and Sex Hormones,G01,Gynecological Antiinfectives and Antiseptics,460,0.01,3796,0.01,0.01
202309,Genito Urinary System and Sex Hormones,G02,Other Gynecologicals,2049,0.04,168467,0.3,0.3
202309,Genito Urinary System and Sex Hormones,G03,Sex Hormones and Modulators Of The Genital System,100619,1.81,893949,1.6,1.6
202309,Genito Urinary System and Sex Hormones,G04,Urologicals,130948,2.35,1794257,3.21,3.21
202309,Genito Urinary System and Sex Hormones,,,,,,,
202309,Musculo-Skeletal System,M01,Antiinflammatory and Antirheumatic Products,99092,1.78,631418,1.13,1.13
202309,Musculo-Skeletal System,M02,Topical Products For Joint and Muscular Pain,80872,1.45,517557,0.93,0.93
202309,Musculo-Skeletal System,M03,Muscle Relaxants,8439,0.15,74948,0.13,0.13
202309,Musculo-Skeletal System,M04,Antigout Preparations,38246,0.69,150959,0.27,0.27
202309,Musculo-Skeletal System,M05,Drugs For Treatment Of Bone Diseases,36704,0.66,1599074,2.86,2.86
202309,Musculo-Skeletal System,M09,Other Drugs For Disorders Of The Musculo-Skeletal System,11339,0.2,134274,0.24,0.24
202309,Musculo-Skeletal System,,,,,,,
202309,Nervous System,N01,Anesthetics,2893,0.05,161729,0.29,0.29
202309,Nervous System,N02,Analgesics,382907,6.88,2947308,5.28,5.28
202309,Nervous System,N03,Antiepileptics,55981,1.01,1142582,2.05,2.05
202309,Nervous System,N04,Anti-Parkinson Drugs,22770,0.41,288136,0.52,0.52
202309,Nervous System,N05,Psycholeptics,298256,5.36,2165096,3.88,3.88
202309,Nervous System,N06,Psychoanaleptics,380010,6.83,2642823,4.73,4.73
202309,Nervous System,N07,Other Nervous System Drugs,37598,0.68,849760,1.52,1.52
202309,Nervous System,,,,,,,
202309,Respiratory System,R01,Nasal Preparations,53840,0.97,601570,1.08,1.08
202309,Respiratory System,R03,Drugs For Obstructive Airway Diseases,311199,5.59,5979665,10.71,10.71
202309,Respiratory System,R05,Cough and Cold Preparations,19979,0.36,118864,0.21,0.21
202309,Respiratory System,R06,Antihistamines For Systemic Use,95860,1.72,389858,0.7,0.7
202309,Respiratory System,,,,,,,
202309,Sensory Organs,S01,Ophthalmologicals,147743,2.66,1257238,2.25,2.25
202309,Sensory Organs,S02,Otologicals,3010,0.05,15333,0.03,0.03
202309,Sensory Organs,S03,Ophthalmological and Otological Preparations,5887,0.11,10961,0.02,0.02
202309,Sensory Organs,,,,,,,
202309,Systemic Hormonal Preparations Excl. Sex Hormones and Insulins,H01,Pituitary and Hypothalamic Hormones and Analogues,1212,0.02,61761,0.11,0.11
202309,Systemic Hormonal Preparations Excl. Sex Hormones and Insulins,H02,Corticosteroids For Systemic Use,9804,0.18,125829,0.23,0.23
202309,Systemic Hormonal Preparations Excl. Sex Hormones and Insulins,H03,Thyroid Therapy,178242,3.2,311210,0.56,0.56
202309,Systemic Hormonal Preparations Excl. Sex Hormones and Insulins,H04,Pancreatic Hormones,208,0,4774,0.01,0.01
202309,Systemic Hormonal Preparations Excl. Sex Hormones and Insulins,,,,,,,
202309,Various,V01,Allergens,155,0,11910,0.02,0.02
202309,Various,V03,All Other Therapeutic Products,1703,0.03,149996,0.27,0.27
202309,Various,V04,Diagnostic Agents,11029,0.2,251160,0.45,0.45
202309,Various,V06,General Nutrients,58322,1.05,3754682,6.73,6.73
202309,Various,V07,All Other Non-Therapeutic Products,,,,,6.33
202309,Various,V07 1,Ostomy Requisites,35430,0.64,1928514,3.45,3.45
202309,Various,V07 2,Urinary Requisites,15320,0.28,1216980,2.18,2.18
202309,Various,V07 3,Needles/Syringes/Lancets,8927,0.16,96368,0.17,0.17
202309,Various,V07 4,Dressings,4250,0.08,217190,0.39,0.39
202309,Various,V07 5,Miscellaneous,5555,0.1,74528,0.13,0.13
202309,Various,,,,,,,
202310,Alimentary Tract and Metabolism,A01,Stomatological Preparations,65554,1.17,228341,0.4,0.4
202310,Alimentary Tract and Metabolism,A02,Drugs For Acid Related Disorders,389997,6.96,2177723,3.86,3.86
202310,Alimentary Tract and Metabolism,A03,Drugs For Functional Gastrointestinal Disorders,32271,0.58,176643,0.31,0.31
202310,Alimentary Tract and Metabolism,A04,Antiemetics and Antinauseants,4565,0.08,291570,0.52,0.52
202310,Alimentary Tract and Metabolism,A05,Bile and Liver Therapy,2683,0.05,60081,0.11,0.11
202310,Alimentary Tract and Metabolism,A06,Laxatives,81054,1.45,875871,1.55,1.55
202310,Alimentary Tract and Metabolism,A07,Antidiarrheals Intestinal Antiinflammatory/Antiinfective Agents,24511,0.44,841969,1.49,1.49
202310,Alimentary Tract and Metabolism,A08,Antiobesity Preparations Excl. Diet Products,1,0,61,0,0
202310,Alimentary Tract and Metabolism,A09,Digestives Incl. Enzymes,3426,0.06,178383,0.32,0.32
202310,Alimentary Tract and Metabolism,A10,Drugs Used In Diabetes,84998,1.52,2199596,3.89,3.89
202310,Alimentary Tract and Metabolism,A11,Vitamins,164002,2.93,670857,1.19,1.19
202310,Alimentary Tract and Metabolism,A12,Mineral Supplements,122221,2.18,625572,1.11,1.11
202310,Alimentary Tract and Metabolism,A14,Anabolic Agents For Systemic Use,83,0,841,0,0
202310,Alimentary Tract and Metabolism,A16,Other Alimentary Tract and Metabolism Products,8,0,3023,0.01,0.01
202310,Alimentary Tract and Metabolism,,,,,,,
202310,Antiinfectives For Systemic Use,J01,Antibacterials For Systemic Use,206737,3.69,1146513,2.03,2.03
202310,Antiinfectives For Systemic Use,J02,Antimycotics For Systemic Use,9242,0.16,84573,0.15,0.15
202310,Antiinfectives For Systemic Use,J04,Antimycobacterials,612,0.01,15206,0.03,0.03
202310,Antiinfectives For Systemic Use,J05,Antivirals For Systemic Use,7182,0.13,275498,0.49,0.49
202310,Antiinfectives For Systemic Use,,,,,,,
202310,Antineoplastic and Immunomodulating Agents,L01,Antineoplastic Agents,3991,0.07,116870,0.21,0.21
202310,Antineoplastic and Immunomodulating Agents,L02,Endocrine Therapy,10629,0.19,194945,0.35,0.35
202310,Antineoplastic and Immunomodulating Agents,L04,Immunosuppressive Agents,16960,0.3,289369,0.51,0.51
202310,Antineoplastic and Immunomodulating Agents,,,,,,,
202310,Antiparasitic Products Insecticides and Repellents,P01,Antiprotozoals,10039,0.18,55059,0.1,0.1
202310,Antiparasitic Products Insecticides and Repellents,P02,Anthelmintics,1140,0.02,39407,0.07,0.07
202310,Antiparasitic Products Insecticides and Repellents,P03,Ectoparasiticides Incl. Scabicides Insecticides and Repellents,2880,0.05,42199,0.07,0.07
202310,Antiparasitic Products Insecticides and Repellents,,,,,,,
202310,Blood and Blood Forming Organs,B01,Antithrombotic Agents,262570,4.69,5344217,9.46,9.46
202310,Blood and Blood Forming Organs,B02,Antihemorrhagics,2390,0.04,22652,0.04,0.04
202310,Blood and Blood Forming Organs,B03,Antianemic Preparations,126338,2.25,197416,0.35,0.35
202310,Blood and Blood Forming Organs,B05,Blood Substitutes and Perfusion Solutions,3,0,42,0,0
202310,Blood and Blood Forming Organs,,,,,,,
202310,Cardiovascular System,C01,Cardiac Therapy,45049,0.8,576465,1.02,1.02
202310,Cardiovascular System,C02,Antihypertensives,19101,0.34,248336,0.44,0.44
202310,Cardiovascular System,C03,Diuretics,104331,1.86,270086,0.48,0.48
202310,Cardiovascular System,C04,Peripheral Vasodilators,2132,0.04,27250,0.05,0.05
202310,Cardiovascular System,C05,Vasoprotectives,10696,0.19,69069,0.12,0.12
202310,Cardiovascular System,C07,Beta Blocking Agents,174191,3.11,447128,0.79,0.79
202310,Cardiovascular System,C08,Calcium Channel Blockers,153144,2.73,490435,0.87,0.87
202310,Cardiovascular System,C09,Agents Acting On The Renin-Angiotensin System,295534,5.27,2195669,3.89,3.89
202310,Cardiovascular System,C10,Serum Lipid Reducing Agents,369177,6.59,1706838,3.02,3.02
202310,Cardiovascular System,,,,,,,
202310,Dermatologicals,D01,Antifungals For Dermatological Use,33290,0.59,210811,0.37,0.37
202310,Dermatologicals,D02,Emollients and Protectives,20358,0.36,50947,0.09,0.09
202310,Dermatologicals,D03,Preparations For Treatment Of Wounds and Ulcers,25,0,4313,0.01,0.01
202310,Dermatologicals,D05,Antipsoriatics,8208,0.15,291188,0.52,0.52
202310,Dermatologicals,D06,Antibiotics and Chemotherapeutics For Dermatological Use,9655,0.17,64709,0.11,0.11
202310,Dermatologicals,D07,Corticosteroids Dermatological Preparations,39644,0.71,222449,0.39,0.39
202310,Dermatologicals,D10,Anti-Acne Preparations,6818,0.12,90308,0.16,0.16
202310,Dermatologicals,D11,Other Dermatological Preparations,3954,0.07,147312,0.26,0.26
202310,Dermatologicals,,,,,,,
202310,Genito Urinary System and Sex Hormones,G01,Gynecological Antiinfectives and Antiseptics,406,0.01,3487,0.01,0.01
202310,Genito Urinary System and Sex Hormones,G02,Other Gynecologicals,2004,0.04,172018,0.3,0.3
202310,Genito Urinary System and Sex Hormones,G03,Sex Hormones and Modulators Of The Genital System,99769,1.78,903906,1.6,1.6
202310,Genito Urinary System and Sex Hormones,G04,Urologicals,131461,2.35,1804288,3.19,3.19
202310,Genito Urinary System and Sex Hormones,,,,,,,
202310,Musculo-Skeletal System,M01,Antiinflammatory and Antirheumatic Products,99088,1.77,628002,1.11,1.11
202310,Musculo-Skeletal System,M02,Topical Products For Joint and Muscular Pain,81322,1.45,526094,0.93,0.93
202310,Musculo-Skeletal System,M03,Muscle Relaxants,8068,0.14,72734,0.13,0.13
202310,Musculo-Skeletal System,M04,Antigout Preparations,38177,0.68,149397,0.26,0.26
202310,Musculo-Skeletal System,M05,Drugs For Treatment Of Bone Diseases,36416,0.65,1565945,2.77,2.77
202310,Musculo-Skeletal System,M09,Other Drugs For Disorders Of The Musculo-Skeletal System,10865,0.19,131028,0.23,0.23
202310,Musculo-Skeletal System,,,,,,,
202310,Nervous System,N01,Anesthetics,2887,0.05,159063,0.28,0.28
202310,Nervous System,N02,Analgesics,387726,6.92,3028337,5.36,5.36
202310,Nervous System,N03,Antiepileptics,56812,1.01,1165547,2.06,2.06
202310,Nervous System,N04,Anti-Parkinson Drugs,22979,0.41,291630,0.52,0.52
202310,Nervous System,N05,Psycholeptics,299180,5.34,2192802,3.88,3.88
202310,Nervous System,N06,Psychoanaleptics,381674,6.81,2678896,4.74,4.74
202310,Nervous System,N07,Other Nervous System Drugs,38128,0.68,881070,1.56,1.56
202310,Nervous System,,,,,,,
202310,Respiratory System,R01,Nasal Preparations,56223,1,637402,1.13,1.13
202310,Respiratory System,R03,Drugs For Obstructive Airway Diseases,315026,5.62,6062506,10.73,10.73
202310,Respiratory System,R05,Cough and Cold Preparations,22592,0.4,129213,0.23,0.23
202310,Respiratory System,R06,Antihistamines For Systemic Use,93217,1.66,378214,0.67,0.67
202310,Respiratory System,,,,,,,
202310,Sensory Organs,S01,Ophthalmologicals,148143,2.64,1265221,2.24,2.24
202310,Sensory Organs,S02,Otologicals,2578,0.05,13027,0.02,0.02
202310,Sensory Organs,S03,Ophthalmological and Otological Preparations,6472,0.12,11617,0.02,0.02
202310,Sensory Organs,,,,,,,
202310,Systemic Hormonal Preparations Excl. Sex Hormones and Insulins,H01,Pituitary and Hypothalamic Hormones and Analogues,1208,0.02,65053,0.12,0.12
202310,Systemic Hormonal Preparations Excl. Sex Hormones and Insulins,H02,Corticosteroids For Systemic Use,9829,0.18,125110,0.22,0.22
202310,Systemic Hormonal Preparations Excl. Sex Hormones and Insulins,H03,Thyroid Therapy,177830,3.17,310336,0.55,0.55
202310,Systemic Hormonal Preparations Excl. Sex Hormones and Insulins,H04,Pancreatic Hormones,165,0,3431,0.01,0.01
202310,Systemic Hormonal Preparations Excl. Sex Hormones and Insulins,,,,,,,
202310,Various,V01,Allergens,147,0,11431,0.02,0.02
202310,Various,V03,All Other Therapeutic Products,1705,0.03,150332,0.27,0.27
202310,Various,V04,Diagnostic Agents,10836,0.19,252226,0.45,0.45
202310,Various,V06,General Nutrients,59055,1.05,3835141,6.79,6.79
202310,Various,V07,All Other Non-Therapeutic Products,,,,,6.38
202310,Various,V07 1,Ostomy Requisites,36205,0.65,1991881,3.53,3.53
202310,Various,V07 2,Urinary Requisites,15091,0.27,1225301,2.17,2.17
202310,Various,V07 3,Needles/Syringes/Lancets,9426,0.17,98014,0.17,0.17
202310,Various,V07 4,Dressings,4046,0.07,212493,0.38,0.38
202310,Various,V07 5,Miscellaneous,5693,0.1,75291,0.13,0.13
202310,Various,,,,,,,
202311,Alimentary Tract and Metabolism,A01,Stomatological Preparations,73318,1.27,257682,0.44,0.44
202311,Alimentary Tract and Metabolism,A02,Drugs For Acid Related Disorders,401565,6.94,2243272,3.84,3.84
202311,Alimentary Tract and Metabolism,A03,Drugs For Functional Gastrointestinal Disorders,33187,0.57,180282,0.31,0.31
202311,Alimentary Tract and Metabolism,A04,Antiemetics and Antinauseants,4639,0.08,300107,0.51,0.51
202311,Alimentary Tract and Metabolism,A05,Bile and Liver Therapy,2788,0.05,61983,0.11,0.11
202311,Alimentary Tract and Metabolism,A06,Laxatives,78265,1.35,885893,1.52,1.52
202311,Alimentary Tract and Metabolism,A07,Antidiarrheals Intestinal Antiinflammatory/Antiinfective Agents,25271,0.44,859812,1.47,1.47
202311,Alimentary Tract and Metabolism,A09,Digestives Incl. Enzymes,3578,0.06,199021,0.34,0.34
202311,Alimentary Tract and Metabolism,A10,Drugs Used In Diabetes,88211,1.52,2291204,3.92,3.92
202311,Alimentary Tract and Metabolism,A11,Vitamins,170238,2.94,698760,1.2,1.2
202311,Alimentary Tract and Metabolism,A12,Mineral Supplements,125592,2.17,645589,1.1,1.1
202311,Alimentary Tract and Metabolism,A14,Anabolic Agents For Systemic Use,85,0,858,0,0
202311,Alimentary Tract and Metabolism,A16,Other Alimentary Tract and Metabolism Products,6,0,2769,0,0
202311,Alimentary Tract and Metabolism,,,,,,,
202311,Antiinfectives For Systemic Use,J01,Antibacterials For Systemic Use,221963,3.83,1226034,2.1,2.1
202311,Antiinfectives For Systemic Use,J02,Antimycotics For Systemic Use,9416,0.16,87776,0.15,0.15
202311,Antiinfectives For Systemic Use,J04,Antimycobacterials,659,0.01,15872,0.03,0.03
202311,Antiinfectives For Systemic Use,J05,Antivirals For Systemic Use,7561,0.13,292519,0.5,0.5
202311,Antiinfectives For Systemic Use,,,,,,,
202311,Antineoplastic and Immunomodulating Agents,L01,Antineoplastic Agents,4160,0.07,122673,0.21,0.21
202311,Antineoplastic and Immunomodulating Agents,L02,Endocrine Therapy,10982,0.19,199032,0.34,0.34
202311,Antineoplastic and Immunomodulating Agents,L04,Immunosuppressive Agents,17321,0.3,295846,0.51,0.51
202311,Antineoplastic and Immunomodulating Agents,,,,,,,
202311,Antiparasitic Products Insecticides and Repellents,P01,Antiprotozoals,10489,0.18,59680,0.1,0.1
202311,Antiparasitic Products Insecticides and Repellents,P02,Anthelmintics,1429,0.02,58252,0.1,0.1
202311,Antiparasitic Products Insecticides and Repellents,P03,Ectoparasiticides Incl. Scabicides Insecticides and Repellents,2740,0.05,38996,0.07,0.07
202311,Antiparasitic Products Insecticides and Repellents,,,,,,,
202311,Blood and Blood Forming Organs,B01,Antithrombotic Agents,268399,4.64,5483339,9.38,9.38
202311,Blood and Blood Forming Organs,B02,Antihemorrhagics,2611,0.05,25763,0.04,0.04
202311,Blood and Blood Forming Organs,B03,Antianemic Preparations,129489,2.24,196354,0.34,0.34
202311,Blood and Blood Forming Organs,B05,Blood Substitutes and Perfusion Solutions,2,0,28,0,0
202311,Blood and Blood Forming Organs,,,,,,,
202311,Cardiovascular System,C01,Cardiac Therapy,46275,0.8,599878,1.03,1.03
202311,Cardiovascular System,C02,Antihypertensives,19445,0.34,259972,0.44,0.44
202311,Cardiovascular System,C03,Diuretics,106480,1.84,275807,0.47,0.47
202311,Cardiovascular System,C04,Peripheral Vasodilators,2218,0.04,28787,0.05,0.05
202311,Cardiovascular System,C05,Vasoprotectives,11333,0.2,72411,0.12,0.12
202311,Cardiovascular System,C07,Beta Blocking Agents,178694,3.09,458763,0.79,0.79
202311,Cardiovascular System,C08,Calcium Channel Blockers,158131,2.73,502817,0.86,0.86
202311,Cardiovascular System,C09,Agents Acting On The Renin-Angiotensin System,303050,5.23,2260952,3.87,3.87
202311,Cardiovascular System,C10,Serum Lipid Reducing Agents,379736,6.56,1761477,3.01,3.01
202311,Cardiovascular System,,,,,,,
202311,Dermatologicals,D01,Antifungals For Dermatological Use,34934,0.6,224483,0.38,0.38
202311,Dermatologicals,D02,Emollients and Protectives,21920,0.38,54634,0.09,0.09
202311,Dermatologicals,D03,Preparations For Treatment Of Wounds and Ulcers,25,0,6780,0.01,0.01
202311,Dermatologicals,D05,Antipsoriatics,8520,0.15,303975,0.52,0.52
202311,Dermatologicals,D06,Antibiotics and Chemotherapeutics For Dermatological Use,9058,0.16,58845,0.1,0.1
202311,Dermatologicals,D07,Corticosteroids Dermatological Preparations,40219,0.69,231535,0.4,0.4
202311,Dermatologicals,D10,Anti-Acne Preparations,7358,0.13,95274,0.16,0.16
202311,Dermatologicals,D11,Other Dermatological Preparations,4070,0.07,150434,0.26,0.26
202311,Dermatologicals,,,,,,,
202311,Genito Urinary System and Sex Hormones,G01,Gynecological Antiinfectives and Antiseptics,375,0.01,3402,0.01,0.01
202311,Genito Urinary System and Sex Hormones,G02,Other Gynecologicals,2003,0.03,190030,0.33,0.33
202311,Genito Urinary System and Sex Hormones,G03,Sex Hormones and Modulators Of The Genital System,103138,1.78,918301,1.57,1.57
202311,Genito Urinary System and Sex Hormones,G04,Urologicals,135244,2.34,1859013,3.18,3.18
202311,Genito Urinary System and Sex Hormones,,,,,,,
202311,Musculo-Skeletal System,M01,Antiinflammatory and Antirheumatic Products,102947,1.78,654591,1.12,1.12
202311,Musculo-Skeletal System,M02,Topical Products For Joint and Muscular Pain,83856,1.45,544143,0.93,0.93
202311,Musculo-Skeletal System,M03,Muscle Relaxants,8395,0.14,76126,0.13,0.13
202311,Musculo-Skeletal System,M04,Antigout Preparations,39248,0.68,154406,0.26,0.26
202311,Musculo-Skeletal System,M05,Drugs For Treatment Of Bone Diseases,38156,0.66,1747226,2.99,2.99
202311,Musculo-Skeletal System,M09,Other Drugs For Disorders Of The Musculo-Skeletal System,11087,0.19,136020,0.23,0.23
202311,Musculo-Skeletal System,,,,,,,
202311,Nervous System,N01,Anesthetics,3046,0.05,161904,0.28,0.28
202311,Nervous System,N02,Analgesics,400542,6.92,3138070,5.37,5.37
202311,Nervous System,N03,Antiepileptics,58351,1.01,1196770,2.05,2.05
202311,Nervous System,N04,Anti-Parkinson Drugs,23782,0.41,302082,0.52,0.52
202311,Nervous System,N05,Psycholeptics,305216,5.27,2223168,3.8,3.8
202311,Nervous System,N06,Psychoanaleptics,392545,6.78,2735692,4.68,4.68
202311,Nervous System,N07,Other Nervous System Drugs,39373,0.68,893908,1.53,1.53
202311,Nervous System,,,,,,,
202311,Respiratory System,R01,Nasal Preparations,62784,1.08,703011,1.2,1.2
202311,Respiratory System,R03,Drugs For Obstructive Airway Diseases,330503,5.71,6318180,10.81,10.81
202311,Respiratory System,R05,Cough and Cold Preparations,25603,0.44,140024,0.24,0.24
202311,Respiratory System,R06,Antihistamines For Systemic Use,95406,1.65,384349,0.66,0.66
202311,Respiratory System,,,,,,,
202311,Sensory Organs,S01,Ophthalmologicals,152435,2.63,1291502,2.21,2.21
202311,Sensory Organs,S02,Otologicals,2711,0.05,13699,0.02,0.02
202311,Sensory Organs,S03,Ophthalmological and Otological Preparations,6892,0.12,12337,0.02,0.02
202311,Sensory Organs,,,,,,,
202311,Systemic Hormonal Preparations Excl. Sex Hormones and Insulins,H01,Pituitary and Hypothalamic Hormones and Analogues,1198,0.02,63453,0.11,0.11
202311,Systemic Hormonal Preparations Excl. Sex Hormones and Insulins,H02,Corticosteroids For Systemic Use,10341,0.18,131943,0.23,0.23
202311,Systemic Hormonal Preparations Excl. Sex Hormones and Insulins,H03,Thyroid Therapy,181560,3.14,318136,0.54,0.54
202311,Systemic Hormonal Preparations Excl. Sex Hormones and Insulins,H04,Pancreatic Hormones,174,0,3377,0.01,0.01
202311,Systemic Hormonal Preparations Excl. Sex Hormones and Insulins,,,,,,,
202311,Various,V01,Allergens,144,0,11298,0.02,0.02
202311,Various,V03,All Other Therapeutic Products,1791,0.03,148253,0.25,0.25
202311,Various,V04,Diagnostic Agents,11118,0.19,258806,0.44,0.44
202311,Various,V06,General Nutrients,60635,1.05,3951384,6.76,6.76
202311,Various,V07,All Other Non-Therapeutic Products,,,,,6.3
202311,Various,V07 1,Ostomy Requisites,37189,0.64,2030027,3.47,3.47
202311,Various,V07 2,Urinary Requisites,15745,0.27,1262204,2.16,2.16
202311,Various,V07 3,Needles/Syringes/Lancets,10563,0.18,106855,0.18,0.18
202311,Various,V07 4,Dressings,3912,0.07,195864,0.34,0.34
202311,Various,V07 5,Miscellaneous,6343,0.11,84591,0.14,0.14
202311,Various,,,,,,,
202312,Alimentary Tract and Metabolism,A01,Stomatological Preparations,82686,1.42,290648,0.5,0.5
202312,Alimentary Tract and Metabolism,A02,Drugs For Acid Related Disorders,403202,6.95,2260854,3.88,3.88
202312,Alimentary Tract and Metabolism,A03,Drugs For Functional Gastrointestinal Disorders,33189,0.57,181535,0.31,0.31
202312,Alimentary Tract and Metabolism,A04,Antiemetics and Antinauseants,4630,0.08,298115,0.51,0.51
202312,Alimentary Tract and Metabolism,A05,Bile and Liver Therapy,2790,0.05,62169,0.11,0.11
202312,Alimentary Tract and Metabolism,A06,Laxatives,77436,1.33,884888,1.52,1.52
202312,Alimentary Tract and Metabolism,A07,Antidiarrheals Intestinal Antiinflammatory/Antiinfective Agents,24598,0.42,839995,1.44,1.44
202312,Alimentary Tract and Metabolism,A09,Digestives Incl. Enzymes,3676,0.06,195195,0.34,0.34
202312,Alimentary Tract and Metabolism,A10,Drugs Used In Diabetes,89096,1.54,2298450,3.95,3.95
202312,Alimentary Tract and Metabolism,A11,Vitamins,171932,2.96,704710,1.21,1.21
202312,Alimentary Tract and Metabolism,A12,Mineral Supplements,126428,2.18,645792,1.11,1.11
202312,Alimentary Tract and Metabolism,A14,Anabolic Agents For Systemic Use,86,0,834,0,0
202312,Alimentary Tract and Metabolism,A16,Other Alimentary Tract and Metabolism Products,7,0,2906,0,0
202312,Alimentary Tract and Metabolism,,,,,,,
202312,Antiinfectives For Systemic Use,J01,Antibacterials For Systemic Use,245348,4.23,1330860,2.29,2.29
202312,Antiinfectives For Systemic Use,J02,Antimycotics For Systemic Use,9024,0.16,83823,0.14,0.14
202312,Antiinfectives For Systemic Use,J04,Antimycobacterials,585,0.01,15015,0.03,0.03
202312,Antiinfectives For Systemic Use,J05,Antivirals For Systemic Use,8709,0.15,301424,0.52,0.52
202312,Antiinfectives For Systemic Use,,,,,,,
202312,Antineoplastic and Immunomodulating Agents,L01,Antineoplastic Agents,3940,0.07,116090,0.2,0.2
202312,Antineoplastic and Immunomodulating Agents,L02,Endocrine Therapy,10990,0.19,204201,0.35,0.35
202312,Antineoplastic and Immunomodulating Agents,L04,Immunosuppressive Agents,17283,0.3,297717,0.51,0.51
202312,Antineoplastic and Immunomodulating Agents,,,,,,,
202312,Antiparasitic Products Insecticides and Repellents,P01,Antiprotozoals,10320,0.18,60703,0.1,0.1
202312,Antiparasitic Products Insecticides and Repellents,P02,Anthelmintics,1001,0.02,42601,0.07,0.07
202312,Antiparasitic Products Insecticides and Repellents,P03,Ectoparasiticides Incl. Scabicides Insecticides and Repellents,2118,0.04,31020,0.05,0.05
202312,Antiparasitic Products Insecticides and Repellents,,,,,,,
202312,Blood and Blood Forming Organs,B01,Antithrombotic Agents,270213,4.66,5554099,9.54,9.54
202312,Blood and Blood Forming Organs,B02,Antihemorrhagics,2291,0.04,23062,0.04,0.04
202312,Blood and Blood Forming Organs,B03,Antianemic Preparations,127504,2.2,184043,0.32,0.32
202312,Blood and Blood Forming Organs,B05,Blood Substitutes and Perfusion Solutions,1,0,14,0,0
202312,Blood and Blood Forming Organs,,,,,,,
202312,Cardiovascular System,C01,Cardiac Therapy,46319,0.8,598273,1.03,1.03
202312,Cardiovascular System,C02,Antihypertensives,19468,0.34,256331,0.44,0.44
202312,Cardiovascular System,C03,Diuretics,106841,1.84,278064,0.48,0.48
202312,Cardiovascular System,C04,Peripheral Vasodilators,2200,0.04,28492,0.05,0.05
202312,Cardiovascular System,C05,Vasoprotectives,10338,0.18,65457,0.11,0.11
202312,Cardiovascular System,C07,Beta Blocking Agents,180061,3.1,460961,0.79,0.79
202312,Cardiovascular System,C08,Calcium Channel Blockers,158920,2.74,498109,0.86,0.86
202312,Cardiovascular System,C09,Agents Acting On The Renin-Angiotensin System,305284,5.26,2300810,3.95,3.95
202312,Cardiovascular System,C10,Serum Lipid Reducing Agents,383804,6.61,1764589,3.03,3.03
202312,Cardiovascular System,,,,,,,
202312,Dermatologicals,D01,Antifungals For Dermatological Use,30852,0.53,202524,0.35,0.35
202312,Dermatologicals,D02,Emollients and Protectives,20552,0.35,51779,0.09,0.09
202312,Dermatologicals,D03,Preparations For Treatment Of Wounds and Ulcers,27,0,8651,0.01,0.01
202312,Dermatologicals,D05,Antipsoriatics,8141,0.14,292913,0.5,0.5
202312,Dermatologicals,D06,Antibiotics and Chemotherapeutics For Dermatological Use,8185,0.14,49313,0.08,0.08
202312,Dermatologicals,D07,Corticosteroids Dermatological Preparations,36473,0.63,212852,0.37,0.37
202312,Dermatologicals,D10,Anti-Acne Preparations,6788,0.12,90623,0.16,0.16
202312,Dermatologicals,D11,Other Dermatological Preparations,3776,0.07,139365,0.24,0.24
202312,Dermatologicals,,,,,,,
202312,Genito Urinary System and Sex Hormones,G01,Gynecological Antiinfectives and Antiseptics,355,0.01,3063,0.01,0.01
202312,Genito Urinary System and Sex Hormones,G02,Other Gynecologicals,1598,0.03,131053,0.23,0.23
202312,Genito Urinary System and Sex Hormones,G03,Sex Hormones and Modulators Of The Genital System,102091,1.76,874502,1.5,1.5
202312,Genito Urinary System and Sex Hormones,G04,Urologicals,135577,2.34,1872639,3.22,3.22
202312,Genito Urinary System and Sex Hormones,,,,,,,
202312,Musculo-Skeletal System,M01,Antiinflammatory and Antirheumatic Products,97541,1.68,618107,1.06,1.06
202312,Musculo-Skeletal System,M02,Topical Products For Joint and Muscular Pain,80731,1.39,527014,0.91,0.91
202312,Musculo-Skeletal System,M03,Muscle Relaxants,8086,0.14,74779,0.13,0.13
202312,Musculo-Skeletal System,M04,Antigout Preparations,39244,0.68,153295,0.26,0.26
202312,Musculo-Skeletal System,M05,Drugs For Treatment Of Bone Diseases,37364,0.64,1542010,2.65,2.65
202312,Musculo-Skeletal System,M09,Other Drugs For Disorders Of The Musculo-Skeletal System,11076,0.19,128934,0.22,0.22
202312,Musculo-Skeletal System,,,,,,,
202312,Nervous System,N01,Anesthetics,2966,0.05,163927,0.28,0.28
202312,Nervous System,N02,Analgesics,400348,6.9,3146451,5.4,5.4
202312,Nervous System,N03,Antiepileptics,57951,1,1208635,2.08,2.08
202312,Nervous System,N04,Anti-Parkinson Drugs,23586,0.41,304245,0.52,0.52
202312,Nervous System,N05,Psycholeptics,301583,5.2,2230877,3.83,3.83
202312,Nervous System,N06,Psychoanaleptics,390546,6.73,2728651,4.69,4.69
202312,Nervous System,N07,Other Nervous System Drugs,36826,0.63,844391,1.45,1.45
202312,Nervous System,,,,,,,
202312,Respiratory System,R01,Nasal Preparations,62662,1.08,701705,1.21,1.21
202312,Respiratory System,R03,Drugs For Obstructive Airway Diseases,336887,5.81,6458564,11.09,11.09
202312,Respiratory System,R05,Cough and Cold Preparations,29084,0.5,156567,0.27,0.27
202312,Respiratory System,R06,Antihistamines For Systemic Use,93195,1.61,378831,0.65,0.65
202312,Respiratory System,,,,,,,
202312,Sensory Organs,S01,Ophthalmologicals,150604,2.6,1271864,2.18,2.18
202312,Sensory Organs,S02,Otologicals,2679,0.05,13587,0.02,0.02
202312,Sensory Organs,S03,Ophthalmological and Otological Preparations,6476,0.11,11478,0.02,0.02
202312,Sensory Organs,,,,,,,
202312,Systemic Hormonal Preparations Excl. Sex Hormones and Insulins,H01,Pituitary and Hypothalamic Hormones and Analogues,1182,0.02,63295,0.11,0.11
202312,Systemic Hormonal Preparations Excl. Sex Hormones and Insulins,H02,Corticosteroids For Systemic Use,9945,0.17,131646,0.23,0.23
202312,Systemic Hormonal Preparations Excl. Sex Hormones and Insulins,H03,Thyroid Therapy,182885,3.15,321675,0.55,0.55
202312,Systemic Hormonal Preparations Excl. Sex Hormones and Insulins,H04,Pancreatic Hormones,187,0,3830,0.01,0.01
202312,Systemic Hormonal Preparations Excl. Sex Hormones and Insulins,,,,,,,
202312,Various,V01,Allergens,164,0,12478,0.02,0.02
202312,Various,V03,All Other Therapeutic Products,1760,0.03,149244,0.26,0.26
202312,Various,V04,Diagnostic Agents,10864,0.19,245916,0.42,0.42
202312,Various,V06,General Nutrients,57430,0.99,3842930,6.6,6.6
202312,Various,V07,All Other Non-Therapeutic Products,,,,,6.37
202312,Various,V07 1,Ostomy Requisites,36847,0.63,2060368,3.54,3.54
202312,Various,V07 2,Urinary Requisites,15557,0.27,1252822,2.15,2.15
202312,Various,V07 3,Needles/Syringes/Lancets,9683,0.17,98754,0.17,0.17
202312,Various,V07 4,Dressings,3780,0.07,216266,0.37,0.37
202312,Various,V07 5,Miscellaneous,6328,0.11,78309,0.13,0.13
202312,Various,,,,,,,
202401,Alimentary Tract and Metabolism,A01,Stomatological Preparations,83502,1.41,287370,0.48,0.48
202401,Alimentary Tract and Metabolism,A02,Drugs For Acid Related Disorders,407832,6.89,2281869,3.83,3.83
202401,Alimentary Tract and Metabolism,A03,Drugs For Functional Gastrointestinal Disorders,34352,0.58,188827,0.32,0.32
202401,Alimentary Tract and Metabolism,A04,Antiemetics and Antinauseants,4641,0.08,292379,0.49,0.49
202401,Alimentary Tract and Metabolism,A05,Bile and Liver Therapy,2776,0.05,62143,0.1,0.1
202401,Alimentary Tract and Metabolism,A06,Laxatives,83311,1.41,929304,1.56,1.56
202401,Alimentary Tract and Metabolism,A07,Antidiarrheals Intestinal Antiinflammatory/Antiinfective Agents,24780,0.42,863946,1.45,1.45
202401,Alimentary Tract and Metabolism,A09,Digestives Incl. Enzymes,3890,0.07,192810,0.32,0.32
202401,Alimentary Tract and Metabolism,A10,Drugs Used In Diabetes,91480,1.54,2398110,4.02,4.02
202401,Alimentary Tract and Metabolism,A11,Vitamins,177189,2.99,728341,1.22,1.22
202401,Alimentary Tract and Metabolism,A12,Mineral Supplements,127386,2.15,644391,1.08,1.08
202401,Alimentary Tract and Metabolism,A14,Anabolic Agents For Systemic Use,76,0,749,0,0
202401,Alimentary Tract and Metabolism,A16,Other Alimentary Tract and Metabolism Products,7,0,2925,0,0
202401,Alimentary Tract and Metabolism,,,,,,,
202401,Antiinfectives For Systemic Use,J01,Antibacterials For Systemic Use,246352,4.16,1331097,2.23,2.23
202401,Antiinfectives For Systemic Use,J02,Antimycotics For Systemic Use,9859,0.17,90999,0.15,0.15
202401,Antiinfectives For Systemic Use,J04,Antimycobacterials,631,0.01,16242,0.03,0.03
202401,Antiinfectives For Systemic Use,J05,Antivirals For Systemic Use,10572,0.18,329004,0.55,0.55
202401,Antiinfectives For Systemic Use,,,,,,,
202401,Antineoplastic and Immunomodulating Agents,L01,Antineoplastic Agents,4266,0.07,128488,0.22,0.22
202401,Antineoplastic and Immunomodulating Agents,L02,Endocrine Therapy,11079,0.19,205893,0.35,0.35
202401,Antineoplastic and Immunomodulating Agents,L04,Immunosuppressive Agents,17541,0.3,299859,0.5,0.5
202401,Antineoplastic and Immunomodulating Agents,,,,,,,
202401,Antiparasitic Products Insecticides and Repellents,P01,Antiprotozoals,10468,0.18,63314,0.11,0.11
202401,Antiparasitic Products Insecticides and Repellents,P02,Anthelmintics,1379,0.02,54432,0.09,0.09
202401,Antiparasitic Products Insecticides and Repellents,P03,Ectoparasiticides Incl. Scabicides Insecticides and Repellents,2781,0.05,40433,0.07,0.07
202401,Antiparasitic Products Insecticides and Repellents,,,,,,,
202401,Blood and Blood Forming Organs,B01,Antithrombotic Agents,271531,4.58,5600405,9.39,9.39
202401,Blood and Blood Forming Organs,B02,Antihemorrhagics,2606,0.04,25201,0.04,0.04
202401,Blood and Blood Forming Organs,B03,Antianemic Preparations,130596,2.2,197249,0.33,0.33
202401,Blood and Blood Forming Organs,B05,Blood Substitutes and Perfusion Solutions,1,0,14,0,0
202401,Blood and Blood Forming Organs,,,,,,,
202401,Cardiovascular System,C01,Cardiac Therapy,46700,0.79,638292,1.07,1.07
202401,Cardiovascular System,C02,Antihypertensives,19642,0.33,269353,0.45,0.45
202401,Cardiovascular System,C03,Diuretics,107789,1.82,280849,0.47,0.47
202401,Cardiovascular System,C04,Peripheral Vasodilators,2247,0.04,29492,0.05,0.05
202401,Cardiovascular System,C05,Vasoprotectives,11302,0.19,72171,0.12,0.12
202401,Cardiovascular System,C07,Beta Blocking Agents,180882,3.05,459556,0.77,0.77
202401,Cardiovascular System,C08,Calcium Channel Blockers,160881,2.72,497842,0.83,0.83
202401,Cardiovascular System,C09,Agents Acting On The Renin-Angiotensin System,308203,5.2,2310086,3.87,3.87
202401,Cardiovascular System,C10,Serum Lipid Reducing Agents,386401,6.52,1780638,2.98,2.98
202401,Cardiovascular System,,,,,,,
202401,Dermatologicals,D01,Antifungals For Dermatological Use,33650,0.57,219042,0.37,0.37
202401,Dermatologicals,D02,Emollients and Protectives,22205,0.37,55335,0.09,0.09
202401,Dermatologicals,D03,Preparations For Treatment Of Wounds and Ulcers,38,0,6142,0.01,0.01
202401,Dermatologicals,D05,Antipsoriatics,8770,0.15,314833,0.53,0.53
202401,Dermatologicals,D06,Antibiotics and Chemotherapeutics For Dermatological Use,8739,0.15,55874,0.09,0.09
202401,Dermatologicals,D07,Corticosteroids Dermatological Preparations,42818,0.72,242522,0.41,0.41
202401,Dermatologicals,D10,Anti-Acne Preparations,7999,0.14,107743,0.18,0.18
202401,Dermatologicals,D11,Other Dermatological Preparations,4148,0.07,153770,0.26,0.26
202401,Dermatologicals,,,,,,,
202401,Genito Urinary System and Sex Hormones,G01,Gynecological Antiinfectives and Antiseptics,366,0.01,3166,0.01,0.01
202401,Genito Urinary System and Sex Hormones,G02,Other Gynecologicals,2028,0.03,181362,0.3,0.3
202401,Genito Urinary System and Sex Hormones,G03,Sex Hormones and Modulators Of The Genital System,103859,1.75,921858,1.55,1.55
202401,Genito Urinary System and Sex Hormones,G04,Urologicals,137186,2.32,1891061,3.17,3.17
202401,Genito Urinary System and Sex Hormones,,,,,,,
202401,Musculo-Skeletal System,M01,Antiinflammatory and Antirheumatic Products,104069,1.76,649586,1.09,1.09
202401,Musculo-Skeletal System,M02,Topical Products For Joint and Muscular Pain,83390,1.41,540290,0.91,0.91
202401,Musculo-Skeletal System,M03,Muscle Relaxants,8546,0.14,79575,0.13,0.13
202401,Musculo-Skeletal System,M04,Antigout Preparations,39325,0.66,153869,0.26,0.26
202401,Musculo-Skeletal System,M05,Drugs For Treatment Of Bone Diseases,37750,0.64,1606943,2.69,2.69
202401,Musculo-Skeletal System,M09,Other Drugs For Disorders Of The Musculo-Skeletal System,11084,0.19,137949,0.23,0.23
202401,Musculo-Skeletal System,,,,,,,
202401,Nervous System,N01,Anesthetics,3069,0.05,164262,0.28,0.28
202401,Nervous System,N02,Analgesics,409069,6.91,3186689,5.34,5.34
202401,Nervous System,N03,Antiepileptics,58915,0.99,1229652,2.06,2.06
202401,Nervous System,N04,Anti-Parkinson Drugs,23768,0.4,298872,0.5,0.5
202401,Nervous System,N05,Psycholeptics,310663,5.25,2311974,3.88,3.88
202401,Nervous System,N06,Psychoanaleptics,400170,6.76,2797088,4.69,4.69
202401,Nervous System,N07,Other Nervous System Drugs,40065,0.68,937076,1.57,1.57
202401,Nervous System,,,,,,,
202401,Respiratory System,R01,Nasal Preparations,65543,1.11,735958,1.23,1.23
202401,Respiratory System,R03,Drugs For Obstructive Airway Diseases,336366,5.68,6456076,10.82,10.82
202401,Respiratory System,R05,Cough and Cold Preparations,31197,0.53,159469,0.27,0.27
202401,Respiratory System,R06,Antihistamines For Systemic Use,96292,1.63,383464,0.64,0.64
202401,Respiratory System,,,,,,,
202401,Sensory Organs,S01,Ophthalmologicals,152575,2.58,1289145,2.16,2.16
202401,Sensory Organs,S02,Otologicals,3457,0.06,17518,0.03,0.03
202401,Sensory Organs,S03,Ophthalmological and Otological Preparations,5048,0.09,8997,0.02,0.02
202401,Sensory Organs,,,,,,,
202401,Systemic Hormonal Preparations Excl. Sex Hormones and Insulins,H01,Pituitary and Hypothalamic Hormones and Analogues,1170,0.02,62548,0.1,0.1
202401,Systemic Hormonal Preparations Excl. Sex Hormones and Insulins,H02,Corticosteroids For Systemic Use,10363,0.17,130934,0.22,0.22
202401,Systemic Hormonal Preparations Excl. Sex Hormones and Insulins,H03,Thyroid Therapy,183991,3.11,321630,0.54,0.54
202401,Systemic Hormonal Preparations Excl. Sex Hormones and Insulins,H04,Pancreatic Hormones,224,0,4377,0.01,0.01
202401,Systemic Hormonal Preparations Excl. Sex Hormones and Insulins,,,,,,,
202401,Various,V01,Allergens,197,0,15331,0.03,0.03
202401,Various,V03,All Other Therapeutic Products,1701,0.03,146247,0.25,0.25
202401,Various,V04,Diagnostic Agents,11335,0.19,254489,0.43,0.43
202401,Various,V06,General Nutrients,61275,1.03,4013375,6.73,6.73
202401,Various,V07,All Other Non-Therapeutic Products,,,,,6.39
202401,Various,V07 1,Ostomy Requisites,37481,0.63,2051600,3.44,3.44
202401,Various,V07 2,Urinary Requisites,16456,0.28,1308337,2.19,2.19
202401,Various,V07 3,Needles/Syringes/Lancets,10151,0.17,105755,0.18,0.18
202401,Various,V07 4,Dressings,4915,0.08,266483,0.45,0.45
202401,Various,V07 5,Miscellaneous,6381,0.11,80692,0.14,0.14
202401,Various,,,,,,,
202402,Alimentary Tract and Metabolism,A01,Stomatological Preparations,69597,1.24,245452,0.43,0.43
202402,Alimentary Tract and Metabolism,A02,Drugs For Acid Related Disorders,390349,6.93,2184989,3.84,3.84
202402,Alimentary Tract and Metabolism,A03,Drugs For Functional Gastrointestinal Disorders,32443,0.58,175660,0.31,0.31
202402,Alimentary Tract and Metabolism,A04,Antiemetics and Antinauseants,4459,0.08,283459,0.5,0.5
202402,Alimentary Tract and Metabolism,A05,Bile and Liver Therapy,2734,0.05,60611,0.11,0.11
202402,Alimentary Tract and Metabolism,A06,Laxatives,79082,1.4,888865,1.56,1.56
202402,Alimentary Tract and Metabolism,A07,Antidiarrheals Intestinal Antiinflammatory/Antiinfective Agents,23946,0.43,826531,1.45,1.45
202402,Alimentary Tract and Metabolism,A09,Digestives Incl. Enzymes,3720,0.07,189150,0.33,0.33
202402,Alimentary Tract and Metabolism,A10,Drugs Used In Diabetes,89087,1.58,2341409,4.12,4.12
202402,Alimentary Tract and Metabolism,A11,Vitamins,172606,3.07,714301,1.26,1.26
202402,Alimentary Tract and Metabolism,A12,Mineral Supplements,123365,2.19,629249,1.11,1.11
202402,Alimentary Tract and Metabolism,A14,Anabolic Agents For Systemic Use,70,0,679,0,0
202402,Alimentary Tract and Metabolism,A16,Other Alimentary Tract and Metabolism Products,8,0,3159,0.01,0.01
202402,Alimentary Tract and Metabolism,,,,,,,
202402,Antiinfectives For Systemic Use,J01,Antibacterials For Systemic Use,212781,3.78,1183492,2.08,2.08
202402,Antiinfectives For Systemic Use,J02,Antimycotics For Systemic Use,8879,0.16,89515,0.16,0.16
202402,Antiinfectives For Systemic Use,J04,Antimycobacterials,571,0.01,14056,0.02,0.02
202402,Antiinfectives For Systemic Use,J05,Antivirals For Systemic Use,8973,0.16,296651,0.52,0.52
202402,Antiinfectives For Systemic Use,,,,,,,
202402,Antineoplastic and Immunomodulating Agents,L01,Antineoplastic Agents,4058,0.07,119375,0.21,0.21
202402,Antineoplastic and Immunomodulating Agents,L02,Endocrine Therapy,10481,0.19,195593,0.34,0.34
202402,Antineoplastic and Immunomodulating Agents,L04,Immunosuppressive Agents,16677,0.3,287733,0.51,0.51
202402,Antineoplastic and Immunomodulating Agents,,,,,,,
202402,Antiparasitic Products Insecticides and Repellents,P01,Antiprotozoals,10067,0.18,57058,0.1,0.1
202402,Antiparasitic Products Insecticides and Repellents,P02,Anthelmintics,1294,0.02,52515,0.09,0.09
202402,Antiparasitic Products Insecticides and Repellents,P03,Ectoparasiticides Incl. Scabicides Insecticides and Repellents,1709,0.03,23431,0.04,0.04
202402,Antiparasitic Products Insecticides and Repellents,,,,,,,
202402,Blood and Blood Forming Organs,B01,Antithrombotic Agents,260068,4.62,5289168,9.3,9.3
202402,Blood and Blood Forming Organs,B02,Antihemorrhagics,2508,0.04,23099,0.04,0.04
202402,Blood and Blood Forming Organs,B03,Antianemic Preparations,125308,2.23,190432,0.33,0.33
202402,Blood and Blood Forming Organs,,,,,,,
202402,Cardiovascular System,C01,Cardiac Therapy,44893,0.8,602732,1.06,1.06
202402,Cardiovascular System,C02,Antihypertensives,18921,0.34,255505,0.45,0.45
202402,Cardiovascular System,C03,Diuretics,103762,1.84,272315,0.48,0.48
202402,Cardiovascular System,C04,Peripheral Vasodilators,2121,0.04,27921,0.05,0.05
202402,Cardiovascular System,C05,Vasoprotectives,10556,0.19,66906,0.12,0.12
202402,Cardiovascular System,C07,Beta Blocking Agents,174055,3.09,445534,0.78,0.78
202402,Cardiovascular System,C08,Calcium Channel Blockers,154861,2.75,476741,0.84,0.84
202402,Cardiovascular System,C09,Agents Acting On The Renin-Angiotensin System,296928,5.27,2239984,3.94,3.94
202402,Cardiovascular System,C10,Serum Lipid Reducing Agents,372789,6.62,1744244,3.07,3.07
202402,Cardiovascular System,,,,,,,
202402,Dermatologicals,D01,Antifungals For Dermatological Use,33822,0.6,213549,0.38,0.38
202402,Dermatologicals,D02,Emollients and Protectives,20571,0.37,51523,0.09,0.09
202402,Dermatologicals,D03,Preparations For Treatment Of Wounds and Ulcers,32,0,6913,0.01,0.01
202402,Dermatologicals,D05,Antipsoriatics,8372,0.15,298211,0.52,0.52
202402,Dermatologicals,D06,Antibiotics and Chemotherapeutics For Dermatological Use,8282,0.15,55792,0.1,0.1
202402,Dermatologicals,D07,Corticosteroids Dermatological Preparations,41290,0.73,227051,0.4,0.4
202402,Dermatologicals,D10,Anti-Acne Preparations,7502,0.13,102002,0.18,0.18
202402,Dermatologicals,D11,Other Dermatological Preparations,4121,0.07,150215,0.26,0.26
202402,Dermatologicals,,,,,,,
202402,Genito Urinary System and Sex Hormones,G01,Gynecological Antiinfectives and Antiseptics,273,0,2749,0,0
202402,Genito Urinary System and Sex Hormones,G02,Other Gynecologicals,1965,0.03,174933,0.31,0.31
202402,Genito Urinary System and Sex Hormones,G03,Sex Hormones and Modulators Of The Genital System,100913,1.79,882004,1.55,1.55
202402,Genito Urinary System and Sex Hormones,G04,Urologicals,133127,2.36,1835360,3.23,3.23
202402,Genito Urinary System and Sex Hormones,,,,,,,
202402,Musculo-Skeletal System,M01,Antiinflammatory and Antirheumatic Products,98573,1.75,620315,1.09,1.09
202402,Musculo-Skeletal System,M02,Topical Products For Joint and Muscular Pain,80266,1.43,518137,0.91,0.91
202402,Musculo-Skeletal System,M03,Muscle Relaxants,8027,0.14,77407,0.14,0.14
202402,Musculo-Skeletal System,M04,Antigout Preparations,37871,0.67,148374,0.26,0.26
202402,Musculo-Skeletal System,M05,Drugs For Treatment Of Bone Diseases,36475,0.65,1594013,2.8,2.8
202402,Musculo-Skeletal System,M09,Other Drugs For Disorders Of The Musculo-Skeletal System,10653,0.19,131672,0.23,0.23
202402,Musculo-Skeletal System,,,,,,,
202402,Nervous System,N01,Anesthetics,2909,0.05,159020,0.28,0.28
202402,Nervous System,N02,Analgesics,387585,6.88,3008141,5.29,5.29
202402,Nervous System,N03,Antiepileptics,56560,1,1187094,2.09,2.09
202402,Nervous System,N04,Anti-Parkinson Drugs,22667,0.4,291582,0.51,0.51
202402,Nervous System,N05,Psycholeptics,293894,5.22,2165027,3.81,3.81
202402,Nervous System,N06,Psychoanaleptics,383186,6.81,2676725,4.71,4.71
202402,Nervous System,N07,Other Nervous System Drugs,38382,0.68,894540,1.57,1.57
202402,Nervous System,,,,,,,
202402,Respiratory System,R01,Nasal Preparations,63079,1.12,710363,1.25,1.25
202402,Respiratory System,R03,Drugs For Obstructive Airway Diseases,317092,5.63,6155780,10.82,10.82
202402,Respiratory System,R05,Cough and Cold Preparations,24661,0.44,134419,0.24,0.24
202402,Respiratory System,R06,Antihistamines For Systemic Use,92049,1.64,371080,0.65,0.65
202402,Respiratory System,,,,,,,
202402,Sensory Organs,S01,Ophthalmologicals,146080,2.59,1248869,2.2,2.2
202402,Sensory Organs,S02,Otologicals,3715,0.07,18801,0.03,0.03
202402,Sensory Organs,S03,Ophthalmological and Otological Preparations,3017,0.05,5622,0.01,0.01
202402,Sensory Organs,,,,,,,
202402,Systemic Hormonal Preparations Excl. Sex Hormones and Insulins,H01,Pituitary and Hypothalamic Hormones and Analogues,1137,0.02,60492,0.11,0.11
202402,Systemic Hormonal Preparations Excl. Sex Hormones and Insulins,H02,Corticosteroids For Systemic Use,9963,0.18,129346,0.23,0.23
202402,Systemic Hormonal Preparations Excl. Sex Hormones and Insulins,H03,Thyroid Therapy,176746,3.14,309083,0.54,0.54
202402,Systemic Hormonal Preparations Excl. Sex Hormones and Insulins,H04,Pancreatic Hormones,196,0,3849,0.01,0.01
202402,Systemic Hormonal Preparations Excl. Sex Hormones and Insulins,,,,,,,
202402,Various,V01,Allergens,185,0,14182,0.02,0.02
202402,Various,V03,All Other Therapeutic Products,1662,0.03,145154,0.26,0.26
202402,Various,V04,Diagnostic Agents,10894,0.19,236383,0.42,0.42
202402,Various,V06,General Nutrients,57021,1.01,3771766,6.63,6.63
202402,Various,V07,All Other Non-Therapeutic Products,,,,,6.3
202402,Various,V07 1,Ostomy Requisites,35975,0.64,1987318,3.49,3.49
202402,Various,V07 2,Urinary Requisites,15421,0.27,1204052,2.12,2.12
202402,Various,V07 3,Needles/Syringes/Lancets,9371,0.17,94729,0.17,0.17
202402,Various,V07 4,Dressings,4340,0.08,222912,0.39,0.39
202402,Various,V07 5,Miscellaneous,5808,0.1,73907,0.13,0.13
202402,Various,,,,,,,
202403,Alimentary Tract and Metabolism,A01,Stomatological Preparations,70725,1.24,247823,0.43,0.43
202403,Alimentary Tract and Metabolism,A02,Drugs For Acid Related Disorders,394748,6.91,2212420,3.86,3.86
202403,Alimentary Tract and Metabolism,A03,Drugs For Functional Gastrointestinal Disorders,32583,0.57,175676,0.31,0.31
202403,Alimentary Tract and Metabolism,A04,Antiemetics and Antinauseants,4494,0.08,286020,0.5,0.5
202403,Alimentary Tract and Metabolism,A05,Bile and Liver Therapy,2767,0.05,61293,0.11,0.11
202403,Alimentary Tract and Metabolism,A06,Laxatives,79825,1.4,895403,1.56,1.56
202403,Alimentary Tract and Metabolism,A07,Antidiarrheals Intestinal Antiinflammatory/Antiinfective Agents,24840,0.44,838795,1.46,1.46
202403,Alimentary Tract and Metabolism,A09,Digestives Incl. Enzymes,3699,0.06,187713,0.33,0.33
202403,Alimentary Tract and Metabolism,A10,Drugs Used In Diabetes,91073,1.59,2410304,4.2,4.2
202403,Alimentary Tract and Metabolism,A11,Vitamins,177120,3.1,718141,1.25,1.25
202403,Alimentary Tract and Metabolism,A12,Mineral Supplements,125493,2.2,643280,1.12,1.12
202403,Alimentary Tract and Metabolism,A14,Anabolic Agents For Systemic Use,81,0,729,0,0
202403,Alimentary Tract and Metabolism,A16,Other Alimentary Tract and Metabolism Products,7,0,3081,0.01,0.01
202403,Alimentary Tract and Metabolism,,,,,,,
202403,Antiinfectives For Systemic Use,J01,Antibacterials For Systemic Use,219375,3.84,1218063,2.12,2.12
202403,Antiinfectives For Systemic Use,J02,Antimycotics For Systemic Use,8796,0.15,87547,0.15,0.15
202403,Antiinfectives For Systemic Use,J04,Antimycobacterials,605,0.01,15678,0.03,0.03
202403,Antiinfectives For Systemic Use,J05,Antivirals For Systemic Use,8127,0.14,280172,0.49,0.49
202403,Antiinfectives For Systemic Use,,,,,,,
202403,Antineoplastic and Immunomodulating Agents,L01,Antineoplastic Agents,3971,0.07,115885,0.2,0.2
202403,Antineoplastic and Immunomodulating Agents,L02,Endocrine Therapy,10675,0.19,197998,0.35,0.35
202403,Antineoplastic and Immunomodulating Agents,L04,Immunosuppressive Agents,16922,0.3,290145,0.51,0.51
202403,Antineoplastic and Immunomodulating Agents,,,,,,,
202403,Antiparasitic Products Insecticides and Repellents,P01,Antiprotozoals,10003,0.18,57530,0.1,0.1
202403,Antiparasitic Products Insecticides and Repellents,P02,Anthelmintics,1359,0.02,59828,0.1,0.1
202403,Antiparasitic Products Insecticides and Repellents,P03,Ectoparasiticides Incl. Scabicides Insecticides and Repellents,1613,0.03,22532,0.04,0.04
202403,Antiparasitic Products Insecticides and Repellents,,,,,,,
202403,Blood and Blood Forming Organs,B01,Antithrombotic Agents,263681,4.62,5350104,9.32,9.32
202403,Blood and Blood Forming Organs,B02,Antihemorrhagics,2490,0.04,22032,0.04,0.04
202403,Blood and Blood Forming Organs,B03,Antianemic Preparations,127985,2.24,194133,0.34,0.34
202403,Blood and Blood Forming Organs,,,,,,,
202403,Cardiovascular System,C01,Cardiac Therapy,45490,0.8,538751,0.94,0.94
202403,Cardiovascular System,C02,Antihypertensives,19337,0.34,265039,0.46,0.46
202403,Cardiovascular System,C03,Diuretics,105028,1.84,274943,0.48,0.48
202403,Cardiovascular System,C04,Peripheral Vasodilators,2199,0.04,29181,0.05,0.05
202403,Cardiovascular System,C05,Vasoprotectives,10461,0.18,68434,0.12,0.12
202403,Cardiovascular System,C07,Beta Blocking Agents,176458,3.09,448939,0.78,0.78
202403,Cardiovascular System,C08,Calcium Channel Blockers,158420,2.77,486555,0.85,0.85
202403,Cardiovascular System,C09,Agents Acting On The Renin-Angiotensin System,302392,5.3,2249768,3.92,3.92
202403,Cardiovascular System,C10,Serum Lipid Reducing Agents,379917,6.65,1784768,3.11,3.11
202403,Cardiovascular System,,,,,,,
202403,Dermatologicals,D01,Antifungals For Dermatological Use,33864,0.59,211426,0.37,0.37
202403,Dermatologicals,D02,Emollients and Protectives,21166,0.37,53228,0.09,0.09
202403,Dermatologicals,D03,Preparations For Treatment Of Wounds and Ulcers,36,0,7659,0.01,0.01
202403,Dermatologicals,D05,Antipsoriatics,8393,0.15,299597,0.52,0.52
202403,Dermatologicals,D06,Antibiotics and Chemotherapeutics For Dermatological Use,8710,0.15,57650,0.1,0.1
202403,Dermatologicals,D07,Corticosteroids Dermatological Preparations,42094,0.74,226434,0.39,0.39
202403,Dermatologicals,D10,Anti-Acne Preparations,7538,0.13,102603,0.18,0.18
202403,Dermatologicals,D11,Other Dermatological Preparations,4209,0.07,151251,0.26,0.26
202403,Dermatologicals,,,,,,,
202403,Genito Urinary System and Sex Hormones,G01,Gynecological Antiinfectives and Antiseptics,294,0.01,2971,0.01,0.01
202403,Genito Urinary System and Sex Hormones,G02,Other Gynecologicals,1930,0.03,167070,0.29,0.29
202403,Genito Urinary System and Sex Hormones,G03,Sex Hormones and Modulators Of The Genital System,102862,1.8,888505,1.55,1.55
202403,Genito Urinary System and Sex Hormones,G04,Urologicals,134852,2.36,1848498,3.22,3.22
202403,Genito Urinary System and Sex Hormones,,,,,,,
202403,Musculo-Skeletal System,M01,Antiinflammatory and Antirheumatic Products,97277,1.7,621826,1.08,1.08
202403,Musculo-Skeletal System,M02,Topical Products For Joint and Muscular Pain,81129,1.42,522991,0.91,0.91
202403,Musculo-Skeletal System,M03,Muscle Relaxants,8183,0.14,76107,0.13,0.13
202403,Musculo-Skeletal System,M04,Antigout Preparations,38405,0.67,149786,0.26,0.26
202403,Musculo-Skeletal System,M05,Drugs For Treatment Of Bone Diseases,37230,0.65,1626632,2.83,2.83
202403,Musculo-Skeletal System,M09,Other Drugs For Disorders Of The Musculo-Skeletal System,10828,0.19,130994,0.23,0.23
202403,Musculo-Skeletal System,,,,,,,
202403,Nervous System,N01,Anesthetics,2886,0.05,158459,0.28,0.28
202403,Nervous System,N02,Analgesics,390964,6.85,3038088,5.29,5.29
202403,Nervous System,N03,Antiepileptics,56842,1,1185059,2.07,2.07
202403,Nervous System,N04,Anti-Parkinson Drugs,22674,0.4,287599,0.5,0.5
202403,Nervous System,N05,Psycholeptics,294469,5.16,2172748,3.79,3.79
202403,Nervous System,N06,Psychoanaleptics,387050,6.78,2719446,4.74,4.74
202403,Nervous System,N07,Other Nervous System Drugs,38272,0.67,892106,1.55,1.55
202403,Nervous System,,,,,,,
202403,Respiratory System,R01,Nasal Preparations,64313,1.13,721613,1.26,1.26
202403,Respiratory System,R03,Drugs For Obstructive Airway Diseases,320960,5.62,6189737,10.79,10.79
202403,Respiratory System,R05,Cough and Cold Preparations,24953,0.44,137388,0.24,0.24
202403,Respiratory System,R06,Antihistamines For Systemic Use,94800,1.66,382196,0.67,0.67
202403,Respiratory System,,,,,,,
202403,Sensory Organs,S01,Ophthalmologicals,149483,2.62,1270639,2.21,2.21
202403,Sensory Organs,S02,Otologicals,3557,0.06,17288,0.03,0.03
202403,Sensory Organs,S03,Ophthalmological and Otological Preparations,3512,0.06,6669,0.01,0.01
202403,Sensory Organs,,,,,,,
202403,Systemic Hormonal Preparations Excl. Sex Hormones and Insulins,H01,Pituitary and Hypothalamic Hormones and Analogues,1138,0.02,60048,0.1,0.1
202403,Systemic Hormonal Preparations Excl. Sex Hormones and Insulins,H02,Corticosteroids For Systemic Use,10133,0.18,131243,0.23,0.23
202403,Systemic Hormonal Preparations Excl. Sex Hormones and Insulins,H03,Thyroid Therapy,179821,3.15,314322,0.55,0.55
202403,Systemic Hormonal Preparations Excl. Sex Hormones and Insulins,H04,Pancreatic Hormones,201,0,4016,0.01,0.01
202403,Systemic Hormonal Preparations Excl. Sex Hormones and Insulins,,,,,,,
202403,Various,V01,Allergens,196,0,14828,0.03,0.03
202403,Various,V03,All Other Therapeutic Products,1642,0.03,139257,0.24,0.24
202403,Various,V04,Diagnostic Agents,10892,0.19,235717,0.41,0.41
202403,Various,V06,General Nutrients,58236,1.02,3805820,6.63,6.63
202403,Various,V07,All Other Non-Therapeutic Products,,,,,6.3
202403,Various,V07 1,Ostomy Requisites,36728,0.64,2030937,3.54,3.54
202403,Various,V07 2,Urinary Requisites,15605,0.27,1206818,2.1,2.1
202403,Various,V07 3,Needles/Syringes/Lancets,9472,0.17,95561,0.17,0.17
202403,Various,V07 4,Dressings,4108,0.07,214917,0.37,0.37
202403,Various,V07 5,Miscellaneous,5412,0.09,65714,0.11,0.11
202403,Various,,,,,,,
202404,Alimentary Tract and Metabolism,A01,Stomatological Preparations,69750,1.21,245682,0.42,0.42
202404,Alimentary Tract and Metabolism,A02,Drugs For Acid Related Disorders,397491,6.91,2223920,3.83,3.83
202404,Alimentary Tract and Metabolism,A03,Drugs For Functional Gastrointestinal Disorders,33163,0.58,184286,0.32,0.32
202404,Alimentary Tract and Metabolism,A04,Antiemetics and Antinauseants,4407,0.08,285652,0.49,0.49
202404,Alimentary Tract and Metabolism,A05,Bile and Liver Therapy,2808,0.05,61921,0.11,0.11
202404,Alimentary Tract and Metabolism,A06,Laxatives,80810,1.4,903588,1.56,1.56
202404,Alimentary Tract and Metabolism,A07,Antidiarrheals Intestinal Antiinflammatory/Antiinfective Agents,25252,0.44,845615,1.46,1.46
202404,Alimentary Tract and Metabolism,A09,Digestives Incl. Enzymes,3514,0.06,159806,0.28,0.28
202404,Alimentary Tract and Metabolism,A10,Drugs Used In Diabetes,92863,1.61,2490414,4.29,4.29
202404,Alimentary Tract and Metabolism,A11,Vitamins,179575,3.12,724859,1.25,1.25
202404,Alimentary Tract and Metabolism,A12,Mineral Supplements,126033,2.19,645163,1.11,1.11
202404,Alimentary Tract and Metabolism,A14,Anabolic Agents For Systemic Use,86,0,773,0,0
202404,Alimentary Tract and Metabolism,A16,Other Alimentary Tract and Metabolism Products,12,0,3588,0.01,0.01
202404,Alimentary Tract and Metabolism,,,,,,,
202404,Antiinfectives For Systemic Use,J01,Antibacterials For Systemic Use,214284,3.72,1201120,2.07,2.07
202404,Antiinfectives For Systemic Use,J02,Antimycotics For Systemic Use,9184,0.16,89928,0.15,0.15
202404,Antiinfectives For Systemic Use,J04,Antimycobacterials,608,0.01,16514,0.03,0.03
202404,Antiinfectives For Systemic Use,J05,Antivirals For Systemic Use,7799,0.14,283758,0.49,0.49
202404,Antiinfectives For Systemic Use,,,,,,,
202404,Antineoplastic and Immunomodulating Agents,L01,Antineoplastic Agents,4093,0.07,118723,0.2,0.2
202404,Antineoplastic and Immunomodulating Agents,L02,Endocrine Therapy,10727,0.19,197262,0.34,0.34
202404,Antineoplastic and Immunomodulating Agents,L04,Immunosuppressive Agents,17151,0.3,293659,0.51,0.51
202404,Antineoplastic and Immunomodulating Agents,,,,,,,
202404,Antiparasitic Products Insecticides and Repellents,P01,Antiprotozoals,10133,0.18,57875,0.1,0.1
202404,Antiparasitic Products Insecticides and Repellents,P02,Anthelmintics,1172,0.02,46297,0.08,0.08
202404,Antiparasitic Products Insecticides and Repellents,P03,Ectoparasiticides Incl. Scabicides Insecticides and Repellents,1691,0.03,23904,0.04,0.04
202404,Antiparasitic Products Insecticides and Repellents,,,,,,,
202404,Blood and Blood Forming Organs,B01,Antithrombotic Agents,263251,4.57,5364692,9.24,9.24
202404,Blood and Blood Forming Organs,B02,Antihemorrhagics,2342,0.04,21438,0.04,0.04
202404,Blood and Blood Forming Organs,B03,Antianemic Preparations,128806,2.24,192255,0.33,0.33
202404,Blood and Blood Forming Organs,B05,Blood Substitutes and Perfusion Solutions,4,0,9,0,0
202404,Blood and Blood Forming Organs,,,,,,,
202404,Cardiovascular System,C01,Cardiac Therapy,45793,0.8,541389,0.93,0.93
202404,Cardiovascular System,C02,Antihypertensives,19298,0.34,266147,0.46,0.46
202404,Cardiovascular System,C03,Diuretics,107084,1.86,276816,0.48,0.48
202404,Cardiovascular System,C04,Peripheral Vasodilators,2158,0.04,28066,0.05,0.05
202404,Cardiovascular System,C05,Vasoprotectives,10856,0.19,68925,0.12,0.12
202404,Cardiovascular System,C07,Beta Blocking Agents,176344,3.06,450177,0.78,0.78
202404,Cardiovascular System,C08,Calcium Channel Blockers,158663,2.76,485007,0.84,0.84
202404,Cardiovascular System,C09,Agents Acting On The Renin-Angiotensin System,303058,5.27,2263016,3.9,3.9
202404,Cardiovascular System,C10,Serum Lipid Reducing Agents,380694,6.62,1798674,3.1,3.1
202404,Cardiovascular System,,,,,,,
202404,Dermatologicals,D01,Antifungals For Dermatological Use,35880,0.62,225036,0.39,0.39
202404,Dermatologicals,D02,Emollients and Protectives,21860,0.38,54391,0.09,0.09
202404,Dermatologicals,D03,Preparations For Treatment Of Wounds and Ulcers,44,0,10223,0.02,0.02
202404,Dermatologicals,D05,Antipsoriatics,8674,0.15,311979,0.54,0.54
202404,Dermatologicals,D06,Antibiotics and Chemotherapeutics For Dermatological Use,9072,0.16,59772,0.1,0.1
202404,Dermatologicals,D07,Corticosteroids Dermatological Preparations,41119,0.71,230258,0.4,0.4
202404,Dermatologicals,D10,Anti-Acne Preparations,8072,0.14,110010,0.19,0.19
202404,Dermatologicals,D11,Other Dermatological Preparations,4595,0.08,163426,0.28,0.28
202404,Dermatologicals,,,,,,,
202404,Genito Urinary System and Sex Hormones,G01,Gynecological Antiinfectives and Antiseptics,293,0.01,3472,0.01,0.01
202404,Genito Urinary System and Sex Hormones,G02,Other Gynecologicals,2031,0.04,187153,0.32,0.32
202404,Genito Urinary System and Sex Hormones,G03,Sex Hormones and Modulators Of The Genital System,104710,1.82,916264,1.58,1.58
202404,Genito Urinary System and Sex Hormones,G04,Urologicals,135548,2.36,1861252,3.21,3.21
202404,Genito Urinary System and Sex Hormones,,,,,,,
202404,Musculo-Skeletal System,M01,Antiinflammatory and Antirheumatic Products,98922,1.72,642216,1.11,1.11
202404,Musculo-Skeletal System,M02,Topical Products For Joint and Muscular Pain,82921,1.44,535592,0.92,0.92
202404,Musculo-Skeletal System,M03,Muscle Relaxants,8413,0.15,78028,0.13,0.13
202404,Musculo-Skeletal System,M04,Antigout Preparations,38596,0.67,150007,0.26,0.26
202404,Musculo-Skeletal System,M05,Drugs For Treatment Of Bone Diseases,37458,0.65,1644960,2.83,2.83
202404,Musculo-Skeletal System,M09,Other Drugs For Disorders Of The Musculo-Skeletal System,10817,0.19,139661,0.24,0.24
202404,Musculo-Skeletal System,,,,,,,
202404,Nervous System,N01,Anesthetics,3099,0.05,159363,0.27,0.27
202404,Nervous System,N02,Analgesics,395325,6.87,3063736,5.28,5.28
202404,Nervous System,N03,Antiepileptics,57634,1,1210956,2.09,2.09
202404,Nervous System,N04,Anti-Parkinson Drugs,23093,0.4,293517,0.51,0.51
202404,Nervous System,N05,Psycholeptics,298446,5.19,2196062,3.78,3.78
202404,Nervous System,N06,Psychoanaleptics,391228,6.8,2742263,4.73,4.73
202404,Nervous System,N07,Other Nervous System Drugs,38352,0.67,892985,1.54,1.54
202404,Nervous System,,,,,,,
202404,Respiratory System,R01,Nasal Preparations,66351,1.15,740163,1.28,1.28
202404,Respiratory System,R03,Drugs For Obstructive Airway Diseases,320313,5.57,6189224,10.66,10.66
202404,Respiratory System,R05,Cough and Cold Preparations,25500,0.44,144795,0.25,0.25
202404,Respiratory System,R06,Antihistamines For Systemic Use,100758,1.75,402042,0.69,0.69
202404,Respiratory System,,,,,,,
202404,Sensory Organs,S01,Ophthalmologicals,149007,2.59,1257963,2.17,2.17
202404,Sensory Organs,S02,Otologicals,3194,0.06,15498,0.03,0.03
202404,Sensory Organs,S03,Ophthalmological and Otological Preparations,5201,0.09,9566,0.02,0.02
202404,Sensory Organs,,,,,,,
202404,Systemic Hormonal Preparations Excl. Sex Hormones and Insulins,H01,Pituitary and Hypothalamic Hormones and Analogues,1138,0.02,60276,0.1,0.1
202404,Systemic Hormonal Preparations Excl. Sex Hormones and Insulins,H02,Corticosteroids For Systemic Use,10588,0.18,132227,0.23,0.23
202404,Systemic Hormonal Preparations Excl. Sex Hormones and Insulins,H03,Thyroid Therapy,180601,3.14,314973,0.54,0.54
202404,Systemic Hormonal Preparations Excl. Sex Hormones and Insulins,H04,Pancreatic Hormones,216,0,4078,0.01,0.01
202404,Systemic Hormonal Preparations Excl. Sex Hormones and Insulins,,,,,,,
202404,Various,V01,Allergens,219,0,16722,0.03,0.03
202404,Various,V03,All Other Therapeutic Products,1725,0.03,145576,0.25,0.25
202404,Various,V04,Diagnostic Agents,11027,0.19,237999,0.41,0.41
202404,Various,V06,General Nutrients,59664,1.04,3914007,6.74,6.74
202404,Various,V07,All Other Non-Therapeutic Products,,,,,6.39
202404,Various,V07 1,Ostomy Requisites,37044,0.64,2053165,3.54,3.54
202404,Various,V07 2,Urinary Requisites,15913,0.28,1252408,2.16,2.16
202404,Various,V07 3,Needles/Syringes/Lancets,9722,0.17,100238,0.17,0.17
202404,Various,V07 4,Dressings,4545,0.08,241279,0.42,0.42
202404,Various,V07 5,Miscellaneous,4951,0.09,59150,0.1,0.1
202404,Various,,,,,,,
202405,Alimentary Tract and Metabolism,A01,Stomatological Preparations,69955,1.17,246181,0.41,0.41
202405,Alimentary Tract and Metabolism,A02,Drugs For Acid Related Disorders,412818,6.89,2318011,3.82,3.82
202405,Alimentary Tract and Metabolism,A03,Drugs For Functional Gastrointestinal Disorders,34619,0.58,192722,0.32,0.32
202405,Alimentary Tract and Metabolism,A04,Antiemetics and Antinauseants,4829,0.08,303612,0.5,0.5
202405,Alimentary Tract and Metabolism,A05,Bile and Liver Therapy,2895,0.05,64272,0.11,0.11
202405,Alimentary Tract and Metabolism,A06,Laxatives,83757,1.4,934611,1.54,1.54
202405,Alimentary Tract and Metabolism,A07,Antidiarrheals Intestinal Antiinflammatory/Antiinfective Agents,26264,0.44,865415,1.43,1.43
202405,Alimentary Tract and Metabolism,A09,Digestives Incl. Enzymes,4282,0.07,209847,0.35,0.35
202405,Alimentary Tract and Metabolism,A10,Drugs Used In Diabetes,97194,1.62,2634361,4.34,4.34
202405,Alimentary Tract and Metabolism,A11,Vitamins,186554,3.11,751882,1.24,1.24
202405,Alimentary Tract and Metabolism,A12,Mineral Supplements,130744,2.18,669935,1.1,1.1
202405,Alimentary Tract and Metabolism,A14,Anabolic Agents For Systemic Use,86,0,807,0,0
202405,Alimentary Tract and Metabolism,A16,Other Alimentary Tract and Metabolism Products,12,0,2789,0,0
202405,Alimentary Tract and Metabolism,,,,,,,
202405,Antiinfectives For Systemic Use,J01,Antibacterials For Systemic Use,219047,3.66,1236356,2.04,2.04
202405,Antiinfectives For Systemic Use,J02,Antimycotics For Systemic Use,9722,0.16,91415,0.15,0.15
202405,Antiinfectives For Systemic Use,J04,Antimycobacterials,680,0.01,18778,0.03,0.03
202405,Antiinfectives For Systemic Use,J05,Antivirals For Systemic Use,7964,0.13,289478,0.48,0.48
202405,Antiinfectives For Systemic Use,,,,,,,
202405,Antineoplastic and Immunomodulating Agents,L01,Antineoplastic Agents,4316,0.07,127270,0.21,0.21
202405,Antineoplastic and Immunomodulating Agents,L02,Endocrine Therapy,11055,0.18,204666,0.34,0.34
202405,Antineoplastic and Immunomodulating Agents,L04,Immunosuppressive Agents,17923,0.3,306073,0.5,0.5
202405,Antineoplastic and Immunomodulating Agents,,,,,,,
202405,Antiparasitic Products Insecticides and Repellents,P01,Antiprotozoals,10901,0.18,71341,0.12,0.12
202405,Antiparasitic Products Insecticides and Repellents,P02,Anthelmintics,1157,0.02,46271,0.08,0.08
202405,Antiparasitic Products Insecticides and Repellents,P03,Ectoparasiticides Incl. Scabicides Insecticides and Repellents,1534,0.03,22169,0.04,0.04
202405,Antiparasitic Products Insecticides and Repellents,,,,,,,
202405,Blood and Blood Forming Organs,B01,Antithrombotic Agents,272946,4.56,5579114,9.2,9.2
202405,Blood and Blood Forming Organs,B02,Antihemorrhagics,2694,0.04,25575,0.04,0.04
202405,Blood and Blood Forming Organs,B03,Antianemic Preparations,135444,2.26,211130,0.35,0.35
202405,Blood and Blood Forming Organs,,,,,,,
202405,Cardiovascular System,C01,Cardiac Therapy,47395,0.79,565253,0.93,0.93
202405,Cardiovascular System,C02,Antihypertensives,20052,0.33,280472,0.46,0.46
202405,Cardiovascular System,C03,Diuretics,111499,1.86,288736,0.48,0.48
202405,Cardiovascular System,C04,Peripheral Vasodilators,2257,0.04,29941,0.05,0.05
202405,Cardiovascular System,C05,Vasoprotectives,11348,0.19,73030,0.12,0.12
202405,Cardiovascular System,C07,Beta Blocking Agents,182802,3.05,469807,0.77,0.77
202405,Cardiovascular System,C08,Calcium Channel Blockers,165007,2.75,504657,0.83,0.83
202405,Cardiovascular System,C09,Agents Acting On The Renin-Angiotensin System,315061,5.26,2366437,3.9,3.9
202405,Cardiovascular System,C10,Serum Lipid Reducing Agents,395920,6.61,1883269,3.1,3.1
202405,Cardiovascular System,,,,,,,
202405,Dermatologicals,D01,Antifungals For Dermatological Use,38242,0.64,245360,0.4,0.4
202405,Dermatologicals,D02,Emollients and Protectives,22570,0.38,56888,0.09,0.09
202405,Dermatologicals,D03,Preparations For Treatment Of Wounds and Ulcers,45,0,10006,0.02,0.02
202405,Dermatologicals,D05,Antipsoriatics,8932,0.15,321154,0.53,0.53
202405,Dermatologicals,D06,Antibiotics and Chemotherapeutics For Dermatological Use,9537,0.16,63514,0.1,0.1
202405,Dermatologicals,D07,Corticosteroids Dermatological Preparations,42203,0.7,240062,0.4,0.4
202405,Dermatologicals,D10,Anti-Acne Preparations,8172,0.14,110486,0.18,0.18
202405,Dermatologicals,D11,Other Dermatological Preparations,4799,0.08,174682,0.29,0.29
202405,Dermatologicals,,,,,,,
202405,Genito Urinary System and Sex Hormones,G01,Gynecological Antiinfectives and Antiseptics,277,0,3021,0,0
202405,Genito Urinary System and Sex Hormones,G02,Other Gynecologicals,2077,0.03,182777,0.3,0.3
202405,Genito Urinary System and Sex Hormones,G03,Sex Hormones and Modulators Of The Genital System,109241,1.82,949104,1.56,1.56
202405,Genito Urinary System and Sex Hormones,G04,Urologicals,140334,2.34,1935232,3.19,3.19
202405,Genito Urinary System and Sex Hormones,,,,,,,
202405,Musculo-Skeletal System,M01,Antiinflammatory and Antirheumatic Products,103652,1.73,674924,1.11,1.11
202405,Musculo-Skeletal System,M02,Topical Products For Joint and Muscular Pain,87474,1.46,565796,0.93,0.93
202405,Musculo-Skeletal System,M03,Muscle Relaxants,8755,0.15,80344,0.13,0.13
202405,Musculo-Skeletal System,M04,Antigout Preparations,40273,0.67,156068,0.26,0.26
202405,Musculo-Skeletal System,M05,Drugs For Treatment Of Bone Diseases,39397,0.66,1789229,2.95,2.95
202405,Musculo-Skeletal System,M09,Other Drugs For Disorders Of The Musculo-Skeletal System,11298,0.19,146764,0.24,0.24
202405,Musculo-Skeletal System,,,,,,,
202405,Nervous System,N01,Anesthetics,3161,0.05,158841,0.26,0.26
202405,Nervous System,N02,Analgesics,410521,6.85,3184498,5.25,5.25
202405,Nervous System,N03,Antiepileptics,59418,0.99,1259583,2.08,2.08
202405,Nervous System,N04,Anti-Parkinson Drugs,23787,0.4,301686,0.5,0.5
202405,Nervous System,N05,Psycholeptics,308634,5.15,2275835,3.75,3.75
202405,Nervous System,N06,Psychoanaleptics,405414,6.77,2844231,4.69,4.69
202405,Nervous System,N07,Other Nervous System Drugs,39852,0.67,926809,1.53,1.53
202405,Nervous System,,,,,,,
202405,Respiratory System,R01,Nasal Preparations,71504,1.19,798804,1.32,1.32
202405,Respiratory System,R03,Drugs For Obstructive Airway Diseases,331591,5.54,6446684,10.63,10.63
202405,Respiratory System,R05,Cough and Cold Preparations,25603,0.43,153939,0.25,0.25
202405,Respiratory System,R06,Antihistamines For Systemic Use,113412,1.89,469545,0.77,0.77
202405,Respiratory System,,,,,,,
202405,Sensory Organs,S01,Ophthalmologicals,159488,2.66,1323748,2.18,2.18
202405,Sensory Organs,S02,Otologicals,3193,0.05,15497,0.03,0.03
202405,Sensory Organs,S03,Ophthalmological and Otological Preparations,5554,0.09,9964,0.02,0.02
202405,Sensory Organs,,,,,,,
202405,Systemic Hormonal Preparations Excl. Sex Hormones and Insulins,H01,Pituitary and Hypothalamic Hormones and Analogues,1223,0.02,64465,0.11,0.11
202405,Systemic Hormonal Preparations Excl. Sex Hormones and Insulins,H02,Corticosteroids For Systemic Use,10938,0.18,135669,0.22,0.22
202405,Systemic Hormonal Preparations Excl. Sex Hormones and Insulins,H03,Thyroid Therapy,187118,3.12,328522,0.54,0.54
202405,Systemic Hormonal Preparations Excl. Sex Hormones and Insulins,H04,Pancreatic Hormones,218,0,4233,0.01,0.01
202405,Systemic Hormonal Preparations Excl. Sex Hormones and Insulins,,,,,,,
202405,Various,V01,Allergens,205,0,15487,0.03,0.03
202405,Various,V03,All Other Therapeutic Products,1732,0.03,143615,0.24,0.24
202405,Various,V04,Diagnostic Agents,11184,0.19,244131,0.4,0.4
202405,Various,V06,General Nutrients,62694,1.05,4060390,6.69,6.69
202405,Various,V07,All Other Non-Therapeutic Products,,,,,6.44
202405,Various,V07 1,Ostomy Requisites,39276,0.66,2161012,3.56,3.56
202405,Various,V07 2,Urinary Requisites,16853,0.28,1342702,2.21,2.21
202405,Various,V07 3,Needles/Syringes/Lancets,10044,0.17,105030,0.17,0.17
202405,Various,V07 4,Dressings,4746,0.08,237189,0.39,0.39
202405,Various,V07 5,Miscellaneous,4583,0.08,59077,0.1,0.1
202405,Various,,,,,,,
202406,Alimentary Tract and Metabolism,A01,Stomatological Preparations,60523,1.09,213674,0.38,0.38
202406,Alimentary Tract and Metabolism,A02,Drugs For Acid Related Disorders,385437,6.94,2165340,3.83,3.83
202406,Alimentary Tract and Metabolism,A03,Drugs For Functional Gastrointestinal Disorders,31936,0.57,178377,0.32,0.32
202406,Alimentary Tract and Metabolism,A04,Antiemetics and Antinauseants,4258,0.08,274416,0.49,0.49
202406,Alimentary Tract and Metabolism,A05,Bile and Liver Therapy,2794,0.05,61468,0.11,0.11
202406,Alimentary Tract and Metabolism,A06,Laxatives,77165,1.39,864785,1.53,1.53
202406,Alimentary Tract and Metabolism,A07,Antidiarrheals Intestinal Antiinflammatory/Antiinfective Agents,23667,0.43,807915,1.43,1.43
202406,Alimentary Tract and Metabolism,A09,Digestives Incl. Enzymes,3644,0.07,188430,0.33,0.33
202406,Alimentary Tract and Metabolism,A10,Drugs Used In Diabetes,92685,1.67,2551161,4.51,4.51
202406,Alimentary Tract and Metabolism,A11,Vitamins,174417,3.14,692288,1.23,1.23
202406,Alimentary Tract and Metabolism,A12,Mineral Supplements,122916,2.21,628875,1.11,1.11
202406,Alimentary Tract and Metabolism,A14,Anabolic Agents For Systemic Use,88,0,821,0,0
202406,Alimentary Tract and Metabolism,A16,Other Alimentary Tract and Metabolism Products,12,0,3608,0.01,0.01
202406,Alimentary Tract and Metabolism,,,,,,,
202406,Antiinfectives For Systemic Use,J01,Antibacterials For Systemic Use,186921,3.36,1085339,1.92,1.92
202406,Antiinfectives For Systemic Use,J02,Antimycotics For Systemic Use,8432,0.15,81279,0.14,0.14
202406,Antiinfectives For Systemic Use,J04,Antimycobacterials,578,0.01,14902,0.03,0.03
202406,Antiinfectives For Systemic Use,J05,Antivirals For Systemic Use,7218,0.13,261825,0.46,0.46
202406,Antiinfectives For Systemic Use,,,,,,,
202406,Antineoplastic and Immunomodulating Agents,L01,Antineoplastic Agents,3927,0.07,108633,0.19,0.19
202406,Antineoplastic and Immunomodulating Agents,L02,Endocrine Therapy,10357,0.19,190793,0.34,0.34
202406,Antineoplastic and Immunomodulating Agents,L04,Immunosuppressive Agents,16529,0.3,292650,0.52,0.52
202406,Antineoplastic and Immunomodulating Agents,,,,,,,
202406,Antiparasitic Products Insecticides and Repellents,P01,Antiprotozoals,10117,0.18,78670,0.14,0.14
202406,Antiparasitic Products Insecticides and Repellents,P02,Anthelmintics,865,0.02,33031,0.06,0.06
202406,Antiparasitic Products Insecticides and Repellents,P03,Ectoparasiticides Incl. Scabicides Insecticides and Repellents,1485,0.03,21320,0.04,0.04
202406,Antiparasitic Products Insecticides and Repellents,,,,,,,
202406,Blood and Blood Forming Organs,B01,Antithrombotic Agents,256875,4.62,5257684,9.3,9.3
202406,Blood and Blood Forming Organs,B02,Antihemorrhagics,2492,0.04,23975,0.04,0.04
202406,Blood and Blood Forming Organs,B03,Antianemic Preparations,127506,2.29,196987,0.35,0.35
202406,Blood and Blood Forming Organs,B05,Blood Substitutes and Perfusion Solutions,3,0,22,0,0
202406,Blood and Blood Forming Organs,,,,,,,
202406,Cardiovascular System,C01,Cardiac Therapy,44569,0.8,533809,0.94,0.94
202406,Cardiovascular System,C02,Antihypertensives,18821,0.34,262322,0.46,0.46
202406,Cardiovascular System,C03,Diuretics,104203,1.87,276380,0.49,0.49
202406,Cardiovascular System,C04,Peripheral Vasodilators,2118,0.04,27276,0.05,0.05
202406,Cardiovascular System,C05,Vasoprotectives,10156,0.18,65139,0.12,0.12
202406,Cardiovascular System,C07,Beta Blocking Agents,172172,3.1,440389,0.78,0.78
202406,Cardiovascular System,C08,Calcium Channel Blockers,155073,2.79,474449,0.84,0.84
202406,Cardiovascular System,C09,Agents Acting On The Renin-Angiotensin System,295743,5.32,2215324,3.92,3.92
202406,Cardiovascular System,C10,Serum Lipid Reducing Agents,372730,6.71,1783815,3.16,3.16
202406,Cardiovascular System,,,,,,,
202406,Dermatologicals,D01,Antifungals For Dermatological Use,34099,0.61,221454,0.39,0.39
202406,Dermatologicals,D02,Emollients and Protectives,20606,0.37,51535,0.09,0.09
202406,Dermatologicals,D03,Preparations For Treatment Of Wounds and Ulcers,45,0,8930,0.02,0.02
202406,Dermatologicals,D05,Antipsoriatics,8098,0.15,293678,0.52,0.52
202406,Dermatologicals,D06,Antibiotics and Chemotherapeutics For Dermatological Use,8333,0.15,54579,0.1,0.1
202406,Dermatologicals,D07,Corticosteroids Dermatological Preparations,36874,0.66,212215,0.38,0.38
202406,Dermatologicals,D10,Anti-Acne Preparations,7015,0.13,94606,0.17,0.17
202406,Dermatologicals,D11,Other Dermatological Preparations,4415,0.08,156280,0.28,0.28
202406,Dermatologicals,,,,,,,
202406,Genito Urinary System and Sex Hormones,G01,Gynecological Antiinfectives and Antiseptics,254,0,2842,0.01,0.01
202406,Genito Urinary System and Sex Hormones,G02,Other Gynecologicals,1870,0.03,163967,0.29,0.29
202406,Genito Urinary System and Sex Hormones,G03,Sex Hormones and Modulators Of The Genital System,101762,1.83,874389,1.55,1.55
202406,Genito Urinary System and Sex Hormones,G04,Urologicals,132885,2.39,1832918,3.24,3.24
202406,Genito Urinary System and Sex Hormones,,,,,,,
202406,Musculo-Skeletal System,M01,Antiinflammatory and Antirheumatic Products,91891,1.65,603018,1.07,1.07
202406,Musculo-Skeletal System,M02,Topical Products For Joint and Muscular Pain,80053,1.44,519893,0.92,0.92
202406,Musculo-Skeletal System,M03,Muscle Relaxants,8185,0.15,75161,0.13,0.13
202406,Musculo-Skeletal System,M04,Antigout Preparations,37848,0.68,146908,0.26,0.26
202406,Musculo-Skeletal System,M05,Drugs For Treatment Of Bone Diseases,36843,0.66,1651868,2.92,2.92
202406,Musculo-Skeletal System,M09,Other Drugs For Disorders Of The Musculo-Skeletal System,10665,0.19,134401,0.24,0.24
202406,Musculo-Skeletal System,,,,,,,
202406,Nervous System,N01,Anesthetics,2957,0.05,157098,0.28,0.28
202406,Nervous System,N02,Analgesics,377826,6.8,2910257,5.15,5.15
202406,Nervous System,N03,Antiepileptics,55781,1,1182978,2.09,2.09
202406,Nervous System,N04,Anti-Parkinson Drugs,22410,0.4,287096,0.51,0.51
202406,Nervous System,N05,Psycholeptics,283519,5.1,2116974,3.75,3.75
202406,Nervous System,N06,Psychoanaleptics,376862,6.78,2652535,4.69,4.69
202406,Nervous System,N07,Other Nervous System Drugs,36448,0.66,851304,1.51,1.51
202406,Nervous System,,,,,,,
202406,Respiratory System,R01,Nasal Preparations,68851,1.24,780402,1.38,1.38
202406,Respiratory System,R03,Drugs For Obstructive Airway Diseases,304737,5.48,5977634,10.58,10.58
202406,Respiratory System,R05,Cough and Cold Preparations,22696,0.41,139472,0.25,0.25
202406,Respiratory System,R06,Antihistamines For Systemic Use,110352,1.99,462231,0.82,0.82
202406,Respiratory System,,,,,,,
202406,Sensory Organs,S01,Ophthalmologicals,150845,2.71,1259810,2.23,2.23
202406,Sensory Organs,S02,Otologicals,2783,0.05,13615,0.02,0.02
202406,Sensory Organs,S03,Ophthalmological and Otological Preparations,4949,0.09,8882,0.02,0.02
202406,Sensory Organs,,,,,,,
202406,Systemic Hormonal Preparations Excl. Sex Hormones and Insulins,H01,Pituitary and Hypothalamic Hormones and Analogues,1129,0.02,59437,0.11,0.11
202406,Systemic Hormonal Preparations Excl. Sex Hormones and Insulins,H02,Corticosteroids For Systemic Use,9969,0.18,125930,0.22,0.22
202406,Systemic Hormonal Preparations Excl. Sex Hormones and Insulins,H03,Thyroid Therapy,176068,3.17,305981,0.54,0.54
202406,Systemic Hormonal Preparations Excl. Sex Hormones and Insulins,H04,Pancreatic Hormones,178,0,3488,0.01,0.01
202406,Systemic Hormonal Preparations Excl. Sex Hormones and Insulins,,,,,,,
202406,Various,V01,Allergens,201,0,15581,0.03,0.03
202406,Various,V03,All Other Therapeutic Products,1611,0.03,133531,0.24,0.24
202406,Various,V04,Diagnostic Agents,10466,0.19,230305,0.41,0.41
202406,Various,V06,General Nutrients,57895,1.04,3774980,6.68,6.68
202406,Various,V07,All Other Non-Therapeutic Products,,,,,6.38
202406,Various,V07 1,Ostomy Requisites,36545,0.66,1994108,3.53,3.53
202406,Various,V07 2,Urinary Requisites,15563,0.28,1258460,2.23,2.23
202406,Various,V07 3,Needles/Syringes/Lancets,8812,0.16,96812,0.17,0.17
202406,Various,V07 4,Dressings,4188,0.08,206870,0.37,0.37
202406,Various,V07 5,Miscellaneous,3966,0.07,49520,0.09,0.09
202406,Various,,,,,,,
202407,Alimentary Tract and Metabolism,A01,Stomatological Preparations,60644,1.03,212525,0.35,0.35
202407,Alimentary Tract and Metabolism,A02,Drugs For Acid Related Disorders,410192,6.95,2305837,3.82,3.82
202407,Alimentary Tract and Metabolism,A03,Drugs For Functional Gastrointestinal Disorders,34401,0.58,186387,0.31,0.31
202407,Alimentary Tract and Metabolism,A04,Antiemetics and Antinauseants,4620,0.08,304697,0.5,0.5
202407,Alimentary Tract and Metabolism,A05,Bile and Liver Therapy,2880,0.05,63685,0.11,0.11
202407,Alimentary Tract and Metabolism,A06,Laxatives,83320,1.41,931147,1.54,1.54
202407,Alimentary Tract and Metabolism,A07,Antidiarrheals Intestinal Antiinflammatory/Antiinfective Agents,26023,0.44,870073,1.44,1.44
202407,Alimentary Tract and Metabolism,A09,Digestives Incl. Enzymes,3707,0.06,187030,0.31,0.31
202407,Alimentary Tract and Metabolism,A10,Drugs Used In Diabetes,98715,1.67,2744432,4.55,4.55
202407,Alimentary Tract and Metabolism,A11,Vitamins,185612,3.14,731614,1.21,1.21
202407,Alimentary Tract and Metabolism,A12,Mineral Supplements,130461,2.21,668001,1.11,1.11
202407,Alimentary Tract and Metabolism,A14,Anabolic Agents For Systemic Use,89,0,823,0,0
202407,Alimentary Tract and Metabolism,A16,Other Alimentary Tract and Metabolism Products,13,0,4973,0.01,0.01
202407,Alimentary Tract and Metabolism,,,,,,,
202407,Antiinfectives For Systemic Use,J01,Antibacterials For Systemic Use,192091,3.25,1135228,1.88,1.88
202407,Antiinfectives For Systemic Use,J02,Antimycotics For Systemic Use,9723,0.16,93351,0.15,0.15
202407,Antiinfectives For Systemic Use,J04,Antimycobacterials,673,0.01,16609,0.03,0.03
202407,Antiinfectives For Systemic Use,J05,Antivirals For Systemic Use,7841,0.13,287212,0.48,0.48
202407,Antiinfectives For Systemic Use,,,,,,,
202407,Antineoplastic and Immunomodulating Agents,L01,Antineoplastic Agents,4317,0.07,122343,0.2,0.2
202407,Antineoplastic and Immunomodulating Agents,L02,Endocrine Therapy,10979,0.19,203809,0.34,0.34
202407,Antineoplastic and Immunomodulating Agents,L04,Immunosuppressive Agents,17373,0.29,306516,0.51,0.51
202407,Antineoplastic and Immunomodulating Agents,,,,,,,
202407,Antiparasitic Products Insecticides and Repellents,P01,Antiprotozoals,10907,0.18,72884,0.12,0.12
202407,Antiparasitic Products Insecticides and Repellents,P02,Anthelmintics,1130,0.02,42848,0.07,0.07
202407,Antiparasitic Products Insecticides and Repellents,P03,Ectoparasiticides Incl. Scabicides Insecticides and Repellents,1893,0.03,26863,0.04,0.04
202407,Antiparasitic Products Insecticides and Repellents,,,,,,,
202407,Blood and Blood Forming Organs,B01,Antithrombotic Agents,270522,4.58,5554030,9.2,9.2
202407,Blood and Blood Forming Organs,B02,Antihemorrhagics,2747,0.05,27302,0.05,0.05
202407,Blood and Blood Forming Organs,B03,Antianemic Preparations,137231,2.32,215562,0.36,0.36
202407,Blood and Blood Forming Organs,B05,Blood Substitutes and Perfusion Solutions,4,0,21,0,0
202407,Blood and Blood Forming Organs,,,,,,,
202407,Cardiovascular System,C01,Cardiac Therapy,47103,0.8,560479,0.93,0.93
202407,Cardiovascular System,C02,Antihypertensives,20061,0.34,278221,0.46,0.46
202407,Cardiovascular System,C03,Diuretics,110753,1.88,293853,0.49,0.49
202407,Cardiovascular System,C04,Peripheral Vasodilators,2282,0.04,29556,0.05,0.05
202407,Cardiovascular System,C05,Vasoprotectives,11014,0.19,71149,0.12,0.12
202407,Cardiovascular System,C07,Beta Blocking Agents,181563,3.07,469435,0.78,0.78
202407,Cardiovascular System,C08,Calcium Channel Blockers,164034,2.78,500884,0.83,0.83
202407,Cardiovascular System,C09,Agents Acting On The Renin-Angiotensin System,313078,5.3,2344790,3.89,3.89
202407,Cardiovascular System,C10,Serum Lipid Reducing Agents,395308,6.69,1902270,3.15,3.15
202407,Cardiovascular System,,,,,,,
202407,Dermatologicals,D01,Antifungals For Dermatological Use,38306,0.65,248764,0.41,0.41
202407,Dermatologicals,D02,Emollients and Protectives,22312,0.38,55987,0.09,0.09
202407,Dermatologicals,D03,Preparations For Treatment Of Wounds and Ulcers,27,0,7838,0.01,0.01
202407,Dermatologicals,D05,Antipsoriatics,8697,0.15,318785,0.53,0.53
202407,Dermatologicals,D06,Antibiotics and Chemotherapeutics For Dermatological Use,9118,0.15,60546,0.1,0.1
202407,Dermatologicals,D07,Corticosteroids Dermatological Preparations,40636,0.69,235333,0.39,0.39
202407,Dermatologicals,D10,Anti-Acne Preparations,8039,0.14,110054,0.18,0.18
202407,Dermatologicals,D11,Other Dermatological Preparations,4888,0.08,171678,0.28,0.28
202407,Dermatologicals,,,,,,,
202407,Genito Urinary System and Sex Hormones,G01,Gynecological Antiinfectives and Antiseptics,287,0,3290,0.01,0.01
202407,Genito Urinary System and Sex Hormones,G02,Other Gynecologicals,1925,0.03,173067,0.29,0.29
202407,Genito Urinary System and Sex Hormones,G03,Sex Hormones and Modulators Of The Genital System,106346,1.8,933974,1.55,1.55
202407,Genito Urinary System and Sex Hormones,G04,Urologicals,140125,2.37,1945664,3.22,3.22
202407,Genito Urinary System and Sex Hormones,,,,,,,
202407,Musculo-Skeletal System,M01,Antiinflammatory and Antirheumatic Products,102492,1.74,665866,1.1,1.1
202407,Musculo-Skeletal System,M02,Topical Products For Joint and Muscular Pain,86993,1.47,564059,0.93,0.93
202407,Musculo-Skeletal System,M03,Muscle Relaxants,8993,0.15,81654,0.14,0.14
202407,Musculo-Skeletal System,M04,Antigout Preparations,40256,0.68,156232,0.26,0.26
202407,Musculo-Skeletal System,M05,Drugs For Treatment Of Bone Diseases,38610,0.65,1674243,2.77,2.77
202407,Musculo-Skeletal System,M09,Other Drugs For Disorders Of The Musculo-Skeletal System,11236,0.19,138722,0.23,0.23
202407,Musculo-Skeletal System,,,,,,,
202407,Nervous System,N01,Anesthetics,3286,0.06,164234,0.27,0.27
202407,Nervous System,N02,Analgesics,406818,6.89,3153574,5.23,5.23
202407,Nervous System,N03,Antiepileptics,59791,1.01,1282620,2.13,2.13
202407,Nervous System,N04,Anti-Parkinson Drugs,23281,0.39,301322,0.5,0.5
202407,Nervous System,N05,Psycholeptics,305771,5.18,2294720,3.8,3.8
202407,Nervous System,N06,Psychoanaleptics,403649,6.83,2853332,4.73,4.73
202407,Nervous System,N07,Other Nervous System Drugs,39935,0.68,930094,1.54,1.54
202407,Nervous System,,,,,,,
202407,Respiratory System,R01,Nasal Preparations,69193,1.17,789295,1.31,1.31
202407,Respiratory System,R03,Drugs For Obstructive Airway Diseases,317724,5.38,6313848,10.46,10.46
202407,Respiratory System,R05,Cough and Cold Preparations,23597,0.4,152562,0.25,0.25
202407,Respiratory System,R06,Antihistamines For Systemic Use,113103,1.91,473840,0.79,0.79
202407,Respiratory System,,,,,,,
202407,Sensory Organs,S01,Ophthalmologicals,157216,2.66,1334096,2.21,2.21
202407,Sensory Organs,S02,Otologicals,3309,0.06,16266,0.03,0.03
202407,Sensory Organs,S03,Ophthalmological and Otological Preparations,5570,0.09,10050,0.02,0.02
202407,Sensory Organs,,,,,,,
202407,Systemic Hormonal Preparations Excl. Sex Hormones and Insulins,H01,Pituitary and Hypothalamic Hormones and Analogues,1223,0.02,65545,0.11,0.11
202407,Systemic Hormonal Preparations Excl. Sex Hormones and Insulins,H02,Corticosteroids For Systemic Use,11106,0.19,137567,0.23,0.23
202407,Systemic Hormonal Preparations Excl. Sex Hormones and Insulins,H03,Thyroid Therapy,186990,3.17,326156,0.54,0.54
202407,Systemic Hormonal Preparations Excl. Sex Hormones and Insulins,H04,Pancreatic Hormones,214,0,4282,0.01,0.01
202407,Systemic Hormonal Preparations Excl. Sex Hormones and Insulins,,,,,,,
202407,Various,V01,Allergens,185,0,14447,0.02,0.02
202407,Various,V03,All Other Therapeutic Products,1712,0.03,144189,0.24,0.24
202407,Various,V04,Diagnostic Agents,11113,0.19,243457,0.4,0.4
202407,Various,V06,General Nutrients,63493,1.08,4084595,6.77,6.77
202407,Various,V07,All Other Non-Therapeutic Products,,,,,6.54
202407,Various,V07 1,Ostomy Requisites,39842,0.67,2165572,3.59,3.59
202407,Various,V07 2,Urinary Requisites,17151,0.29,1339549,2.22,2.22
202407,Various,V07 3,Needles/Syringes/Lancets,9177,0.16,101531,0.17,0.17
202407,Various,V07 4,Dressings,5038,0.09,276214,0.46,0.46
202407,Various,V07 5,Miscellaneous,4194,0.07,61382,0.1,0.1
202407,Various,,,,,,,
202408,Alimentary Tract and Metabolism,A01,Stomatological Preparations,53339,0.92,186786,0.31,0.31
202408,Alimentary Tract and Metabolism,A02,Drugs For Acid Related Disorders,408170,7.02,2301773,3.87,3.87
202408,Alimentary Tract and Metabolism,A03,Drugs For Functional Gastrointestinal Disorders,33741,0.58,182929,0.31,0.31
202408,Alimentary Tract and Metabolism,A04,Antiemetics and Antinauseants,4638,0.08,307612,0.52,0.52
202408,Alimentary Tract and Metabolism,A05,Bile and Liver Therapy,2897,0.05,64165,0.11,0.11
202408,Alimentary Tract and Metabolism,A06,Laxatives,83041,1.43,929346,1.56,1.56
202408,Alimentary Tract and Metabolism,A07,Antidiarrheals Intestinal Antiinflammatory/Antiinfective Agents,25646,0.44,839378,1.41,1.41
202408,Alimentary Tract and Metabolism,A09,Digestives Incl. Enzymes,3779,0.06,179994,0.3,0.3
202408,Alimentary Tract and Metabolism,A10,Drugs Used In Diabetes,99254,1.71,2759214,4.64,4.64
202408,Alimentary Tract and Metabolism,A11,Vitamins,184560,3.17,723316,1.22,1.22
202408,Alimentary Tract and Metabolism,A12,Mineral Supplements,130354,2.24,666467,1.12,1.12
202408,Alimentary Tract and Metabolism,A14,Anabolic Agents For Systemic Use,90,0,836,0,0
202408,Alimentary Tract and Metabolism,A16,Other Alimentary Tract and Metabolism Products,16,0,3744,0.01,0.01
202408,Alimentary Tract and Metabolism,,,,,,,
202408,Antiinfectives For Systemic Use,J01,Antibacterials For Systemic Use,171585,2.95,1058307,1.78,1.78
202408,Antiinfectives For Systemic Use,J02,Antimycotics For Systemic Use,9256,0.16,90784,0.15,0.15
202408,Antiinfectives For Systemic Use,J04,Antimycobacterials,660,0.01,16505,0.03,0.03
202408,Antiinfectives For Systemic Use,J05,Antivirals For Systemic Use,7551,0.13,278130,0.47,0.47
202408,Antiinfectives For Systemic Use,,,,,,,
202408,Antineoplastic and Immunomodulating Agents,L01,Antineoplastic Agents,4265,0.07,121177,0.2,0.2
202408,Antineoplastic and Immunomodulating Agents,L02,Endocrine Therapy,10892,0.19,201811,0.34,0.34
202408,Antineoplastic and Immunomodulating Agents,L04,Immunosuppressive Agents,17174,0.3,307358,0.52,0.52
202408,Antineoplastic and Immunomodulating Agents,,,,,,,
202408,Antiparasitic Products Insecticides and Repellents,P01,Antiprotozoals,10653,0.18,62602,0.11,0.11
202408,Antiparasitic Products Insecticides and Repellents,P02,Anthelmintics,1112,0.02,45243,0.08,0.08
202408,Antiparasitic Products Insecticides and Repellents,P03,Ectoparasiticides Incl. Scabicides Insecticides and Repellents,1874,0.03,26262,0.04,0.04
202408,Antiparasitic Products Insecticides and Repellents,,,,,,,
202408,Blood and Blood Forming Organs,B01,Antithrombotic Agents,270544,4.65,5582386,9.38,9.38
202408,Blood and Blood Forming Organs,B02,Antihemorrhagics,2580,0.04,25674,0.04,0.04
202408,Blood and Blood Forming Organs,B03,Antianemic Preparations,135734,2.33,208026,0.35,0.35
202408,Blood and Blood Forming Organs,B05,Blood Substitutes and Perfusion Solutions,4,0,29,0,0
202408,Blood and Blood Forming Organs,,,,,,,
202408,Cardiovascular System,C01,Cardiac Therapy,47408,0.82,608915,1.02,1.02
202408,Cardiovascular System,C02,Antihypertensives,19935,0.34,277002,0.47,0.47
202408,Cardiovascular System,C03,Diuretics,109475,1.88,289211,0.49,0.49
202408,Cardiovascular System,C04,Peripheral Vasodilators,2258,0.04,29269,0.05,0.05
202408,Cardiovascular System,C05,Vasoprotectives,10650,0.18,68731,0.12,0.12
202408,Cardiovascular System,C07,Beta Blocking Agents,180958,3.11,462864,0.78,0.78
202408,Cardiovascular System,C08,Calcium Channel Blockers,163231,2.81,499259,0.84,0.84
202408,Cardiovascular System,C09,Agents Acting On The Renin-Angiotensin System,311745,5.36,2355570,3.96,3.96
202408,Cardiovascular System,C10,Serum Lipid Reducing Agents,395623,6.8,1902567,3.2,3.2
202408,Cardiovascular System,,,,,,,
202408,Dermatologicals,D01,Antifungals For Dermatological Use,37747,0.65,243316,0.41,0.41
202408,Dermatologicals,D02,Emollients and Protectives,21416,0.37,54451,0.09,0.09
202408,Dermatologicals,D03,Preparations For Treatment Of Wounds and Ulcers,34,0,12795,0.02,0.02
202408,Dermatologicals,D05,Antipsoriatics,8542,0.15,322111,0.54,0.54
202408,Dermatologicals,D06,Antibiotics and Chemotherapeutics For Dermatological Use,8716,0.15,57993,0.1,0.1
202408,Dermatologicals,D07,Corticosteroids Dermatological Preparations,39464,0.68,234474,0.39,0.39
202408,Dermatologicals,D10,Anti-Acne Preparations,7955,0.14,110602,0.19,0.19
202408,Dermatologicals,D11,Other Dermatological Preparations,4583,0.08,165103,0.28,0.28
202408,Dermatologicals,,,,,,,
202408,Genito Urinary System and Sex Hormones,G01,Gynecological Antiinfectives and Antiseptics,262,0,3011,0.01,0.01
202408,Genito Urinary System and Sex Hormones,G02,Other Gynecologicals,1767,0.03,157635,0.26,0.26
202408,Genito Urinary System and Sex Hormones,G03,Sex Hormones and Modulators Of The Genital System,105374,1.81,918436,1.54,1.54
202408,Genito Urinary System and Sex Hormones,G04,Urologicals,139934,2.41,1948084,3.27,3.27
202408,Genito Urinary System and Sex Hormones,,,,,,,
202408,Musculo-Skeletal System,M01,Antiinflammatory and Antirheumatic Products,98925,1.7,641460,1.08,1.08
202408,Musculo-Skeletal System,M02,Topical Products For Joint and Muscular Pain,85621,1.47,552098,0.93,0.93
202408,Musculo-Skeletal System,M03,Muscle Relaxants,8793,0.15,79304,0.13,0.13
202408,Musculo-Skeletal System,M04,Antigout Preparations,39977,0.69,154821,0.26,0.26
202408,Musculo-Skeletal System,M05,Drugs For Treatment Of Bone Diseases,38289,0.66,1588754,2.67,2.67
202408,Musculo-Skeletal System,M09,Other Drugs For Disorders Of The Musculo-Skeletal System,11249,0.19,139155,0.23,0.23
202408,Musculo-Skeletal System,,,,,,,
202408,Nervous System,N01,Anesthetics,3133,0.05,163473,0.27,0.27
202408,Nervous System,N02,Analgesics,397953,6.84,3075528,5.17,5.17
202408,Nervous System,N03,Antiepileptics,59268,1.02,1269318,2.13,2.13
202408,Nervous System,N04,Anti-Parkinson Drugs,23767,0.41,304747,0.51,0.51
202408,Nervous System,N05,Psycholeptics,301977,5.19,2238967,3.76,3.76
202408,Nervous System,N06,Psychoanaleptics,401448,6.9,2843787,4.78,4.78
202408,Nervous System,N07,Other Nervous System Drugs,38843,0.67,912110,1.53,1.53
202408,Nervous System,,,,,,,
202408,Respiratory System,R01,Nasal Preparations,65962,1.13,738713,1.24,1.24
202408,Respiratory System,R03,Drugs For Obstructive Airway Diseases,312312,5.37,6272911,10.54,10.54
202408,Respiratory System,R05,Cough and Cold Preparations,20856,0.36,143815,0.24,0.24
202408,Respiratory System,R06,Antihistamines For Systemic Use,108196,1.86,460466,0.77,0.77
202408,Respiratory System,,,,,,,
202408,Sensory Organs,S01,Ophthalmologicals,154648,2.66,1319966,2.22,2.22
202408,Sensory Organs,S02,Otologicals,3208,0.06,15580,0.03,0.03
202408,Sensory Organs,S03,Ophthalmological and Otological Preparations,5295,0.09,9587,0.02,0.02
202408,Sensory Organs,,,,,,,
202408,Systemic Hormonal Preparations Excl. Sex Hormones and Insulins,H01,Pituitary and Hypothalamic Hormones and Analogues,985,0.02,56069,0.09,0.09
202408,Systemic Hormonal Preparations Excl. Sex Hormones and Insulins,H02,Corticosteroids For Systemic Use,10441,0.18,133464,0.22,0.22
202408,Systemic Hormonal Preparations Excl. Sex Hormones and Insulins,H03,Thyroid Therapy,186045,3.2,325518,0.55,0.55
202408,Systemic Hormonal Preparations Excl. Sex Hormones and Insulins,H04,Pancreatic Hormones,185,0,3417,0.01,0.01
202408,Systemic Hormonal Preparations Excl. Sex Hormones and Insulins,,,,,,,
202408,Various,V01,Allergens,160,0,12310,0.02,0.02
202408,Various,V03,All Other Therapeutic Products,1697,0.03,144111,0.24,0.24
202408,Various,V04,Diagnostic Agents,10835,0.19,239694,0.4,0.4
202408,Various,V06,General Nutrients,61231,1.05,3912048,6.57,6.57
202408,Various,V07,All Other Non-Therapeutic Products,,,,,6.49
202408,Various,V07 1,Ostomy Requisites,39386,0.68,2137727,3.59,3.59
202408,Various,V07 2,Urinary Requisites,16490,0.28,1344637,2.26,2.26
202408,Various,V07 3,Needles/Syringes/Lancets,8814,0.15,97515,0.16,0.16
202408,Various,V07 4,Dressings,4381,0.08,232251,0.39,0.39
202408,Various,V07 5,Miscellaneous,3762,0.06,50095,0.08,0.08
202408,Various,,,,,,,
202409,Alimentary Tract and Metabolism,A01,Stomatological Preparations,61556,1.08,211879,0.36,0.36
202409,Alimentary Tract and Metabolism,A02,Drugs For Acid Related Disorders,397420,6.95,2247488,3.85,3.85
202409,Alimentary Tract and Metabolism,A03,Drugs For Functional Gastrointestinal Disorders,33178,0.58,182573,0.31,0.31
202409,Alimentary Tract and Metabolism,A04,Antiemetics and Antinauseants,4703,0.08,303096,0.52,0.52
202409,Alimentary Tract and Metabolism,A05,Bile and Liver Therapy,2838,0.05,62998,0.11,0.11
202409,Alimentary Tract and Metabolism,A06,Laxatives,81132,1.42,907111,1.55,1.55
202409,Alimentary Tract and Metabolism,A07,Antidiarrheals Intestinal Antiinflammatory/Antiinfective Agents,25077,0.44,837603,1.43,1.43
202409,Alimentary Tract and Metabolism,A09,Digestives Incl. Enzymes,3675,0.06,179440,0.31,0.31
202409,Alimentary Tract and Metabolism,A10,Drugs Used In Diabetes,97200,1.7,2752362,4.71,4.71
202409,Alimentary Tract and Metabolism,A11,Vitamins,181184,3.17,705299,1.21,1.21
202409,Alimentary Tract and Metabolism,A12,Mineral Supplements,127140,2.22,651220,1.11,1.11
202409,Alimentary Tract and Metabolism,A14,Anabolic Agents For Systemic Use,90,0,861,0,0
202409,Alimentary Tract and Metabolism,A16,Other Alimentary Tract and Metabolism Products,13,0,4661,0.01,0.01
202409,Alimentary Tract and Metabolism,,,,,,,
202409,Antiinfectives For Systemic Use,J01,Antibacterials For Systemic Use,191618,3.35,1118060,1.91,1.91
202409,Antiinfectives For Systemic Use,J02,Antimycotics For Systemic Use,9295,0.16,87561,0.15,0.15
202409,Antiinfectives For Systemic Use,J04,Antimycobacterials,608,0.01,15869,0.03,0.03
202409,Antiinfectives For Systemic Use,J05,Antivirals For Systemic Use,7314,0.13,243540,0.42,0.42
202409,Antiinfectives For Systemic Use,,,,,,,
202409,Antineoplastic and Immunomodulating Agents,L01,Antineoplastic Agents,4203,0.07,120880,0.21,0.21
202409,Antineoplastic and Immunomodulating Agents,L02,Endocrine Therapy,10584,0.18,197191,0.34,0.34
202409,Antineoplastic and Immunomodulating Agents,L04,Immunosuppressive Agents,16736,0.29,296287,0.51,0.51
202409,Antineoplastic and Immunomodulating Agents,,,,,,,
202409,Antiparasitic Products Insecticides and Repellents,P01,Antiprotozoals,10084,0.18,55552,0.1,0.1
202409,Antiparasitic Products Insecticides and Repellents,P02,Anthelmintics,1215,0.02,41715,0.07,0.07
202409,Antiparasitic Products Insecticides and Repellents,P03,Ectoparasiticides Incl. Scabicides Insecticides and Repellents,1895,0.03,26743,0.05,0.05
202409,Antiparasitic Products Insecticides and Repellents,,,,,,,
202409,Blood and Blood Forming Organs,B01,Antithrombotic Agents,262420,4.59,5429705,9.3,9.3
202409,Blood and Blood Forming Organs,B02,Antihemorrhagics,2687,0.05,25407,0.04,0.04
202409,Blood and Blood Forming Organs,B03,Antianemic Preparations,132874,2.32,204049,0.35,0.35
202409,Blood and Blood Forming Organs,B05,Blood Substitutes and Perfusion Solutions,4,0,29,0,0
202409,Blood and Blood Forming Organs,,,,,,,
202409,Cardiovascular System,C01,Cardiac Therapy,46393,0.81,593879,1.02,1.02
202409,Cardiovascular System,C02,Antihypertensives,19268,0.34,270445,0.46,0.46
202409,Cardiovascular System,C03,Diuretics,107357,1.88,281751,0.48,0.48
202409,Cardiovascular System,C04,Peripheral Vasodilators,2218,0.04,29143,0.05,0.05
202409,Cardiovascular System,C05,Vasoprotectives,10534,0.18,68575,0.12,0.12
202409,Cardiovascular System,C07,Beta Blocking Agents,175899,3.07,452011,0.77,0.77
202409,Cardiovascular System,C08,Calcium Channel Blockers,158401,2.77,484384,0.83,0.83
202409,Cardiovascular System,C09,Agents Acting On The Renin-Angiotensin System,302694,5.29,2290901,3.92,3.92
202409,Cardiovascular System,C10,Serum Lipid Reducing Agents,385141,6.73,1862263,3.19,3.19
202409,Cardiovascular System,,,,,,,
202409,Dermatologicals,D01,Antifungals For Dermatological Use,36738,0.64,235688,0.4,0.4
202409,Dermatologicals,D02,Emollients and Protectives,21212,0.37,53603,0.09,0.09
202409,Dermatologicals,D03,Preparations For Treatment Of Wounds and Ulcers,27,0,11393,0.02,0.02
202409,Dermatologicals,D05,Antipsoriatics,8078,0.14,300576,0.51,0.51
202409,Dermatologicals,D06,Antibiotics and Chemotherapeutics For Dermatological Use,8618,0.15,57230,0.1,0.1
202409,Dermatologicals,D07,Corticosteroids Dermatological Preparations,38455,0.67,231490,0.4,0.4
202409,Dermatologicals,D10,Anti-Acne Preparations,8096,0.14,115190,0.2,0.2
202409,Dermatologicals,D11,Other Dermatological Preparations,4665,0.08,168699,0.29,0.29
202409,Dermatologicals,,,,,,,
202409,Genito Urinary System and Sex Hormones,G01,Gynecological Antiinfectives and Antiseptics,243,0,3146,0.01,0.01
202409,Genito Urinary System and Sex Hormones,G02,Other Gynecologicals,1783,0.03,153561,0.26,0.26
202409,Genito Urinary System and Sex Hormones,G03,Sex Hormones and Modulators Of The Genital System,103954,1.82,907919,1.55,1.55
202409,Genito Urinary System and Sex Hormones,G04,Urologicals,137577,2.4,1916370,3.28,3.28
202409,Genito Urinary System and Sex Hormones,,,,,,,
202409,Musculo-Skeletal System,M01,Antiinflammatory and Antirheumatic Products,98382,1.72,629157,1.08,1.08
202409,Musculo-Skeletal System,M02,Topical Products For Joint and Muscular Pain,84687,1.48,543389,0.93,0.93
202409,Musculo-Skeletal System,M03,Muscle Relaxants,8711,0.15,78776,0.13,0.13
202409,Musculo-Skeletal System,M04,Antigout Preparations,38942,0.68,151767,0.26,0.26
202409,Musculo-Skeletal System,M05,Drugs For Treatment Of Bone Diseases,37790,0.66,1659580,2.84,2.84
202409,Musculo-Skeletal System,M09,Other Drugs For Disorders Of The Musculo-Skeletal System,10999,0.19,144934,0.25,0.25
202409,Musculo-Skeletal System,,,,,,,
202409,Nervous System,N01,Anesthetics,3054,0.05,159706,0.27,0.27
202409,Nervous System,N02,Analgesics,389006,6.8,2935552,5.03,5.03
202409,Nervous System,N03,Antiepileptics,58209,1.02,1247149,2.14,2.14
202409,Nervous System,N04,Anti-Parkinson Drugs,23299,0.41,295698,0.51,0.51
202409,Nervous System,N05,Psycholeptics,293710,5.13,2160959,3.7,3.7
202409,Nervous System,N06,Psychoanaleptics,392002,6.85,2784552,4.77,4.77
202409,Nervous System,N07,Other Nervous System Drugs,38294,0.67,893011,1.53,1.53
202409,Nervous System,,,,,,,
202409,Respiratory System,R01,Nasal Preparations,65572,1.15,723832,1.24,1.24
202409,Respiratory System,R03,Drugs For Obstructive Airway Diseases,311018,5.44,6101692,10.45,10.45
202409,Respiratory System,R05,Cough and Cold Preparations,23415,0.41,155809,0.27,0.27
202409,Respiratory System,R06,Antihistamines For Systemic Use,103418,1.81,434547,0.74,0.74
202409,Respiratory System,,,,,,,
202409,Sensory Organs,S01,Ophthalmologicals,151801,2.65,1295427,2.22,2.22
202409,Sensory Organs,S02,Otologicals,3038,0.05,14914,0.03,0.03
202409,Sensory Organs,S03,Ophthalmological and Otological Preparations,5522,0.1,9941,0.02,0.02
202409,Sensory Organs,,,,,,,
202409,Systemic Hormonal Preparations Excl. Sex Hormones and Insulins,H01,Pituitary and Hypothalamic Hormones and Analogues,1346,0.02,69083,0.12,0.12
202409,Systemic Hormonal Preparations Excl. Sex Hormones and Insulins,H02,Corticosteroids For Systemic Use,10361,0.18,132223,0.23,0.23
202409,Systemic Hormonal Preparations Excl. Sex Hormones and Insulins,H03,Thyroid Therapy,180815,3.16,315921,0.54,0.54
202409,Systemic Hormonal Preparations Excl. Sex Hormones and Insulins,H04,Pancreatic Hormones,187,0,3572,0.01,0.01
202409,Systemic Hormonal Preparations Excl. Sex Hormones and Insulins,,,,,,,
202409,Various,V01,Allergens,148,0,11374,0.02,0.02
202409,Various,V03,All Other Therapeutic Products,1644,0.03,141935,0.24,0.24
202409,Various,V04,Diagnostic Agents,10440,0.18,224648,0.38,0.38
202409,Various,V06,General Nutrients,60293,1.05,3928044,6.72,6.72
202409,Various,V07,All Other Non-Therapeutic Products,,,,,6.45
202409,Various,V07 1,Ostomy Requisites,38128,0.67,2067426,3.54,3.54
202409,Various,V07 2,Urinary Requisites,16236,0.28,1309147,2.24,2.24
202409,Various,V07 3,Needles/Syringes/Lancets,9612,0.17,103332,0.18,0.18
202409,Various,V07 4,Dressings,4509,0.08,240777,0.41,0.41
202409,Various,V07 5,Miscellaneous,3622,0.06,47791,0.08,0.08
202409,Various,,,,,,,
202410,Alimentary Tract and Metabolism,A01,Stomatological Preparations,68623,1.16,233418,0.39,0.39
202410,Alimentary Tract and Metabolism,A02,Drugs For Acid Related Disorders,409507,6.93,2321050,3.85,3.85
202410,Alimentary Tract and Metabolism,A03,Drugs For Functional Gastrointestinal Disorders,33827,0.57,187351,0.31,0.31
202410,Alimentary Tract and Metabolism,A04,Antiemetics and Antinauseants,4894,0.08,310415,0.51,0.51
202410,Alimentary Tract and Metabolism,A05,Bile and Liver Therapy,2864,0.05,63913,0.11,0.11
202410,Alimentary Tract and Metabolism,A06,Laxatives,83724,1.42,935963,1.55,1.55
202410,Alimentary Tract and Metabolism,A07,Antidiarrheals Intestinal Antiinflammatory/Antiinfective Agents,25586,0.43,850652,1.41,1.41
202410,Alimentary Tract and Metabolism,A09,Digestives Incl. Enzymes,3793,0.06,186399,0.31,0.31
202410,Alimentary Tract and Metabolism,A10,Drugs Used In Diabetes,100539,1.7,2865337,4.75,4.75
202410,Alimentary Tract and Metabolism,A11,Vitamins,187647,3.18,729662,1.21,1.21
202410,Alimentary Tract and Metabolism,A12,Mineral Supplements,130882,2.22,669694,1.11,1.11
202410,Alimentary Tract and Metabolism,A14,Anabolic Agents For Systemic Use,94,0,962,0,0
202410,Alimentary Tract and Metabolism,A16,Other Alimentary Tract and Metabolism Products,16,0,5090,0.01,0.01
202410,Alimentary Tract and Metabolism,,,,,,,
202410,Antiinfectives For Systemic Use,J01,Antibacterials For Systemic Use,207788,3.52,1197769,1.98,1.98
202410,Antiinfectives For Systemic Use,J02,Antimycotics For Systemic Use,9841,0.17,92191,0.15,0.15
202410,Antiinfectives For Systemic Use,J04,Antimycobacterials,679,0.01,18188,0.03,0.03
202410,Antiinfectives For Systemic Use,J05,Antivirals For Systemic Use,8057,0.14,263086,0.44,0.44
202410,Antiinfectives For Systemic Use,,,,,,,
202410,Antineoplastic and Immunomodulating Agents,L01,Antineoplastic Agents,4405,0.07,126850,0.21,0.21
202410,Antineoplastic and Immunomodulating Agents,L02,Endocrine Therapy,10833,0.18,202070,0.33,0.33
202410,Antineoplastic and Immunomodulating Agents,L04,Immunosuppressive Agents,17294,0.29,308508,0.51,0.51
202410,Antineoplastic and Immunomodulating Agents,,,,,,,
202410,Antiparasitic Products Insecticides and Repellents,P01,Antiprotozoals,10429,0.18,61268,0.1,0.1
202410,Antiparasitic Products Insecticides and Repellents,P02,Anthelmintics,1290,0.02,51669,0.09,0.09
202410,Antiparasitic Products Insecticides and Repellents,P03,Ectoparasiticides Incl. Scabicides Insecticides and Repellents,2338,0.04,33915,0.06,0.06
202410,Antiparasitic Products Insecticides and Repellents,,,,,,,
202410,Blood and Blood Forming Organs,B01,Antithrombotic Agents,268816,4.55,5587286,9.26,9.26
202410,Blood and Blood Forming Organs,B02,Antihemorrhagics,2731,0.05,25150,0.04,0.04
202410,Blood and Blood Forming Organs,B03,Antianemic Preparations,135735,2.3,207435,0.34,0.34
202410,Blood and Blood Forming Organs,B05,Blood Substitutes and Perfusion Solutions,4,0,26,0,0
202410,Blood and Blood Forming Organs,,,,,,,
202410,Cardiovascular System,C01,Cardiac Therapy,46866,0.79,548891,0.91,0.91
202410,Cardiovascular System,C02,Antihypertensives,19907,0.34,285019,0.47,0.47
202410,Cardiovascular System,C03,Diuretics,109900,1.86,290779,0.48,0.48
202410,Cardiovascular System,C04,Peripheral Vasodilators,2266,0.04,29638,0.05,0.05
202410,Cardiovascular System,C05,Vasoprotectives,11300,0.19,70179,0.12,0.12
202410,Cardiovascular System,C07,Beta Blocking Agents,180504,3.06,464406,0.77,0.77
202410,Cardiovascular System,C08,Calcium Channel Blockers,163369,2.77,499568,0.83,0.83
202410,Cardiovascular System,C09,Agents Acting On The Renin-Angiotensin System,312100,5.28,2391811,3.96,3.96
202410,Cardiovascular System,C10,Serum Lipid Reducing Agents,397607,6.73,1944384,3.22,3.22
202410,Cardiovascular System,,,,,,,
202410,Dermatologicals,D01,Antifungals For Dermatological Use,37669,0.64,239044,0.4,0.4
202410,Dermatologicals,D02,Emollients and Protectives,21727,0.37,54668,0.09,0.09
202410,Dermatologicals,D03,Preparations For Treatment Of Wounds and Ulcers,27,0,9030,0.01,0.01
202410,Dermatologicals,D05,Antipsoriatics,8365,0.14,320685,0.53,0.53
202410,Dermatologicals,D06,Antibiotics and Chemotherapeutics For Dermatological Use,8504,0.14,58246,0.1,0.1
202410,Dermatologicals,D07,Corticosteroids Dermatological Preparations,40038,0.68,234751,0.39,0.39
202410,Dermatologicals,D10,Anti-Acne Preparations,8337,0.14,119407,0.2,0.2
202410,Dermatologicals,D11,Other Dermatological Preparations,4701,0.08,169533,0.28,0.28
202410,Dermatologicals,,,,,,,
202410,Genito Urinary System and Sex Hormones,G01,Gynecological Antiinfectives and Antiseptics,271,0,3189,0.01,0.01
202410,Genito Urinary System and Sex Hormones,G02,Other Gynecologicals,1861,0.03,171230,0.28,0.28
202410,Genito Urinary System and Sex Hormones,G03,Sex Hormones and Modulators Of The Genital System,107430,1.82,959485,1.59,1.59
202410,Genito Urinary System and Sex Hormones,G04,Urologicals,140757,2.38,1962671,3.25,3.25
202410,Genito Urinary System and Sex Hormones,,,,,,,
202410,Musculo-Skeletal System,M01,Antiinflammatory and Antirheumatic Products,100980,1.71,648380,1.07,1.07
202410,Musculo-Skeletal System,M02,Topical Products For Joint and Muscular Pain,86816,1.47,564104,0.93,0.93
202410,Musculo-Skeletal System,M03,Muscle Relaxants,8883,0.15,79532,0.13,0.13
202410,Musculo-Skeletal System,M04,Antigout Preparations,39928,0.68,155154,0.26,0.26
202410,Musculo-Skeletal System,M05,Drugs For Treatment Of Bone Diseases,39126,0.66,1738327,2.88,2.88
202410,Musculo-Skeletal System,M09,Other Drugs For Disorders Of The Musculo-Skeletal System,11166,0.19,139305,0.23,0.23
202410,Musculo-Skeletal System,,,,,,,
202410,Nervous System,N01,Anesthetics,3163,0.05,160104,0.27,0.27
202410,Nervous System,N02,Analgesics,403409,6.83,3033913,5.03,5.03
202410,Nervous System,N03,Antiepileptics,59659,1.01,1281156,2.12,2.12
202410,Nervous System,N04,Anti-Parkinson Drugs,23440,0.4,299053,0.5,0.5
202410,Nervous System,N05,Psycholeptics,301952,5.11,2255394,3.74,3.74
202410,Nervous System,N06,Psychoanaleptics,399603,6.77,2831847,4.69,4.69
202410,Nervous System,N07,Other Nervous System Drugs,40315,0.68,952474,1.58,1.58
202410,Nervous System,,,,,,,
202410,Respiratory System,R01,Nasal Preparations,67697,1.15,746427,1.24,1.24
202410,Respiratory System,R03,Drugs For Obstructive Airway Diseases,322264,5.46,6340849,10.51,10.51
202410,Respiratory System,R05,Cough and Cold Preparations,26874,0.46,172268,0.29,0.29
202410,Respiratory System,R06,Antihistamines For Systemic Use,103302,1.75,421862,0.7,0.7
202410,Respiratory System,,,,,,,
202410,Sensory Organs,S01,Ophthalmologicals,156122,2.64,1321672,2.19,2.19
202410,Sensory Organs,S02,Otologicals,3004,0.05,14778,0.02,0.02
202410,Sensory Organs,S03,Ophthalmological and Otological Preparations,5878,0.1,10470,0.02,0.02
202410,Sensory Organs,,,,,,,
202410,Systemic Hormonal Preparations Excl. Sex Hormones and Insulins,H01,Pituitary and Hypothalamic Hormones and Analogues,1172,0.02,63279,0.1,0.1
202410,Systemic Hormonal Preparations Excl. Sex Hormones and Insulins,H02,Corticosteroids For Systemic Use,10925,0.18,136286,0.23,0.23
202410,Systemic Hormonal Preparations Excl. Sex Hormones and Insulins,H03,Thyroid Therapy,185112,3.13,322597,0.53,0.53
202410,Systemic Hormonal Preparations Excl. Sex Hormones and Insulins,H04,Pancreatic Hormones,200,0,3866,0.01,0.01
202410,Systemic Hormonal Preparations Excl. Sex Hormones and Insulins,,,,,,,
202410,Various,V01,Allergens,144,0,11265,0.02,0.02
202410,Various,V03,All Other Therapeutic Products,1717,0.03,148466,0.25,0.25
202410,Various,V04,Diagnostic Agents,10887,0.18,237430,0.39,0.39
202410,Various,V06,General Nutrients,61171,1.04,4015169,6.65,6.65
202410,Various,V07,All Other Non-Therapeutic Products,,,,,6.42
202410,Various,V07 1,Ostomy Requisites,39299,0.67,2122826,3.52,3.52
202410,Various,V07 2,Urinary Requisites,16826,0.28,1339535,2.22,2.22
202410,Various,V07 3,Needles/Syringes/Lancets,10087,0.17,105685,0.18,0.18
202410,Various,V07 4,Dressings,4670,0.08,251919,0.42,0.42
202410,Various,V07 5,Miscellaneous,3957,0.07,55728,0.09,0.09
202410,Various,,,,,,,
202411,Alimentary Tract and Metabolism,A01,Stomatological Preparations,70114,1.2,239181,0.4,0.4
202411,Alimentary Tract and Metabolism,A02,Drugs For Acid Related Disorders,405538,6.93,2307661,3.85,3.85
202411,Alimentary Tract and Metabolism,A03,Drugs For Functional Gastrointestinal Disorders,33453,0.57,185303,0.31,0.31
202411,Alimentary Tract and Metabolism,A04,Antiemetics and Antinauseants,4900,0.08,314064,0.52,0.52
202411,Alimentary Tract and Metabolism,A05,Bile and Liver Therapy,2927,0.05,65523,0.11,0.11
202411,Alimentary Tract and Metabolism,A06,Laxatives,82547,1.41,923825,1.54,1.54
202411,Alimentary Tract and Metabolism,A07,Antidiarrheals Intestinal Antiinflammatory/Antiinfective Agents,24984,0.43,830924,1.39,1.39
202411,Alimentary Tract and Metabolism,A09,Digestives Incl. Enzymes,3814,0.07,203721,0.34,0.34
202411,Alimentary Tract and Metabolism,A10,Drugs Used In Diabetes,101074,1.73,2909899,4.85,4.85
202411,Alimentary Tract and Metabolism,A11,Vitamins,188175,3.22,731592,1.22,1.22
202411,Alimentary Tract and Metabolism,A12,Mineral Supplements,130163,2.23,665484,1.11,1.11
202411,Alimentary Tract and Metabolism,A14,Anabolic Agents For Systemic Use,79,0,791,0,0
202411,Alimentary Tract and Metabolism,A16,Other Alimentary Tract and Metabolism Products,17,0,4719,0.01,0.01
202411,Alimentary Tract and Metabolism,,,,,,,
202411,Antiinfectives For Systemic Use,J01,Antibacterials For Systemic Use,209248,3.58,1213638,2.02,2.02
202411,Antiinfectives For Systemic Use,J02,Antimycotics For Systemic Use,9248,0.16,88212,0.15,0.15
202411,Antiinfectives For Systemic Use,J04,Antimycobacterials,618,0.01,14872,0.02,0.02
202411,Antiinfectives For Systemic Use,J05,Antivirals For Systemic Use,7974,0.14,258740,0.43,0.43
202411,Antiinfectives For Systemic Use,,,,,,,
202411,Antineoplastic and Immunomodulating Agents,L01,Antineoplastic Agents,4348,0.07,127746,0.21,0.21
202411,Antineoplastic and Immunomodulating Agents,L02,Endocrine Therapy,10723,0.18,199899,0.33,0.33
202411,Antineoplastic and Immunomodulating Agents,L04,Immunosuppressive Agents,17062,0.29,306133,0.51,0.51
202411,Antineoplastic and Immunomodulating Agents,,,,,,,
202411,Antiparasitic Products Insecticides and Repellents,P01,Antiprotozoals,10373,0.18,61584,0.1,0.1
202411,Antiparasitic Products Insecticides and Repellents,P02,Anthelmintics,1486,0.03,67064,0.11,0.11
202411,Antiparasitic Products Insecticides and Repellents,P03,Ectoparasiticides Incl. Scabicides Insecticides and Repellents,2192,0.04,31065,0.05,0.05
202411,Antiparasitic Products Insecticides and Repellents,,,,,,,
202411,Blood and Blood Forming Organs,B01,Antithrombotic Agents,265530,4.54,5553812,9.27,9.27
202411,Blood and Blood Forming Organs,B02,Antihemorrhagics,2761,0.05,26274,0.04,0.04
202411,Blood and Blood Forming Organs,B03,Antianemic Preparations,134224,2.29,203500,0.34,0.34
202411,Blood and Blood Forming Organs,B05,Blood Substitutes and Perfusion Solutions,7,0,45,0,0
202411,Blood and Blood Forming Organs,,,,,,,
202411,Cardiovascular System,C01,Cardiac Therapy,46106,0.79,544427,0.91,0.91
202411,Cardiovascular System,C02,Antihypertensives,19786,0.34,281526,0.47,0.47
202411,Cardiovascular System,C03,Diuretics,108050,1.85,298125,0.5,0.5
202411,Cardiovascular System,C04,Peripheral Vasodilators,2215,0.04,29231,0.05,0.05
202411,Cardiovascular System,C05,Vasoprotectives,10951,0.19,71230,0.12,0.12
202411,Cardiovascular System,C07,Beta Blocking Agents,179009,3.06,461401,0.77,0.77
202411,Cardiovascular System,C08,Calcium Channel Blockers,162036,2.77,496398,0.83,0.83
202411,Cardiovascular System,C09,Agents Acting On The Renin-Angiotensin System,309582,5.29,2375983,3.96,3.96
202411,Cardiovascular System,C10,Serum Lipid Reducing Agents,394392,6.74,1931305,3.22,3.22
202411,Cardiovascular System,,,,,,,
202411,Dermatologicals,D01,Antifungals For Dermatological Use,36761,0.63,228038,0.38,0.38
202411,Dermatologicals,D02,Emollients and Protectives,21328,0.36,53512,0.09,0.09
202411,Dermatologicals,D03,Preparations For Treatment Of Wounds and Ulcers,23,0,6362,0.01,0.01
202411,Dermatologicals,D05,Antipsoriatics,8391,0.14,318806,0.53,0.53
202411,Dermatologicals,D06,Antibiotics and Chemotherapeutics For Dermatological Use,8141,0.14,54264,0.09,0.09
202411,Dermatologicals,D07,Corticosteroids Dermatological Preparations,39521,0.68,228571,0.38,0.38
202411,Dermatologicals,D10,Anti-Acne Preparations,8252,0.14,117375,0.2,0.2
202411,Dermatologicals,D11,Other Dermatological Preparations,4791,0.08,173205,0.29,0.29
202411,Dermatologicals,,,,,,,
202411,Genito Urinary System and Sex Hormones,G01,Gynecological Antiinfectives and Antiseptics,285,0,3388,0.01,0.01
202411,Genito Urinary System and Sex Hormones,G02,Other Gynecologicals,1806,0.03,162789,0.27,0.27
202411,Genito Urinary System and Sex Hormones,G03,Sex Hormones and Modulators Of The Genital System,106786,1.83,940633,1.57,1.57
202411,Genito Urinary System and Sex Hormones,G04,Urologicals,140399,2.4,1964460,3.28,3.28
202411,Genito Urinary System and Sex Hormones,,,,,,,
202411,Musculo-Skeletal System,M01,Antiinflammatory and Antirheumatic Products,98126,1.68,635898,1.06,1.06
202411,Musculo-Skeletal System,M02,Topical Products For Joint and Muscular Pain,78645,1.34,452643,0.76,0.76
202411,Musculo-Skeletal System,M03,Muscle Relaxants,8912,0.15,79470,0.13,0.13
202411,Musculo-Skeletal System,M04,Antigout Preparations,39430,0.67,153622,0.26,0.26
202411,Musculo-Skeletal System,M05,Drugs For Treatment Of Bone Diseases,39076,0.67,1777150,2.96,2.96
202411,Musculo-Skeletal System,M09,Other Drugs For Disorders Of The Musculo-Skeletal System,11087,0.19,138620,0.23,0.23
202411,Musculo-Skeletal System,,,,,,,
202411,Nervous System,N01,Anesthetics,3206,0.05,163621,0.27,0.27
202411,Nervous System,N02,Analgesics,396633,6.78,2987478,4.98,4.98
202411,Nervous System,N03,Antiepileptics,58639,1,1273730,2.12,2.12
202411,Nervous System,N04,Anti-Parkinson Drugs,23588,0.4,300788,0.5,0.5
202411,Nervous System,N05,Psycholeptics,297082,5.08,2205245,3.68,3.68
202411,Nervous System,N06,Psychoanaleptics,399075,6.82,2808784,4.69,4.69
202411,Nervous System,N07,Other Nervous System Drugs,39025,0.67,920855,1.54,1.54
202411,Nervous System,,,,,,,
202411,Respiratory System,R01,Nasal Preparations,66989,1.15,737308,1.23,1.23
202411,Respiratory System,R03,Drugs For Obstructive Airway Diseases,321371,5.49,6316133,10.54,10.54
202411,Respiratory System,R05,Cough and Cold Preparations,26644,0.46,172394,0.29,0.29
202411,Respiratory System,R06,Antihistamines For Systemic Use,100798,1.72,417498,0.7,0.7
202411,Respiratory System,,,,,,,
202411,Sensory Organs,S01,Ophthalmologicals,156798,2.68,1321884,2.21,2.21
202411,Sensory Organs,S02,Otologicals,3102,0.05,15250,0.03,0.03
202411,Sensory Organs,S03,Ophthalmological and Otological Preparations,5814,0.1,10344,0.02,0.02
202411,Sensory Organs,,,,,,,
202411,Systemic Hormonal Preparations Excl. Sex Hormones and Insulins,H01,Pituitary and Hypothalamic Hormones and Analogues,1138,0.02,61843,0.1,0.1
202411,Systemic Hormonal Preparations Excl. Sex Hormones and Insulins,H02,Corticosteroids For Systemic Use,10773,0.18,133455,0.22,0.22
202411,Systemic Hormonal Preparations Excl. Sex Hormones and Insulins,H03,Thyroid Therapy,183528,3.14,321415,0.54,0.54
202411,Systemic Hormonal Preparations Excl. Sex Hormones and Insulins,H04,Pancreatic Hormones,178,0,3280,0.01,0.01
202411,Systemic Hormonal Preparations Excl. Sex Hormones and Insulins,,,,,,,
202411,Various,V01,Allergens,156,0,12042,0.02,0.02
202411,Various,V03,All Other Therapeutic Products,1682,0.03,144882,0.24,0.24
202411,Various,V04,Diagnostic Agents,10663,0.18,229423,0.38,0.38
202411,Various,V06,General Nutrients,60603,1.04,3990607,6.66,6.66
202411,Various,V07,All Other Non-Therapeutic Products,,,,,6.47
202411,Various,V07 1,Ostomy Requisites,39227,0.67,2152989,3.59,3.59
202411,Various,V07 2,Urinary Requisites,16364,0.28,1328593,2.22,2.22
202411,Various,V07 3,Needles/Syringes/Lancets,10212,0.17,106932,0.18,0.18
202411,Various,V07 4,Dressings,4178,0.07,233479,0.39,0.39
202411,Various,V07 5,Miscellaneous,4160,0.07,57167,0.1,0.1
202411,Various,,,,,,,
202412,Alimentary Tract and Metabolism,A01,Stomatological Preparations,94235,1.55,313340,0.51,0.51
202412,Alimentary Tract and Metabolism,A02,Drugs For Acid Related Disorders,417538,6.88,2370821,3.85,3.85
202412,Alimentary Tract and Metabolism,A03,Drugs For Functional Gastrointestinal Disorders,34128,0.56,189973,0.31,0.31
202412,Alimentary Tract and Metabolism,A04,Antiemetics and Antinauseants,5210,0.09,335506,0.55,0.55
202412,Alimentary Tract and Metabolism,A05,Bile and Liver Therapy,2993,0.05,65637,0.11,0.11
202412,Alimentary Tract and Metabolism,A06,Laxatives,83977,1.38,943807,1.53,1.53
202412,Alimentary Tract and Metabolism,A07,Antidiarrheals Intestinal Antiinflammatory/Antiinfective Agents,25670,0.42,863046,1.4,1.4
202412,Alimentary Tract and Metabolism,A09,Digestives Incl. Enzymes,3780,0.06,201100,0.33,0.33
202412,Alimentary Tract and Metabolism,A10,Drugs Used In Diabetes,104561,1.72,3020248,4.91,4.91
202412,Alimentary Tract and Metabolism,A11,Vitamins,194402,3.2,752303,1.22,1.22
202412,Alimentary Tract and Metabolism,A12,Mineral Supplements,134522,2.22,687892,1.12,1.12
202412,Alimentary Tract and Metabolism,A14,Anabolic Agents For Systemic Use,93,0,836,0,0
202412,Alimentary Tract and Metabolism,A16,Other Alimentary Tract and Metabolism Products,15,0,4095,0.01,0.01
202412,Alimentary Tract and Metabolism,,,,,,,
202412,Antiinfectives For Systemic Use,J01,Antibacterials For Systemic Use,266354,4.39,1454524,2.37,2.37
202412,Antiinfectives For Systemic Use,J02,Antimycotics For Systemic Use,9453,0.16,87940,0.14,0.14
202412,Antiinfectives For Systemic Use,J04,Antimycobacterials,631,0.01,15829,0.03,0.03
202412,Antiinfectives For Systemic Use,J05,Antivirals For Systemic Use,12765,0.21,331593,0.54,0.54
202412,Antiinfectives For Systemic Use,,,,,,,
202412,Antineoplastic and Immunomodulating Agents,L01,Antineoplastic Agents,3922,0.06,115792,0.19,0.19
202412,Antineoplastic and Immunomodulating Agents,L02,Endocrine Therapy,10969,0.18,202713,0.33,0.33
202412,Antineoplastic and Immunomodulating Agents,L04,Immunosuppressive Agents,17455,0.29,314122,0.51,0.51
202412,Antineoplastic and Immunomodulating Agents,,,,,,,
202412,Antiparasitic Products Insecticides and Repellents,P01,Antiprotozoals,10354,0.17,70052,0.11,0.11
202412,Antiparasitic Products Insecticides and Repellents,P02,Anthelmintics,1057,0.02,45210,0.07,0.07
202412,Antiparasitic Products Insecticides and Repellents,P03,Ectoparasiticides Incl. Scabicides Insecticides and Repellents,1698,0.03,25740,0.04,0.04
202412,Antiparasitic Products Insecticides and Repellents,,,,,,,
202412,Blood and Blood Forming Organs,B01,Antithrombotic Agents,274137,4.52,5750689,9.35,9.35
202412,Blood and Blood Forming Organs,B02,Antihemorrhagics,2522,0.04,24888,0.04,0.04
202412,Blood and Blood Forming Organs,B03,Antianemic Preparations,136482,2.25,199604,0.32,0.32
202412,Blood and Blood Forming Organs,B05,Blood Substitutes and Perfusion Solutions,3,0,37,0,0
202412,Blood and Blood Forming Organs,,,,,,,
202412,Cardiovascular System,C01,Cardiac Therapy,47326,0.78,542468,0.88,0.88
202412,Cardiovascular System,C02,Antihypertensives,20392,0.34,288835,0.47,0.47
202412,Cardiovascular System,C03,Diuretics,111330,1.83,308557,0.5,0.5
202412,Cardiovascular System,C04,Peripheral Vasodilators,2248,0.04,29079,0.05,0.05
202412,Cardiovascular System,C05,Vasoprotectives,10470,0.17,65564,0.11,0.11
202412,Cardiovascular System,C07,Beta Blocking Agents,182412,3.01,467661,0.76,0.76
202412,Cardiovascular System,C08,Calcium Channel Blockers,167221,2.76,512136,0.83,0.83
202412,Cardiovascular System,C09,Agents Acting On The Renin-Angiotensin System,318158,5.24,2444484,3.97,3.97
202412,Cardiovascular System,C10,Serum Lipid Reducing Agents,407816,6.72,2003302,3.26,3.26
202412,Cardiovascular System,,,,,,,
202412,Dermatologicals,D01,Antifungals For Dermatological Use,34088,0.56,211539,0.34,0.34
202412,Dermatologicals,D02,Emollients and Protectives,21271,0.35,52950,0.09,0.09
202412,Dermatologicals,D03,Preparations For Treatment Of Wounds and Ulcers,22,0,6531,0.01,0.01
202412,Dermatologicals,D05,Antipsoriatics,7839,0.13,305682,0.5,0.5
202412,Dermatologicals,D06,Antibiotics and Chemotherapeutics For Dermatological Use,7736,0.13,50375,0.08,0.08
202412,Dermatologicals,D07,Corticosteroids Dermatological Preparations,37053,0.61,214246,0.35,0.35
202412,Dermatologicals,D10,Anti-Acne Preparations,7481,0.12,107182,0.17,0.17
202412,Dermatologicals,D11,Other Dermatological Preparations,4473,0.07,160971,0.26,0.26
202412,Dermatologicals,,,,,,,
202412,Genito Urinary System and Sex Hormones,G01,Gynecological Antiinfectives and Antiseptics,220,0,2724,0,0
202412,Genito Urinary System and Sex Hormones,G02,Other Gynecologicals,1435,0.02,119307,0.19,0.19
202412,Genito Urinary System and Sex Hormones,G03,Sex Hormones and Modulators Of The Genital System,107156,1.77,954577,1.55,1.55
202412,Genito Urinary System and Sex Hormones,G04,Urologicals,143874,2.37,2026907,3.3,3.3
202412,Genito Urinary System and Sex Hormones,,,,,,,
202412,Musculo-Skeletal System,M01,Antiinflammatory and Antirheumatic Products,96889,1.6,626000,1.02,1.02
202412,Musculo-Skeletal System,M02,Topical Products For Joint and Muscular Pain,74426,1.23,425461,0.69,0.69
202412,Musculo-Skeletal System,M03,Muscle Relaxants,9068,0.15,82902,0.13,0.13
202412,Musculo-Skeletal System,M04,Antigout Preparations,40975,0.68,159740,0.26,0.26
202412,Musculo-Skeletal System,M05,Drugs For Treatment Of Bone Diseases,39360,0.65,1649511,2.68,2.68
202412,Musculo-Skeletal System,M09,Other Drugs For Disorders Of The Musculo-Skeletal System,11312,0.19,132258,0.22,0.22
202412,Musculo-Skeletal System,,,,,,,
202412,Nervous System,N01,Anesthetics,3220,0.05,165918,0.27,0.27
202412,Nervous System,N02,Analgesics,407517,6.72,3066545,4.99,4.99
202412,Nervous System,N03,Antiepileptics,60316,0.99,1321057,2.15,2.15
202412,Nervous System,N04,Anti-Parkinson Drugs,24126,0.4,305105,0.5,0.5
202412,Nervous System,N05,Psycholeptics,304543,5.02,2271068,3.69,3.69
202412,Nervous System,N06,Psychoanaleptics,407593,6.72,2871067,4.67,4.67
202412,Nervous System,N07,Other Nervous System Drugs,38158,0.63,893988,1.45,1.45
202412,Nervous System,,,,,,,
202412,Respiratory System,R01,Nasal Preparations,69196,1.14,766413,1.25,1.25
202412,Respiratory System,R03,Drugs For Obstructive Airway Diseases,340147,5.61,6622748,10.77,10.77
202412,Respiratory System,R05,Cough and Cold Preparations,34704,0.57,210119,0.34,0.34
202412,Respiratory System,R06,Antihistamines For Systemic Use,102516,1.69,422124,0.69,0.69
202412,Respiratory System,,,,,,,
202412,Sensory Organs,S01,Ophthalmologicals,157746,2.6,1346807,2.19,2.19
202412,Sensory Organs,S02,Otologicals,2851,0.05,13901,0.02,0.02
202412,Sensory Organs,S03,Ophthalmological and Otological Preparations,6004,0.1,10781,0.02,0.02
202412,Sensory Organs,,,,,,,
202412,Systemic Hormonal Preparations Excl. Sex Hormones and Insulins,H01,Pituitary and Hypothalamic Hormones and Analogues,1183,0.02,62746,0.1,0.1
202412,Systemic Hormonal Preparations Excl. Sex Hormones and Insulins,H02,Corticosteroids For Systemic Use,10642,0.18,135639,0.22,0.22
202412,Systemic Hormonal Preparations Excl. Sex Hormones and Insulins,H03,Thyroid Therapy,188737,3.11,329343,0.54,0.54
202412,Systemic Hormonal Preparations Excl. Sex Hormones and Insulins,H04,Pancreatic Hormones,201,0,3869,0.01,0.01
202412,Systemic Hormonal Preparations Excl. Sex Hormones and Insulins,,,,,,,
202412,Various,V01,Allergens,168,0,12810,0.02,0.02
202412,Various,V03,All Other Therapeutic Products,1722,0.03,146777,0.24,0.24
202412,Various,V04,Diagnostic Agents,10445,0.17,222592,0.36,0.36
202412,Various,V06,General Nutrients,60105,0.99,4027873,6.55,6.55
202412,Various,V07,All Other Non-Therapeutic Products,,,,,6.4
202412,Various,V07 1,Ostomy Requisites,40535,0.67,2221495,3.61,3.61
202412,Various,V07 2,Urinary Requisites,16858,0.28,1360161,2.21,2.21
202412,Various,V07 3,Needles/Syringes/Lancets,10163,0.17,104590,0.17,0.17
202412,Various,V07 4,Dressings,3578,0.06,198838,0.32,0.32
202412,Various,V07 5,Miscellaneous,4149,0.07,48456,0.08,0.08
202412,Various,,,,,,,
202501,Alimentary Tract and Metabolism,A01,Stomatological Preparations,86627,1.44,299235,0.49,0.49
202501,Alimentary Tract and Metabolism,A02,Drugs For Acid Related Disorders,415000,6.88,2356591,3.83,3.83
202501,Alimentary Tract and Metabolism,A03,Drugs For Functional Gastrointestinal Disorders,31035,0.51,186051,0.3,0.3
202501,Alimentary Tract and Metabolism,A04,Antiemetics and Antinauseants,5001,0.08,322782,0.53,0.53
202501,Alimentary Tract and Metabolism,A05,Bile and Liver Therapy,2980,0.05,66771,0.11,0.11
202501,Alimentary Tract and Metabolism,A06,Laxatives,84352,1.4,947076,1.54,1.54
202501,Alimentary Tract and Metabolism,A07,Antidiarrheals Intestinal Antiinflammatory/Antiinfective Agents,25784,0.43,861546,1.4,1.4
202501,Alimentary Tract and Metabolism,A09,Digestives Incl. Enzymes,3850,0.06,205056,0.33,0.33
202501,Alimentary Tract and Metabolism,A10,Drugs Used In Diabetes,104437,1.73,3040806,4.95,4.95
202501,Alimentary Tract and Metabolism,A11,Vitamins,195621,3.24,755721,1.23,1.23
202501,Alimentary Tract and Metabolism,A12,Mineral Supplements,132954,2.2,673191,1.1,1.1
202501,Alimentary Tract and Metabolism,A14,Anabolic Agents For Systemic Use,85,0,778,0,0
202501,Alimentary Tract and Metabolism,A16,Other Alimentary Tract and Metabolism Products,15,0,4388,0.01,0.01
202501,Alimentary Tract and Metabolism,,,,,,,
202501,Antiinfectives For Systemic Use,J01,Antibacterials For Systemic Use,239600,3.97,1335676,2.17,2.17
202501,Antiinfectives For Systemic Use,J02,Antimycotics For Systemic Use,9748,0.16,90945,0.15,0.15
202501,Antiinfectives For Systemic Use,J04,Antimycobacterials,631,0.01,16191,0.03,0.03
202501,Antiinfectives For Systemic Use,J05,Antivirals For Systemic Use,14545,0.24,353895,0.58,0.58
202501,Antiinfectives For Systemic Use,,,,,,,
202501,Antineoplastic and Immunomodulating Agents,L01,Antineoplastic Agents,3923,0.07,115902,0.19,0.19
202501,Antineoplastic and Immunomodulating Agents,L02,Endocrine Therapy,11013,0.18,207678,0.34,0.34
202501,Antineoplastic and Immunomodulating Agents,L04,Immunosuppressive Agents,17496,0.29,307287,0.5,0.5
202501,Antineoplastic and Immunomodulating Agents,,,,,,,
202501,Antiparasitic Products Insecticides and Repellents,P01,Antiprotozoals,10240,0.17,63392,0.1,0.1
202501,Antiparasitic Products Insecticides and Repellents,P02,Anthelmintics,1332,0.02,51274,0.08,0.08
202501,Antiparasitic Products Insecticides and Repellents,P03,Ectoparasiticides Incl. Scabicides Insecticides and Repellents,1988,0.03,28804,0.05,0.05
202501,Antiparasitic Products Insecticides and Repellents,,,,,,,
202501,Blood and Blood Forming Organs,B01,Antithrombotic Agents,271033,4.49,5668213,9.22,9.22
202501,Blood and Blood Forming Organs,B02,Antihemorrhagics,2684,0.04,24370,0.04,0.04
202501,Blood and Blood Forming Organs,B03,Antianemic Preparations,135631,2.25,198755,0.32,0.32
202501,Blood and Blood Forming Organs,B05,Blood Substitutes and Perfusion Solutions,5,0,22,0,0
202501,Blood and Blood Forming Organs,,,,,,,
202501,Cardiovascular System,C01,Cardiac Therapy,46885,0.78,548172,0.89,0.89
202501,Cardiovascular System,C02,Antihypertensives,20508,0.34,307646,0.5,0.5
202501,Cardiovascular System,C03,Diuretics,110165,1.83,303411,0.49,0.49
202501,Cardiovascular System,C04,Peripheral Vasodilators,2240,0.04,29287,0.05,0.05
202501,Cardiovascular System,C05,Vasoprotectives,10707,0.18,68481,0.11,0.11
202501,Cardiovascular System,C07,Beta Blocking Agents,182842,3.03,473623,0.77,0.77
202501,Cardiovascular System,C08,Calcium Channel Blockers,166536,2.76,507852,0.83,0.83
202501,Cardiovascular System,C09,Agents Acting On The Renin-Angiotensin System,316784,5.25,2427283,3.95,3.95
202501,Cardiovascular System,C10,Serum Lipid Reducing Agents,405864,6.73,1987521,3.23,3.23
202501,Cardiovascular System,,,,,,,
202501,Dermatologicals,D01,Antifungals For Dermatological Use,36466,0.6,225986,0.37,0.37
202501,Dermatologicals,D02,Emollients and Protectives,22518,0.37,56122,0.09,0.09
202501,Dermatologicals,D03,Preparations For Treatment Of Wounds and Ulcers,23,0,7194,0.01,0.01
202501,Dermatologicals,D05,Antipsoriatics,8125,0.13,316377,0.51,0.51
202501,Dermatologicals,D06,Antibiotics and Chemotherapeutics For Dermatological Use,7816,0.13,51570,0.08,0.08
202501,Dermatologicals,D07,Corticosteroids Dermatological Preparations,39661,0.66,225771,0.37,0.37
202501,Dermatologicals,D10,Anti-Acne Preparations,8211,0.14,120936,0.2,0.2
202501,Dermatologicals,D11,Other Dermatological Preparations,4819,0.08,173479,0.28,0.28
202501,Dermatologicals,,,,,,,
202501,Genito Urinary System and Sex Hormones,G01,Gynecological Antiinfectives and Antiseptics,221,0,2613,0,0
202501,Genito Urinary System and Sex Hormones,G02,Other Gynecologicals,1764,0.03,157697,0.26,0.26
202501,Genito Urinary System and Sex Hormones,G03,Sex Hormones and Modulators Of The Genital System,108705,1.8,965989,1.57,1.57
202501,Genito Urinary System and Sex Hormones,G04,Urologicals,142780,2.37,2014101,3.28,3.28
202501,Genito Urinary System and Sex Hormones,,,,,,,
202501,Musculo-Skeletal System,M01,Antiinflammatory and Antirheumatic Products,99312,1.65,637864,1.04,1.04
202501,Musculo-Skeletal System,M02,Topical Products For Joint and Muscular Pain,76543,1.27,454643,0.74,0.74
202501,Musculo-Skeletal System,M03,Muscle Relaxants,9170,0.15,80586,0.13,0.13
202501,Musculo-Skeletal System,M04,Antigout Preparations,40447,0.67,157214,0.26,0.26
202501,Musculo-Skeletal System,M05,Drugs For Treatment Of Bone Diseases,39064,0.65,1630939,2.65,2.65
202501,Musculo-Skeletal System,M09,Other Drugs For Disorders Of The Musculo-Skeletal System,11105,0.18,133523,0.22,0.22
202501,Musculo-Skeletal System,,,,,,,
202501,Nervous System,N01,Anesthetics,3228,0.05,163297,0.27,0.27
202501,Nervous System,N02,Analgesics,406973,6.75,3054281,4.97,4.97
202501,Nervous System,N03,Antiepileptics,59905,0.99,1312155,2.14,2.14
202501,Nervous System,N04,Anti-Parkinson Drugs,24223,0.4,303394,0.49,0.49
202501,Nervous System,N05,Psycholeptics,306168,5.08,2315012,3.77,3.77
202501,Nervous System,N06,Psychoanaleptics,409290,6.79,2890736,4.7,4.7
202501,Nervous System,N07,Other Nervous System Drugs,40302,0.67,962828,1.57,1.57
202501,Nervous System,,,,,,,
202501,Respiratory System,R01,Nasal Preparations,69725,1.16,770671,1.25,1.25
202501,Respiratory System,R03,Drugs For Obstructive Airway Diseases,334949,5.55,6556548,10.67,10.67
202501,Respiratory System,R05,Cough and Cold Preparations,34060,0.56,208557,0.34,0.34
202501,Respiratory System,R06,Antihistamines For Systemic Use,102888,1.71,420064,0.68,0.68
202501,Respiratory System,,,,,,,
202501,Sensory Organs,S01,Ophthalmologicals,156250,2.59,1332034,2.17,2.17
202501,Sensory Organs,S02,Otologicals,3053,0.05,14890,0.02,0.02
202501,Sensory Organs,S03,Ophthalmological and Otological Preparations,6182,0.1,10969,0.02,0.02
202501,Sensory Organs,,,,,,,
202501,Systemic Hormonal Preparations Excl. Sex Hormones and Insulins,H01,Pituitary and Hypothalamic Hormones and Analogues,1196,0.02,63674,0.1,0.1
202501,Systemic Hormonal Preparations Excl. Sex Hormones and Insulins,H02,Corticosteroids For Systemic Use,10608,0.18,133846,0.22,0.22
202501,Systemic Hormonal Preparations Excl. Sex Hormones and Insulins,H03,Thyroid Therapy,186769,3.1,325804,0.53,0.53
202501,Systemic Hormonal Preparations Excl. Sex Hormones and Insulins,H04,Pancreatic Hormones,173,0,3572,0.01,0.01
202501,Systemic Hormonal Preparations Excl. Sex Hormones and Insulins,,,,,,,
202501,Various,V01,Allergens,187,0,14556,0.02,0.02
202501,Various,V03,All Other Therapeutic Products,1696,0.03,145532,0.24,0.24
202501,Various,V04,Diagnostic Agents,10475,0.17,230371,0.37,0.37
202501,Various,V06,General Nutrients,61676,1.02,4079756,6.64,6.64
202501,Various,V07,All Other Non-Therapeutic Products,,,,,6.34
202501,Various,V07 1,Ostomy Requisites,39779,0.66,2151982,3.5,3.5
202501,Various,V07 2,Urinary Requisites,16691,0.28,1345329,2.19,2.19
202501,Various,V07 3,Needles/Syringes/Lancets,9811,0.16,104239,0.17,0.17
202501,Various,V07 4,Dressings,4273,0.07,241046,0.39,0.39
202501,Various,V07 5,Miscellaneous,3915,0.06,50664,0.08,0.08
202501,Various,,,,,,,
202502,Alimentary Tract and Metabolism,A01,Stomatological Preparations,64941,1.17,242938,0.43,0.43
202502,Alimentary Tract and Metabolism,A02,Drugs For Acid Related Disorders,383468,6.94,2184207,3.84,3.84
202502,Alimentary Tract and Metabolism,A03,Drugs For Functional Gastrointestinal Disorders,25206,0.46,163980,0.29,0.29
202502,Alimentary Tract and Metabolism,A04,Antiemetics and Antinauseants,4586,0.08,296694,0.52,0.52
202502,Alimentary Tract and Metabolism,A05,Bile and Liver Therapy,2759,0.05,61884,0.11,0.11
202502,Alimentary Tract and Metabolism,A06,Laxatives,77385,1.4,872036,1.53,1.53
202502,Alimentary Tract and Metabolism,A07,Antidiarrheals Intestinal Antiinflammatory/Antiinfective Agents,23598,0.43,792071,1.39,1.39
202502,Alimentary Tract and Metabolism,A09,Digestives Incl. Enzymes,3573,0.06,187085,0.33,0.33
202502,Alimentary Tract and Metabolism,A10,Drugs Used In Diabetes,98250,1.78,2900548,5.1,5.1
202502,Alimentary Tract and Metabolism,A11,Vitamins,183205,3.31,714416,1.26,1.26
202502,Alimentary Tract and Metabolism,A12,Mineral Supplements,124274,2.25,635163,1.12,1.12
202502,Alimentary Tract and Metabolism,A14,Anabolic Agents For Systemic Use,85,0,892,0,0
202502,Alimentary Tract and Metabolism,A16,Other Alimentary Tract and Metabolism Products,14,0,4758,0.01,0.01
202502,Alimentary Tract and Metabolism,,,,,,,
202502,Antiinfectives For Systemic Use,J01,Antibacterials For Systemic Use,195052,3.53,1146943,2.02,2.02
202502,Antiinfectives For Systemic Use,J02,Antimycotics For Systemic Use,8173,0.15,77352,0.14,0.14
202502,Antiinfectives For Systemic Use,J04,Antimycobacterials,559,0.01,14162,0.02,0.02
202502,Antiinfectives For Systemic Use,J05,Antivirals For Systemic Use,8646,0.16,256880,0.45,0.45
202502,Antiinfectives For Systemic Use,,,,,,,
202502,Antineoplastic and Immunomodulating Agents,L01,Antineoplastic Agents,4074,0.07,124498,0.22,0.22
202502,Antineoplastic and Immunomodulating Agents,L02,Endocrine Therapy,10089,0.18,188873,0.33,0.33
202502,Antineoplastic and Immunomodulating Agents,L04,Immunosuppressive Agents,16066,0.29,289367,0.51,0.51
202502,Antineoplastic and Immunomodulating Agents,,,,,,,
202502,Antiparasitic Products Insecticides and Repellents,P01,Antiprotozoals,9509,0.17,55916,0.1,0.1
202502,Antiparasitic Products Insecticides and Repellents,P02,Anthelmintics,1105,0.02,42625,0.07,0.07
202502,Antiparasitic Products Insecticides and Repellents,P03,Ectoparasiticides Incl. Scabicides Insecticides and Repellents,1804,0.03,25972,0.05,0.05
202502,Antiparasitic Products Insecticides and Repellents,,,,,,,
202502,Blood and Blood Forming Organs,B01,Antithrombotic Agents,251193,4.54,5290918,9.3,9.3
202502,Blood and Blood Forming Organs,B02,Antihemorrhagics,2573,0.05,24708,0.04,0.04
202502,Blood and Blood Forming Organs,B03,Antianemic Preparations,126827,2.29,190434,0.33,0.33
202502,Blood and Blood Forming Organs,B05,Blood Substitutes and Perfusion Solutions,3,0,23,0,0
202502,Blood and Blood Forming Organs,,,,,,,
202502,Cardiovascular System,C01,Cardiac Therapy,43529,0.79,535553,0.94,0.94
202502,Cardiovascular System,C02,Antihypertensives,19032,0.34,288340,0.51,0.51
202502,Cardiovascular System,C03,Diuretics,102110,1.85,284082,0.5,0.5
202502,Cardiovascular System,C04,Peripheral Vasodilators,2077,0.04,28236,0.05,0.05
202502,Cardiovascular System,C05,Vasoprotectives,10131,0.18,66415,0.12,0.12
202502,Cardiovascular System,C07,Beta Blocking Agents,169628,3.07,440019,0.77,0.77
202502,Cardiovascular System,C08,Calcium Channel Blockers,154510,2.8,471756,0.83,0.83
202502,Cardiovascular System,C09,Agents Acting On The Renin-Angiotensin System,293547,5.31,2253298,3.96,3.96
202502,Cardiovascular System,C10,Serum Lipid Reducing Agents,377201,6.82,1859063,3.27,3.27
202502,Cardiovascular System,,,,,,,
202502,Dermatologicals,D01,Antifungals For Dermatological Use,33960,0.61,211468,0.37,0.37
202502,Dermatologicals,D02,Emollients and Protectives,20773,0.38,51369,0.09,0.09
202502,Dermatologicals,D03,Preparations For Treatment Of Wounds and Ulcers,29,0,13009,0.02,0.02
202502,Dermatologicals,D05,Antipsoriatics,7573,0.14,294686,0.52,0.52
202502,Dermatologicals,D06,Antibiotics and Chemotherapeutics For Dermatological Use,7220,0.13,46713,0.08,0.08
202502,Dermatologicals,D07,Corticosteroids Dermatological Preparations,37486,0.68,211667,0.37,0.37
202502,Dermatologicals,D10,Anti-Acne Preparations,7572,0.14,110779,0.19,0.19
202502,Dermatologicals,D11,Other Dermatological Preparations,4581,0.08,162913,0.29,0.29
202502,Dermatologicals,,,,,,,
202502,Genito Urinary System and Sex Hormones,G01,Gynecological Antiinfectives and Antiseptics,219,0,2697,0,0
202502,Genito Urinary System and Sex Hormones,G02,Other Gynecologicals,1679,0.03,158337,0.28,0.28
202502,Genito Urinary System and Sex Hormones,G03,Sex Hormones and Modulators Of The Genital System,100714,1.82,900715,1.58,1.58
202502,Genito Urinary System and Sex Hormones,G04,Urologicals,133891,2.42,1877421,3.3,3.3
202502,Genito Urinary System and Sex Hormones,,,,,,,
202502,Musculo-Skeletal System,M01,Antiinflammatory and Antirheumatic Products,90822,1.64,587263,1.03,1.03
202502,Musculo-Skeletal System,M02,Topical Products For Joint and Muscular Pain,74997,1.36,460378,0.81,0.81
202502,Musculo-Skeletal System,M03,Muscle Relaxants,8552,0.15,76069,0.13,0.13
202502,Musculo-Skeletal System,M04,Antigout Preparations,37513,0.68,144638,0.25,0.25
202502,Musculo-Skeletal System,M05,Drugs For Treatment Of Bone Diseases,36759,0.67,1613815,2.84,2.84
202502,Musculo-Skeletal System,M09,Other Drugs For Disorders Of The Musculo-Skeletal System,10345,0.19,130120,0.23,0.23
202502,Musculo-Skeletal System,,,,,,,
202502,Nervous System,N01,Anesthetics,3021,0.05,153150,0.27,0.27
202502,Nervous System,N02,Analgesics,371735,6.73,2788882,4.9,4.9
202502,Nervous System,N03,Antiepileptics,55309,1,1215500,2.14,2.14
202502,Nervous System,N04,Anti-Parkinson Drugs,22412,0.41,277839,0.49,0.49
202502,Nervous System,N05,Psycholeptics,280377,5.07,2073339,3.64,3.64
202502,Nervous System,N06,Psychoanaleptics,378360,6.85,2666745,4.69,4.69
202502,Nervous System,N07,Other Nervous System Drugs,37189,0.67,889033,1.56,1.56
202502,Nervous System,,,,,,,
202502,Respiratory System,R01,Nasal Preparations,64175,1.16,706406,1.24,1.24
202502,Respiratory System,R03,Drugs For Obstructive Airway Diseases,303045,5.48,5976953,10.5,10.5
202502,Respiratory System,R05,Cough and Cold Preparations,25373,0.46,170038,0.3,0.3
202502,Respiratory System,R06,Antihistamines For Systemic Use,94672,1.71,391197,0.69,0.69
202502,Respiratory System,,,,,,,
202502,Sensory Organs,S01,Ophthalmologicals,146169,2.64,1245875,2.19,2.19
202502,Sensory Organs,S02,Otologicals,2877,0.05,14071,0.02,0.02
202502,Sensory Organs,S03,Ophthalmological and Otological Preparations,5742,0.1,10234,0.02,0.02
202502,Sensory Organs,,,,,,,
202502,Systemic Hormonal Preparations Excl. Sex Hormones and Insulins,H01,Pituitary and Hypothalamic Hormones and Analogues,1123,0.02,61500,0.11,0.11
202502,Systemic Hormonal Preparations Excl. Sex Hormones and Insulins,H02,Corticosteroids For Systemic Use,10134,0.18,124176,0.22,0.22
202502,Systemic Hormonal Preparations Excl. Sex Hormones and Insulins,H03,Thyroid Therapy,173251,3.13,300433,0.53,0.53
202502,Systemic Hormonal Preparations Excl. Sex Hormones and Insulins,H04,Pancreatic Hormones,195,0,3937,0.01,0.01
202502,Systemic Hormonal Preparations Excl. Sex Hormones and Insulins,,,,,,,
202502,Various,V01,Allergens,181,0,14040,0.02,0.02
202502,Various,V03,All Other Therapeutic Products,1571,0.03,136468,0.24,0.24
202502,Various,V04,Diagnostic Agents,9994,0.18,215506,0.38,0.38
202502,Various,V06,General Nutrients,56764,1.03,3772031,6.63,6.63
202502,Various,V07,All Other Non-Therapeutic Products,,,,,6.4
202502,Various,V07 1,Ostomy Requisites,37517,0.68,2009375,3.53,3.53
202502,Various,V07 2,Urinary Requisites,15382,0.28,1249376,2.2,2.2
202502,Various,V07 3,Needles/Syringes/Lancets,9248,0.17,98948,0.17,0.17
202502,Various,V07 4,Dressings,4421,0.08,241248,0.42,0.42
202502,Various,V07 5,Miscellaneous,3277,0.06,42977,0.08,0.08
202502,Various,,,,,,,
202503,Alimentary Tract and Metabolism,A01,Stomatological Preparations,65329,1.13,252307,0.42,0.42
202503,Alimentary Tract and Metabolism,A02,Drugs For Acid Related Disorders,400929,6.93,2291582,3.85,3.85
202503,Alimentary Tract and Metabolism,A03,Drugs For Functional Gastrointestinal Disorders,25052,0.43,179739,0.3,0.3
202503,Alimentary Tract and Metabolism,A04,Antiemetics and Antinauseants,4926,0.09,316829,0.53,0.53
202503,Alimentary Tract and Metabolism,A05,Bile and Liver Therapy,2991,0.05,65368,0.11,0.11
202503,Alimentary Tract and Metabolism,A06,Laxatives,81651,1.41,917707,1.54,1.54
202503,Alimentary Tract and Metabolism,A07,Antidiarrheals Intestinal Antiinflammatory/Antiinfective Agents,24716,0.43,821244,1.38,1.38
202503,Alimentary Tract and Metabolism,A09,Digestives Incl. Enzymes,3911,0.07,205040,0.34,0.34
202503,Alimentary Tract and Metabolism,A10,Drugs Used In Diabetes,103129,1.78,3021329,5.07,5.07
202503,Alimentary Tract and Metabolism,A11,Vitamins,193590,3.35,755008,1.27,1.27
202503,Alimentary Tract and Metabolism,A12,Mineral Supplements,129899,2.25,665190,1.12,1.12
202503,Alimentary Tract and Metabolism,A14,Anabolic Agents For Systemic Use,86,0,725,0,0
202503,Alimentary Tract and Metabolism,A16,Other Alimentary Tract and Metabolism Products,23,0,6279,0.01,0.01
202503,Alimentary Tract and Metabolism,,,,,,,
202503,Antiinfectives For Systemic Use,J01,Antibacterials For Systemic Use,201014,3.47,1198461,2.01,2.01
202503,Antiinfectives For Systemic Use,J02,Antimycotics For Systemic Use,8516,0.15,80099,0.13,0.13
202503,Antiinfectives For Systemic Use,J04,Antimycobacterials,600,0.01,15170,0.03,0.03
202503,Antiinfectives For Systemic Use,J05,Antivirals For Systemic Use,8699,0.15,280708,0.47,0.47
202503,Antiinfectives For Systemic Use,,,,,,,
202503,Antineoplastic and Immunomodulating Agents,L01,Antineoplastic Agents,4198,0.07,124298,0.21,0.21
202503,Antineoplastic and Immunomodulating Agents,L02,Endocrine Therapy,10708,0.19,203710,0.34,0.34
202503,Antineoplastic and Immunomodulating Agents,L04,Immunosuppressive Agents,16559,0.29,300200,0.5,0.5
202503,Antineoplastic and Immunomodulating Agents,,,,,,,
202503,Antiparasitic Products Insecticides and Repellents,P01,Antiprotozoals,9971,0.17,59137,0.1,0.1
202503,Antiparasitic Products Insecticides and Repellents,P02,Anthelmintics,1213,0.02,47139,0.08,0.08
202503,Antiparasitic Products Insecticides and Repellents,P03,Ectoparasiticides Incl. Scabicides Insecticides and Repellents,1998,0.03,29531,0.05,0.05
202503,Antiparasitic Products Insecticides and Repellents,,,,,,,
202503,Blood and Blood Forming Organs,B01,Antithrombotic Agents,261514,4.52,5455079,9.16,9.16
202503,Blood and Blood Forming Organs,B02,Antihemorrhagics,2698,0.05,26550,0.04,0.04
202503,Blood and Blood Forming Organs,B03,Antianemic Preparations,133766,2.31,201216,0.34,0.34
202503,Blood and Blood Forming Organs,B05,Blood Substitutes and Perfusion Solutions,2,0,37,0,0
202503,Blood and Blood Forming Organs,,,,,,,
202503,Cardiovascular System,C01,Cardiac Therapy,45369,0.78,579642,0.97,0.97
202503,Cardiovascular System,C02,Antihypertensives,19848,0.34,304345,0.51,0.51
202503,Cardiovascular System,C03,Diuretics,107226,1.85,294493,0.49,0.49
202503,Cardiovascular System,C04,Peripheral Vasodilators,2183,0.04,29233,0.05,0.05
202503,Cardiovascular System,C05,Vasoprotectives,10666,0.18,71152,0.12,0.12
202503,Cardiovascular System,C07,Beta Blocking Agents,176269,3.05,459281,0.77,0.77
202503,Cardiovascular System,C08,Calcium Channel Blockers,161966,2.8,493422,0.83,0.83
202503,Cardiovascular System,C09,Agents Acting On The Renin-Angiotensin System,307045,5.31,2342093,3.93,3.93
202503,Cardiovascular System,C10,Serum Lipid Reducing Agents,395180,6.83,1947682,3.27,3.27
202503,Cardiovascular System,,,,,,,
202503,Dermatologicals,D01,Antifungals For Dermatological Use,36599,0.63,229193,0.38,0.38
202503,Dermatologicals,D02,Emollients and Protectives,22118,0.38,55532,0.09,0.09
202503,Dermatologicals,D03,Preparations For Treatment Of Wounds and Ulcers,34,0,10585,0.02,0.02
202503,Dermatologicals,D05,Antipsoriatics,7979,0.14,304616,0.51,0.51
202503,Dermatologicals,D06,Antibiotics and Chemotherapeutics For Dermatological Use,7812,0.14,50891,0.09,0.09
202503,Dermatologicals,D07,Corticosteroids Dermatological Preparations,40733,0.7,229422,0.39,0.39
202503,Dermatologicals,D10,Anti-Acne Preparations,8002,0.14,117217,0.2,0.2
202503,Dermatologicals,D11,Other Dermatological Preparations,4950,0.09,174842,0.29,0.29
202503,Dermatologicals,,,,,,,
202503,Genito Urinary System and Sex Hormones,G01,Gynecological Antiinfectives and Antiseptics,235,0,2768,0,0
202503,Genito Urinary System and Sex Hormones,G02,Other Gynecologicals,1769,0.03,145747,0.24,0.24
202503,Genito Urinary System and Sex Hormones,G03,Sex Hormones and Modulators Of The Genital System,107920,1.87,943416,1.58,1.58
202503,Genito Urinary System and Sex Hormones,G04,Urologicals,139390,2.41,1967385,3.3,3.3
202503,Genito Urinary System and Sex Hormones,,,,,,,
202503,Musculo-Skeletal System,M01,Antiinflammatory and Antirheumatic Products,97817,1.69,635237,1.07,1.07
202503,Musculo-Skeletal System,M02,Topical Products For Joint and Muscular Pain,72676,1.26,416311,0.7,0.7
202503,Musculo-Skeletal System,M03,Muscle Relaxants,9181,0.16,79755,0.13,0.13
202503,Musculo-Skeletal System,M04,Antigout Preparations,39388,0.68,152499,0.26,0.26
202503,Musculo-Skeletal System,M05,Drugs For Treatment Of Bone Diseases,38641,0.67,1709920,2.87,2.87
202503,Musculo-Skeletal System,M09,Other Drugs For Disorders Of The Musculo-Skeletal System,10747,0.19,141459,0.24,0.24
202503,Musculo-Skeletal System,,,,,,,
202503,Nervous System,N01,Anesthetics,3123,0.05,154833,0.26,0.26
202503,Nervous System,N02,Analgesics,390431,6.75,2932368,4.92,4.92
202503,Nervous System,N03,Antiepileptics,58499,1.01,1278917,2.15,2.15
202503,Nervous System,N04,Anti-Parkinson Drugs,23202,0.4,287668,0.48,0.48
202503,Nervous System,N05,Psycholeptics,292310,5.05,2157872,3.62,3.62
202503,Nervous System,N06,Psychoanaleptics,397814,6.88,2826944,4.75,4.75
202503,Nervous System,N07,Other Nervous System Drugs,39519,0.68,943496,1.58,1.58
202503,Nervous System,,,,,,,
202503,Respiratory System,R01,Nasal Preparations,68529,1.18,720733,1.21,1.21
202503,Respiratory System,R03,Drugs For Obstructive Airway Diseases,311638,5.39,6240631,10.48,10.48
202503,Respiratory System,R05,Cough and Cold Preparations,24894,0.43,169584,0.28,0.28
202503,Respiratory System,R06,Antihistamines For Systemic Use,102565,1.77,424097,0.71,0.71
202503,Respiratory System,,,,,,,
202503,Sensory Organs,S01,Ophthalmologicals,155867,2.69,1298430,2.18,2.18
202503,Sensory Organs,S02,Otologicals,2886,0.05,14076,0.02,0.02
202503,Sensory Organs,S03,Ophthalmological and Otological Preparations,5754,0.1,10185,0.02,0.02
202503,Sensory Organs,,,,,,,
202503,Systemic Hormonal Preparations Excl. Sex Hormones and Insulins,H01,Pituitary and Hypothalamic Hormones and Analogues,1148,0.02,61607,0.1,0.1
202503,Systemic Hormonal Preparations Excl. Sex Hormones and Insulins,H02,Corticosteroids For Systemic Use,10895,0.19,135896,0.23,0.23
202503,Systemic Hormonal Preparations Excl. Sex Hormones and Insulins,H03,Thyroid Therapy,181086,3.13,314220,0.53,0.53
202503,Systemic Hormonal Preparations Excl. Sex Hormones and Insulins,H04,Pancreatic Hormones,202,0,3919,0.01,0.01
202503,Systemic Hormonal Preparations Excl. Sex Hormones and Insulins,,,,,,,
202503,Various,V01,Allergens,217,0,16508,0.03,0.03
202503,Various,V03,All Other Therapeutic Products,1660,0.03,140423,0.24,0.24
202503,Various,V04,Diagnostic Agents,10511,0.18,225528,0.38,0.38
202503,Various,V06,General Nutrients,60322,1.04,3984389,6.69,6.69
202503,Various,V07,All Other Non-Therapeutic Products,,,,,6.39
202503,Various,V07 1,Ostomy Requisites,39331,0.68,2093053,3.51,3.51
202503,Various,V07 2,Urinary Requisites,16354,0.28,1311314,2.2,2.2
202503,Various,V07 3,Needles/Syringes/Lancets,9515,0.16,103019,0.17,0.17
202503,Various,V07 4,Dressings,4469,0.08,253183,0.43,0.43
202503,Various,V07 5,Miscellaneous,3396,0.06,43656,0.07,0.07
202503,Various,,,,,,,
202504,Alimentary Tract and Metabolism,A01,Stomatological Preparations,61124,1.05,231966,0.38,0.38
202504,Alimentary Tract and Metabolism,A02,Drugs For Acid Related Disorders,405046,6.94,2323207,3.85,3.85
202504,Alimentary Tract and Metabolism,A03,Drugs For Functional Gastrointestinal Disorders,24906,0.43,178168,0.3,0.3
202504,Alimentary Tract and Metabolism,A04,Antiemetics and Antinauseants,4937,0.08,313671,0.52,0.52
202504,Alimentary Tract and Metabolism,A05,Bile and Liver Therapy,3026,0.05,66358,0.11,0.11
202504,Alimentary Tract and Metabolism,A06,Laxatives,81599,1.4,919939,1.52,1.52
202504,Alimentary Tract and Metabolism,A07,Antidiarrheals Intestinal Antiinflammatory/Antiinfective Agents,25369,0.43,836485,1.39,1.39
202504,Alimentary Tract and Metabolism,A09,Digestives Incl. Enzymes,3903,0.07,204919,0.34,0.34
202504,Alimentary Tract and Metabolism,A10,Drugs Used In Diabetes,105392,1.8,3120571,5.17,5.17
202504,Alimentary Tract and Metabolism,A11,Vitamins,195373,3.35,759917,1.26,1.26
202504,Alimentary Tract and Metabolism,A12,Mineral Supplements,131650,2.25,674615,1.12,1.12
202504,Alimentary Tract and Metabolism,A14,Anabolic Agents For Systemic Use,79,0,834,0,0
202504,Alimentary Tract and Metabolism,A16,Other Alimentary Tract and Metabolism Products,19,0,5987,0.01,0.01
202504,Alimentary Tract and Metabolism,,,,,,,
202504,Antiinfectives For Systemic Use,J01,Antibacterials For Systemic Use,189605,3.25,1155729,1.91,1.91
202504,Antiinfectives For Systemic Use,J02,Antimycotics For Systemic Use,8622,0.15,81066,0.13,0.13
202504,Antiinfectives For Systemic Use,J04,Antimycobacterials,588,0.01,15340,0.03,0.03
202504,Antiinfectives For Systemic Use,J05,Antivirals For Systemic Use,8351,0.14,281405,0.47,0.47
202504,Antiinfectives For Systemic Use,,,,,,,
202504,Antineoplastic and Immunomodulating Agents,L01,Antineoplastic Agents,4227,0.07,125280,0.21,0.21
202504,Antineoplastic and Immunomodulating Agents,L02,Endocrine Therapy,10776,0.18,205880,0.34,0.34
202504,Antineoplastic and Immunomodulating Agents,L04,Immunosuppressive Agents,16669,0.29,304008,0.5,0.5
202504,Antineoplastic and Immunomodulating Agents,,,,,,,
202504,Antiparasitic Products Insecticides and Repellents,P01,Antiprotozoals,10410,0.18,62426,0.1,0.1
202504,Antiparasitic Products Insecticides and Repellents,P02,Anthelmintics,1208,0.02,48148,0.08,0.08
202504,Antiparasitic Products Insecticides and Repellents,P03,Ectoparasiticides Incl. Scabicides Insecticides and Repellents,1877,0.03,27930,0.05,0.05
202504,Antiparasitic Products Insecticides and Repellents,,,,,,,
202504,Blood and Blood Forming Organs,B01,Antithrombotic Agents,263378,4.51,5516995,9.14,9.14
202504,Blood and Blood Forming Organs,B02,Antihemorrhagics,2678,0.05,26075,0.04,0.04
202504,Blood and Blood Forming Organs,B03,Antianemic Preparations,134920,2.31,201007,0.33,0.33
202504,Blood and Blood Forming Organs,B05,Blood Substitutes and Perfusion Solutions,1,0,29,0,0
202504,Blood and Blood Forming Organs,,,,,,,
202504,Cardiovascular System,C01,Cardiac Therapy,45858,0.79,577502,0.96,0.96
202504,Cardiovascular System,C02,Antihypertensives,19983,0.34,317799,0.53,0.53
202504,Cardiovascular System,C03,Diuretics,108578,1.86,299227,0.5,0.5
202504,Cardiovascular System,C04,Peripheral Vasodilators,2154,0.04,29190,0.05,0.05
202504,Cardiovascular System,C05,Vasoprotectives,11007,0.19,71916,0.12,0.12
202504,Cardiovascular System,C07,Beta Blocking Agents,178232,3.05,460953,0.76,0.76
202504,Cardiovascular System,C08,Calcium Channel Blockers,164028,2.81,499954,0.83,0.83
202504,Cardiovascular System,C09,Agents Acting On The Renin-Angiotensin System,311020,5.33,2383931,3.95,3.95
202504,Cardiovascular System,C10,Serum Lipid Reducing Agents,399705,6.84,1984398,3.29,3.29
202504,Cardiovascular System,,,,,,,
202504,Dermatologicals,D01,Antifungals For Dermatological Use,36892,0.63,233253,0.39,0.39
202504,Dermatologicals,D02,Emollients and Protectives,22552,0.39,56197,0.09,0.09
202504,Dermatologicals,D03,Preparations For Treatment Of Wounds and Ulcers,43,0,12786,0.02,0.02
202504,Dermatologicals,D05,Antipsoriatics,8048,0.14,316960,0.52,0.52
202504,Dermatologicals,D06,Antibiotics and Chemotherapeutics For Dermatological Use,7969,0.14,51952,0.09,0.09
202504,Dermatologicals,D07,Corticosteroids Dermatological Preparations,41238,0.71,232263,0.38,0.38
202504,Dermatologicals,D10,Anti-Acne Preparations,7971,0.14,116954,0.19,0.19
202504,Dermatologicals,D11,Other Dermatological Preparations,5158,0.09,181846,0.3,0.3
202504,Dermatologicals,,,,,,,
202504,Genito Urinary System and Sex Hormones,G01,Gynecological Antiinfectives and Antiseptics,242,0,2925,0,0
202504,Genito Urinary System and Sex Hormones,G02,Other Gynecologicals,1711,0.03,158538,0.26,0.26
202504,Genito Urinary System and Sex Hormones,G03,Sex Hormones and Modulators Of The Genital System,110378,1.89,988113,1.64,1.64
202504,Genito Urinary System and Sex Hormones,G04,Urologicals,140389,2.4,1978893,3.28,3.28
202504,Genito Urinary System and Sex Hormones,,,,,,,
202504,Musculo-Skeletal System,M01,Antiinflammatory and Antirheumatic Products,97990,1.68,639759,1.06,1.06
202504,Musculo-Skeletal System,M02,Topical Products For Joint and Muscular Pain,82619,1.41,507555,0.84,0.84
202504,Musculo-Skeletal System,M03,Muscle Relaxants,9355,0.16,82464,0.14,0.14
202504,Musculo-Skeletal System,M04,Antigout Preparations,39414,0.67,154336,0.26,0.26
202504,Musculo-Skeletal System,M05,Drugs For Treatment Of Bone Diseases,39146,0.67,1723303,2.85,2.85
202504,Musculo-Skeletal System,M09,Other Drugs For Disorders Of The Musculo-Skeletal System,10870,0.19,142903,0.24,0.24
202504,Musculo-Skeletal System,,,,,,,
202504,Nervous System,N01,Anesthetics,3213,0.06,160269,0.27,0.27
202504,Nervous System,N02,Analgesics,398686,6.83,3016966,5,5
202504,Nervous System,N03,Antiepileptics,58449,1,1289668,2.14,2.14
202504,Nervous System,N04,Anti-Parkinson Drugs,23386,0.4,290401,0.48,0.48
202504,Nervous System,N05,Psycholeptics,294444,5.04,2196043,3.64,3.64
202504,Nervous System,N06,Psychoanaleptics,401222,6.87,2832610,4.69,4.69
202504,Nervous System,N07,Other Nervous System Drugs,40043,0.69,958207,1.59,1.59
202504,Nervous System,,,,,,,
202504,Respiratory System,R01,Nasal Preparations,70607,1.21,731688,1.21,1.21
202504,Respiratory System,R03,Drugs For Obstructive Airway Diseases,308925,5.29,6243489,10.34,10.34
202504,Respiratory System,R05,Cough and Cold Preparations,23597,0.4,170420,0.28,0.28
202504,Respiratory System,R06,Antihistamines For Systemic Use,110758,1.9,461956,0.77,0.77
202504,Respiratory System,,,,,,,
202504,Sensory Organs,S01,Ophthalmologicals,158655,2.72,1321174,2.19,2.19
202504,Sensory Organs,S02,Otologicals,2851,0.05,14044,0.02,0.02
202504,Sensory Organs,S03,Ophthalmological and Otological Preparations,5240,0.09,9268,0.02,0.02
202504,Sensory Organs,,,,,,,
202504,Systemic Hormonal Preparations Excl. Sex Hormones and Insulins,H01,Pituitary and Hypothalamic Hormones and Analogues,1175,0.02,63106,0.1,0.1
202504,Systemic Hormonal Preparations Excl. Sex Hormones and Insulins,H02,Corticosteroids For Systemic Use,10930,0.19,135584,0.22,0.22
202504,Systemic Hormonal Preparations Excl. Sex Hormones and Insulins,H03,Thyroid Therapy,183404,3.14,319439,0.53,0.53
202504,Systemic Hormonal Preparations Excl. Sex Hormones and Insulins,H04,Pancreatic Hormones,201,0,3780,0.01,0.01
202504,Systemic Hormonal Preparations Excl. Sex Hormones and Insulins,,,,,,,
202504,Various,V01,Allergens,206,0,15405,0.03,0.03
202504,Various,V03,All Other Therapeutic Products,1729,0.03,144405,0.24,0.24
202504,Various,V04,Diagnostic Agents,10361,0.18,218927,0.36,0.36
202504,Various,V06,General Nutrients,60360,1.03,4017997,6.65,6.65
202504,Various,V07,All Other Non-Therapeutic Products,,,,,6.42
202504,Various,V07 1,Ostomy Requisites,39574,0.68,2131243,3.53,3.53
202504,Various,V07 2,Urinary Requisites,16852,0.29,1356387,2.25,2.25
202504,Various,V07 3,Needles/Syringes/Lancets,9467,0.16,105019,0.17,0.17
202504,Various,V07 4,Dressings,4525,0.08,240849,0.4,0.4
202504,Various,V07 5,Miscellaneous,3340,0.06,42248,0.07,0.07
202504,Various,,,,,,,
202505,Alimentary Tract and Metabolism,A01,Stomatological Preparations,58350,0.97,225286,0.36,0.36
202505,Alimentary Tract and Metabolism,A02,Drugs For Acid Related Disorders,414454,6.92,2380455,3.83,3.83
202505,Alimentary Tract and Metabolism,A03,Drugs For Functional Gastrointestinal Disorders,24731,0.41,176522,0.28,0.28
202505,Alimentary Tract and Metabolism,A04,Antiemetics and Antinauseants,5005,0.08,321928,0.52,0.52
202505,Alimentary Tract and Metabolism,A05,Bile and Liver Therapy,3054,0.05,67381,0.11,0.11
202505,Alimentary Tract and Metabolism,A06,Laxatives,84918,1.42,946398,1.52,1.52
202505,Alimentary Tract and Metabolism,A07,Antidiarrheals Intestinal Antiinflammatory/Antiinfective Agents,26610,0.44,863991,1.39,1.39
202505,Alimentary Tract and Metabolism,A09,Digestives Incl. Enzymes,4037,0.07,215416,0.35,0.35
202505,Alimentary Tract and Metabolism,A10,Drugs Used In Diabetes,109492,1.83,3262771,5.25,5.25
202505,Alimentary Tract and Metabolism,A11,Vitamins,199138,3.33,766044,1.23,1.23
202505,Alimentary Tract and Metabolism,A12,Mineral Supplements,135281,2.26,692729,1.11,1.11
202505,Alimentary Tract and Metabolism,A14,Anabolic Agents For Systemic Use,75,0,756,0,0
202505,Alimentary Tract and Metabolism,A16,Other Alimentary Tract and Metabolism Products,24,0,7079,0.01,0.01
202505,Alimentary Tract and Metabolism,,,,,,,
202505,Antiinfectives For Systemic Use,J01,Antibacterials For Systemic Use,183190,3.06,1143540,1.84,1.84
202505,Antiinfectives For Systemic Use,J02,Antimycotics For Systemic Use,8890,0.15,87330,0.14,0.14
202505,Antiinfectives For Systemic Use,J04,Antimycobacterials,682,0.01,17199,0.03,0.03
202505,Antiinfectives For Systemic Use,J05,Antivirals For Systemic Use,8178,0.14,279296,0.45,0.45
202505,Antiinfectives For Systemic Use,,,,,,,
202505,Antineoplastic and Immunomodulating Agents,L01,Antineoplastic Agents,4318,0.07,133076,0.21,0.21
202505,Antineoplastic and Immunomodulating Agents,L02,Endocrine Therapy,10856,0.18,204957,0.33,0.33
202505,Antineoplastic and Immunomodulating Agents,L04,Immunosuppressive Agents,17141,0.29,316204,0.51,0.51
202505,Antineoplastic and Immunomodulating Agents,,,,,,,
202505,Antiparasitic Products Insecticides and Repellents,P01,Antiprotozoals,11019,0.18,73500,0.12,0.12
202505,Antiparasitic Products Insecticides and Repellents,P02,Anthelmintics,1024,0.02,38650,0.06,0.06
202505,Antiparasitic Products Insecticides and Repellents,P03,Ectoparasiticides Incl. Scabicides Insecticides and Repellents,1529,0.03,22290,0.04,0.04
202505,Antiparasitic Products Insecticides and Repellents,,,,,,,
202505,Blood and Blood Forming Organs,B01,Antithrombotic Agents,270010,4.51,5687200,9.15,9.15
202505,Blood and Blood Forming Organs,B02,Antihemorrhagics,2913,0.05,28055,0.05,0.05
202505,Blood and Blood Forming Organs,B03,Antianemic Preparations,136837,2.29,202084,0.33,0.33
202505,Blood and Blood Forming Organs,B05,Blood Substitutes and Perfusion Solutions,1,0,29,0,0
202505,Blood and Blood Forming Organs,,,,,,,
202505,Cardiovascular System,C01,Cardiac Therapy,47278,0.79,620025,1,1
202505,Cardiovascular System,C02,Antihypertensives,20656,0.34,325422,0.52,0.52
202505,Cardiovascular System,C03,Diuretics,112176,1.87,309732,0.5,0.5
202505,Cardiovascular System,C04,Peripheral Vasodilators,2236,0.04,29505,0.05,0.05
202505,Cardiovascular System,C05,Vasoprotectives,11444,0.19,75007,0.12,0.12
202505,Cardiovascular System,C07,Beta Blocking Agents,182458,3.05,472133,0.76,0.76
202505,Cardiovascular System,C08,Calcium Channel Blockers,168124,2.81,512742,0.82,0.82
202505,Cardiovascular System,C09,Agents Acting On The Renin-Angiotensin System,319507,5.34,2454249,3.95,3.95
202505,Cardiovascular System,C10,Serum Lipid Reducing Agents,411195,6.87,2052912,3.3,3.3
202505,Cardiovascular System,,,,,,,
202505,Dermatologicals,D01,Antifungals For Dermatological Use,38680,0.65,247537,0.4,0.4
202505,Dermatologicals,D02,Emollients and Protectives,22939,0.38,57356,0.09,0.09
202505,Dermatologicals,D03,Preparations For Treatment Of Wounds and Ulcers,33,0,9507,0.02,0.02
202505,Dermatologicals,D05,Antipsoriatics,8539,0.14,338691,0.54,0.54
202505,Dermatologicals,D06,Antibiotics and Chemotherapeutics For Dermatological Use,8712,0.15,56831,0.09,0.09
202505,Dermatologicals,D07,Corticosteroids Dermatological Preparations,42543,0.71,240695,0.39,0.39
202505,Dermatologicals,D10,Anti-Acne Preparations,7936,0.13,116243,0.19,0.19
202505,Dermatologicals,D11,Other Dermatological Preparations,5427,0.09,191716,0.31,0.31
202505,Dermatologicals,,,,,,,
202505,Genito Urinary System and Sex Hormones,G01,Gynecological Antiinfectives and Antiseptics,270,0,3266,0.01,0.01
202505,Genito Urinary System and Sex Hormones,G02,Other Gynecologicals,1826,0.03,165548,0.27,0.27
202505,Genito Urinary System and Sex Hormones,G03,Sex Hormones and Modulators Of The Genital System,114367,1.91,1017666,1.64,1.64
202505,Genito Urinary System and Sex Hormones,G04,Urologicals,144257,2.41,2047993,3.29,3.29
202505,Genito Urinary System and Sex Hormones,,,,,,,
202505,Musculo-Skeletal System,M01,Antiinflammatory and Antirheumatic Products,101020,1.69,664177,1.07,1.07
202505,Musculo-Skeletal System,M02,Topical Products For Joint and Muscular Pain,85153,1.42,505044,0.81,0.81
202505,Musculo-Skeletal System,M03,Muscle Relaxants,9537,0.16,82134,0.13,0.13
202505,Musculo-Skeletal System,M04,Antigout Preparations,40458,0.68,158488,0.25,0.25
202505,Musculo-Skeletal System,M05,Drugs For Treatment Of Bone Diseases,40649,0.68,1857361,2.99,2.99
202505,Musculo-Skeletal System,M09,Other Drugs For Disorders Of The Musculo-Skeletal System,11265,0.19,138696,0.22,0.22
202505,Musculo-Skeletal System,,,,,,,
202505,Nervous System,N01,Anesthetics,3272,0.05,158094,0.25,0.25
202505,Nervous System,N02,Analgesics,410188,6.85,3139123,5.05,5.05
202505,Nervous System,N03,Antiepileptics,60118,1,1321906,2.13,2.13
202505,Nervous System,N04,Anti-Parkinson Drugs,24071,0.4,299844,0.48,0.48
202505,Nervous System,N05,Psycholeptics,300643,5.02,2223823,3.58,3.58
202505,Nervous System,N06,Psychoanaleptics,411761,6.88,2923758,4.7,4.7
202505,Nervous System,N07,Other Nervous System Drugs,40781,0.68,964124,1.55,1.55
202505,Nervous System,,,,,,,
202505,Respiratory System,R01,Nasal Preparations,73658,1.23,590652,0.95,0.95
202505,Respiratory System,R03,Drugs For Obstructive Airway Diseases,315724,5.27,6419926,10.32,10.32
202505,Respiratory System,R05,Cough and Cold Preparations,21614,0.36,164333,0.26,0.26
202505,Respiratory System,R06,Antihistamines For Systemic Use,119501,2,503234,0.81,0.81
202505,Respiratory System,,,,,,,
202505,Sensory Organs,S01,Ophthalmologicals,163954,2.74,1372131,2.21,2.21
202505,Sensory Organs,S02,Otologicals,2877,0.05,14238,0.02,0.02
202505,Sensory Organs,S03,Ophthalmological and Otological Preparations,5319,0.09,9415,0.02,0.02
202505,Sensory Organs,,,,,,,
202505,Systemic Hormonal Preparations Excl. Sex Hormones and Insulins,H01,Pituitary and Hypothalamic Hormones and Analogues,1183,0.02,64401,0.1,0.1
202505,Systemic Hormonal Preparations Excl. Sex Hormones and Insulins,H02,Corticosteroids For Systemic Use,11287,0.19,136373,0.22,0.22
202505,Systemic Hormonal Preparations Excl. Sex Hormones and Insulins,H03,Thyroid Therapy,187712,3.14,327128,0.53,0.53
202505,Systemic Hormonal Preparations Excl. Sex Hormones and Insulins,H04,Pancreatic Hormones,225,0,4163,0.01,0.01
202505,Systemic Hormonal Preparations Excl. Sex Hormones and Insulins,,,,,,,
202505,Various,V01,Allergens,209,0,15816,0.03,0.03
202505,Various,V03,All Other Therapeutic Products,1718,0.03,147235,0.24,0.24
202505,Various,V04,Diagnostic Agents,10642,0.18,225959,0.36,0.36
202505,Various,V06,General Nutrients,63543,1.06,4203245,6.76,6.76
202505,Various,V07,All Other Non-Therapeutic Products,,,,,6.5
202505,Various,V07 1,Ostomy Requisites,42097,0.7,2241128,3.6,3.6
202505,Various,V07 2,Urinary Requisites,17063,0.28,1384606,2.23,2.23
202505,Various,V07 3,Needles/Syringes/Lancets,9549,0.16,104381,0.17,0.17
202505,Various,V07 4,Dressings,4840,0.08,267275,0.43,0.43
202505,Various,V07 5,Miscellaneous,3378,0.06,42365,0.07,0.07
202505,Various,,,,,,,
202506,Alimentary Tract and Metabolism,A01,Stomatological Preparations,55841,0.97,208731,0.35,0.35
202506,Alimentary Tract and Metabolism,A02,Drugs For Acid Related Disorders,398500,6.94,2286815,3.82,3.82
202506,Alimentary Tract and Metabolism,A03,Drugs For Functional Gastrointestinal Disorders,22803,0.4,174950,0.29,0.29
202506,Alimentary Tract and Metabolism,A04,Antiemetics and Antinauseants,4722,0.08,296757,0.5,0.5
202506,Alimentary Tract and Metabolism,A05,Bile and Liver Therapy,2960,0.05,64952,0.11,0.11
202506,Alimentary Tract and Metabolism,A06,Laxatives,80851,1.41,905755,1.51,1.51
202506,Alimentary Tract and Metabolism,A07,Antidiarrheals Intestinal Antiinflammatory/Antiinfective Agents,24998,0.44,825222,1.38,1.38
202506,Alimentary Tract and Metabolism,A09,Digestives Incl. Enzymes,3831,0.07,205664,0.34,0.34
202506,Alimentary Tract and Metabolism,A10,Drugs Used In Diabetes,107309,1.87,3227292,5.39,5.39
202506,Alimentary Tract and Metabolism,A11,Vitamins,191573,3.34,732206,1.22,1.22
202506,Alimentary Tract and Metabolism,A12,Mineral Supplements,129971,2.26,662680,1.11,1.11
202506,Alimentary Tract and Metabolism,A14,Anabolic Agents For Systemic Use,82,0,774,0,0
202506,Alimentary Tract and Metabolism,A16,Other Alimentary Tract and Metabolism Products,20,0,6689,0.01,0.01
202506,Alimentary Tract and Metabolism,,,,,,,
202506,Antiinfectives For Systemic Use,J01,Antibacterials For Systemic Use,175610,3.06,1100715,1.84,1.84
202506,Antiinfectives For Systemic Use,J02,Antimycotics For Systemic Use,8587,0.15,83292,0.14,0.14
202506,Antiinfectives For Systemic Use,J04,Antimycobacterials,654,0.01,17010,0.03,0.03
202506,Antiinfectives For Systemic Use,J05,Antivirals For Systemic Use,8017,0.14,324118,0.54,0.54
202506,Antiinfectives For Systemic Use,,,,,,,
202506,Antineoplastic and Immunomodulating Agents,L01,Antineoplastic Agents,3994,0.07,121906,0.2,0.2
202506,Antineoplastic and Immunomodulating Agents,L02,Endocrine Therapy,10448,0.18,200373,0.33,0.33
202506,Antineoplastic and Immunomodulating Agents,L04,Immunosuppressive Agents,16439,0.29,304117,0.51,0.51
202506,Antineoplastic and Immunomodulating Agents,,,,,,,
202506,Antiparasitic Products Insecticides and Repellents,P01,Antiprotozoals,10488,0.18,78428,0.13,0.13
202506,Antiparasitic Products Insecticides and Repellents,P02,Anthelmintics,1042,0.02,38364,0.06,0.06
202506,Antiparasitic Products Insecticides and Repellents,P03,Ectoparasiticides Incl. Scabicides Insecticides and Repellents,1511,0.03,22299,0.04,0.04
202506,Antiparasitic Products Insecticides and Repellents,,,,,,,
202506,Blood and Blood Forming Organs,B01,Antithrombotic Agents,260518,4.54,5525057,9.23,9.23
202506,Blood and Blood Forming Organs,B02,Antihemorrhagics,2735,0.05,25782,0.04,0.04
202506,Blood and Blood Forming Organs,B03,Antianemic Preparations,131788,2.3,199212,0.33,0.33
202506,Blood and Blood Forming Organs,B05,Blood Substitutes and Perfusion Solutions,1,0,29,0,0
202506,Blood and Blood Forming Organs,,,,,,,
202506,Cardiovascular System,C01,Cardiac Therapy,45680,0.8,608558,1.02,1.02
202506,Cardiovascular System,C02,Antihypertensives,19891,0.35,306766,0.51,0.51
202506,Cardiovascular System,C03,Diuretics,108265,1.89,303480,0.51,0.51
202506,Cardiovascular System,C04,Peripheral Vasodilators,2196,0.04,29645,0.05,0.05
202506,Cardiovascular System,C05,Vasoprotectives,10498,0.18,66336,0.11,0.11
202506,Cardiovascular System,C07,Beta Blocking Agents,176282,3.07,455060,0.76,0.76
202506,Cardiovascular System,C08,Calcium Channel Blockers,161757,2.82,493539,0.82,0.82
202506,Cardiovascular System,C09,Agents Acting On The Renin-Angiotensin System,307722,5.36,2371368,3.96,3.96
202506,Cardiovascular System,C10,Serum Lipid Reducing Agents,396513,6.91,1983437,3.31,3.31
202506,Cardiovascular System,,,,,,,
202506,Dermatologicals,D01,Antifungals For Dermatological Use,36632,0.64,234105,0.39,0.39
202506,Dermatologicals,D02,Emollients and Protectives,21533,0.37,54016,0.09,0.09
202506,Dermatologicals,D03,Preparations For Treatment Of Wounds and Ulcers,37,0,13117,0.02,0.02
202506,Dermatologicals,D05,Antipsoriatics,7772,0.14,307585,0.51,0.51
202506,Dermatologicals,D06,Antibiotics and Chemotherapeutics For Dermatological Use,7714,0.13,50548,0.08,0.08
202506,Dermatologicals,D07,Corticosteroids Dermatological Preparations,39280,0.68,222870,0.37,0.37
202506,Dermatologicals,D10,Anti-Acne Preparations,7572,0.13,111018,0.19,0.19
202506,Dermatologicals,D11,Other Dermatological Preparations,4994,0.09,177675,0.3,0.3
202506,Dermatologicals,,,,,,,
202506,Genito Urinary System and Sex Hormones,G01,Gynecological Antiinfectives and Antiseptics,249,0,3200,0.01,0.01
202506,Genito Urinary System and Sex Hormones,G02,Other Gynecologicals,1696,0.03,155253,0.26,0.26
202506,Genito Urinary System and Sex Hormones,G03,Sex Hormones and Modulators Of The Genital System,109520,1.91,947735,1.58,1.58
202506,Genito Urinary System and Sex Hormones,G04,Urologicals,139732,2.43,1980354,3.31,3.31
202506,Genito Urinary System and Sex Hormones,,,,,,,
202506,Musculo-Skeletal System,M01,Antiinflammatory and Antirheumatic Products,94036,1.64,616978,1.03,1.03
202506,Musculo-Skeletal System,M02,Topical Products For Joint and Muscular Pain,80251,1.4,483315,0.81,0.81
202506,Musculo-Skeletal System,M03,Muscle Relaxants,9232,0.16,80479,0.13,0.13
202506,Musculo-Skeletal System,M04,Antigout Preparations,39195,0.68,153776,0.26,0.26
202506,Musculo-Skeletal System,M05,Drugs For Treatment Of Bone Diseases,38923,0.68,1770005,2.96,2.96
202506,Musculo-Skeletal System,M09,Other Drugs For Disorders Of The Musculo-Skeletal System,10832,0.19,139259,0.23,0.23
202506,Musculo-Skeletal System,,,,,,,
202506,Nervous System,N01,Anesthetics,3049,0.05,151341,0.25,0.25
202506,Nervous System,N02,Analgesics,390378,6.8,2943756,4.92,4.92
202506,Nervous System,N03,Antiepileptics,57981,1.01,1287524,2.15,2.15
202506,Nervous System,N04,Anti-Parkinson Drugs,23471,0.41,290404,0.49,0.49
202506,Nervous System,N05,Psycholeptics,287849,5.01,2133934,3.57,3.57
202506,Nervous System,N06,Psychoanaleptics,395392,6.89,2789325,4.66,4.66
202506,Nervous System,N07,Other Nervous System Drugs,37567,0.65,872087,1.46,1.46
202506,Nervous System,,,,,,,
202506,Respiratory System,R01,Nasal Preparations,70228,1.22,572657,0.96,0.96
202506,Respiratory System,R03,Drugs For Obstructive Airway Diseases,300104,5.23,6156548,10.29,10.29
202506,Respiratory System,R05,Cough and Cold Preparations,20653,0.36,157176,0.26,0.26
202506,Respiratory System,R06,Antihistamines For Systemic Use,116555,2.03,494307,0.83,0.83
202506,Respiratory System,,,,,,,
202506,Sensory Organs,S01,Ophthalmologicals,158100,2.75,1323143,2.21,2.21
202506,Sensory Organs,S02,Otologicals,2840,0.05,14043,0.02,0.02
202506,Sensory Organs,S03,Ophthalmological and Otological Preparations,5235,0.09,9429,0.02,0.02
202506,Sensory Organs,,,,,,,
202506,Systemic Hormonal Preparations Excl. Sex Hormones and Insulins,H01,Pituitary and Hypothalamic Hormones and Analogues,1167,0.02,64585,0.11,0.11
202506,Systemic Hormonal Preparations Excl. Sex Hormones and Insulins,H02,Corticosteroids For Systemic Use,10529,0.18,132499,0.22,0.22
202506,Systemic Hormonal Preparations Excl. Sex Hormones and Insulins,H03,Thyroid Therapy,181115,3.15,314708,0.53,0.53
202506,Systemic Hormonal Preparations Excl. Sex Hormones and Insulins,H04,Pancreatic Hormones,170,0,3227,0.01,0.01
202506,Systemic Hormonal Preparations Excl. Sex Hormones and Insulins,,,,,,,
202506,Various,V01,Allergens,211,0,15799,0.03,0.03
202506,Various,V03,All Other Therapeutic Products,1731,0.03,144720,0.24,0.24
202506,Various,V04,Diagnostic Agents,10317,0.18,218568,0.37,0.37
202506,Various,V06,General Nutrients,60852,1.06,4097939,6.85,6.85
202506,Various,V07,All Other Non-Therapeutic Products,,,,,6.5
202506,Various,V07 1,Ostomy Requisites,40115,0.7,2135866,3.57,3.57
202506,Various,V07 2,Urinary Requisites,16589,0.29,1345810,2.25,2.25
202506,Various,V07 3,Needles/Syringes/Lancets,8864,0.15,99873,0.17,0.17
202506,Various,V07 4,Dressings,4816,0.08,252693,0.42,0.42
202506,Various,V07 5,Miscellaneous,3154,0.05,55503,0.09,0.09
202506,Various,,,,,,,
202507,Alimentary Tract and Metabolism,A01,Stomatological Preparations,54483,0.91,197597,0.32,0.32
202507,Alimentary Tract and Metabolism,A02,Drugs For Acid Related Disorders,417497,6.94,2398737,3.83,3.83
202507,Alimentary Tract and Metabolism,A03,Drugs For Functional Gastrointestinal Disorders,23876,0.4,178652,0.29,0.29
202507,Alimentary Tract and Metabolism,A04,Antiemetics and Antinauseants,5258,0.09,335911,0.54,0.54
202507,Alimentary Tract and Metabolism,A05,Bile and Liver Therapy,3037,0.05,66937,0.11,0.11
202507,Alimentary Tract and Metabolism,A06,Laxatives,85169,1.41,953946,1.52,1.52
202507,Alimentary Tract and Metabolism,A07,Antidiarrheals Intestinal Antiinflammatory/Antiinfective Agents,26674,0.44,877426,1.4,1.4
202507,Alimentary Tract and Metabolism,A09,Digestives Incl. Enzymes,3993,0.07,221527,0.35,0.35
202507,Alimentary Tract and Metabolism,A10,Drugs Used In Diabetes,112983,1.88,3422853,5.46,5.46
202507,Alimentary Tract and Metabolism,A11,Vitamins,199609,3.32,760690,1.21,1.21
202507,Alimentary Tract and Metabolism,A12,Mineral Supplements,137117,2.28,699655,1.12,1.12
202507,Alimentary Tract and Metabolism,A14,Anabolic Agents For Systemic Use,75,0,743,0,0
202507,Alimentary Tract and Metabolism,A16,Other Alimentary Tract and Metabolism Products,19,0,7469,0.01,0.01
202507,Alimentary Tract and Metabolism,,,,,,,
202507,Antiinfectives For Systemic Use,J01,Antibacterials For Systemic Use,175183,2.91,1129995,1.8,1.8
202507,Antiinfectives For Systemic Use,J02,Antimycotics For Systemic Use,9135,0.15,90902,0.15,0.15
202507,Antiinfectives For Systemic Use,J04,Antimycobacterials,637,0.01,16047,0.03,0.03
202507,Antiinfectives For Systemic Use,J05,Antivirals For Systemic Use,8694,0.14,379414,0.61,0.61
202507,Antiinfectives For Systemic Use,,,,,,,
202507,Antineoplastic and Immunomodulating Agents,L01,Antineoplastic Agents,4241,0.07,129641,0.21,0.21
202507,Antineoplastic and Immunomodulating Agents,L02,Endocrine Therapy,10879,0.18,206868,0.33,0.33
202507,Antineoplastic and Immunomodulating Agents,L04,Immunosuppressive Agents,17149,0.28,319874,0.51,0.51
202507,Antineoplastic and Immunomodulating Agents,,,,,,,
202507,Antiparasitic Products Insecticides and Repellents,P01,Antiprotozoals,11084,0.18,76548,0.12,0.12
202507,Antiparasitic Products Insecticides and Repellents,P02,Anthelmintics,1063,0.02,41362,0.07,0.07
202507,Antiparasitic Products Insecticides and Repellents,P03,Ectoparasiticides Incl. Scabicides Insecticides and Repellents,1651,0.03,23752,0.04,0.04
202507,Antiparasitic Products Insecticides and Repellents,,,,,,,
202507,Blood and Blood Forming Organs,B01,Antithrombotic Agents,271824,4.52,5631434,8.99,8.99
202507,Blood and Blood Forming Organs,B02,Antihemorrhagics,2974,0.05,26789,0.04,0.04
202507,Blood and Blood Forming Organs,B03,Antianemic Preparations,141635,2.35,215123,0.34,0.34
202507,Blood and Blood Forming Organs,B05,Blood Substitutes and Perfusion Solutions,1,0,37,0,0
202507,Blood and Blood Forming Organs,,,,,,,
202507,Cardiovascular System,C01,Cardiac Therapy,47610,0.79,633767,1.01,1.01
202507,Cardiovascular System,C02,Antihypertensives,20959,0.35,327273,0.52,0.52
202507,Cardiovascular System,C03,Diuretics,113567,1.89,318023,0.51,0.51
202507,Cardiovascular System,C04,Peripheral Vasodilators,2253,0.04,28519,0.05,0.05
202507,Cardiovascular System,C05,Vasoprotectives,11341,0.19,72484,0.12,0.12
202507,Cardiovascular System,C07,Beta Blocking Agents,183612,3.05,473345,0.76,0.76
202507,Cardiovascular System,C08,Calcium Channel Blockers,169522,2.82,517003,0.83,0.83
202507,Cardiovascular System,C09,Agents Acting On The Renin-Angiotensin System,322581,5.36,2494339,3.98,3.98
202507,Cardiovascular System,C10,Serum Lipid Reducing Agents,416058,6.91,2094065,3.34,3.34
202507,Cardiovascular System,,,,,,,
202507,Dermatologicals,D01,Antifungals For Dermatological Use,39775,0.66,256696,0.41,0.41
202507,Dermatologicals,D02,Emollients and Protectives,22444,0.37,56436,0.09,0.09
202507,Dermatologicals,D03,Preparations For Treatment Of Wounds and Ulcers,44,0,15450,0.02,0.02
202507,Dermatologicals,D05,Antipsoriatics,8097,0.13,319467,0.51,0.51
202507,Dermatologicals,D06,Antibiotics and Chemotherapeutics For Dermatological Use,8693,0.14,57289,0.09,0.09
202507,Dermatologicals,D07,Corticosteroids Dermatological Preparations,43575,0.72,246397,0.39,0.39
202507,Dermatologicals,D10,Anti-Acne Preparations,8224,0.14,121284,0.19,0.19
202507,Dermatologicals,D11,Other Dermatological Preparations,5292,0.09,188855,0.3,0.3
202507,Dermatologicals,,,,,,,
202507,Genito Urinary System and Sex Hormones,G01,Gynecological Antiinfectives and Antiseptics,238,0,3264,0.01,0.01
202507,Genito Urinary System and Sex Hormones,G02,Other Gynecologicals,1799,0.03,161372,0.26,0.26
202507,Genito Urinary System and Sex Hormones,G03,Sex Hormones and Modulators Of The Genital System,116553,1.94,1007903,1.61,1.61
202507,Genito Urinary System and Sex Hormones,G04,Urologicals,145424,2.42,2076238,3.31,3.31
202507,Genito Urinary System and Sex Hormones,,,,,,,
202507,Musculo-Skeletal System,M01,Antiinflammatory and Antirheumatic Products,100152,1.66,656081,1.05,1.05
202507,Musculo-Skeletal System,M02,Topical Products For Joint and Muscular Pain,85209,1.42,515594,0.82,0.82
202507,Musculo-Skeletal System,M03,Muscle Relaxants,9717,0.16,81955,0.13,0.13
202507,Musculo-Skeletal System,M04,Antigout Preparations,41023,0.68,161047,0.26,0.26
202507,Musculo-Skeletal System,M05,Drugs For Treatment Of Bone Diseases,40263,0.67,1716848,2.74,2.74
202507,Musculo-Skeletal System,M09,Other Drugs For Disorders Of The Musculo-Skeletal System,11446,0.19,148586,0.24,0.24
202507,Musculo-Skeletal System,,,,,,,
202507,Nervous System,N01,Anesthetics,3290,0.05,160530,0.26,0.26
202507,Nervous System,N02,Analgesics,412707,6.86,3125632,4.99,4.99
202507,Nervous System,N03,Antiepileptics,60743,1.01,1339063,2.14,2.14
202507,Nervous System,N04,Anti-Parkinson Drugs,24310,0.4,303279,0.48,0.48
202507,Nervous System,N05,Psycholeptics,304018,5.05,2271719,3.63,3.63
202507,Nervous System,N06,Psychoanaleptics,418493,6.95,2952934,4.71,4.71
202507,Nervous System,N07,Other Nervous System Drugs,39312,0.65,903421,1.44,1.44
202507,Nervous System,,,,,,,
202507,Respiratory System,R01,Nasal Preparations,70823,1.18,585066,0.93,0.93
202507,Respiratory System,R03,Drugs For Obstructive Airway Diseases,310889,5.16,6438479,10.28,10.28
202507,Respiratory System,R05,Cough and Cold Preparations,19986,0.33,152644,0.24,0.24
202507,Respiratory System,R06,Antihistamines For Systemic Use,121124,2.01,510521,0.81,0.81
202507,Respiratory System,,,,,,,
202507,Sensory Organs,S01,Ophthalmologicals,165924,2.76,1393488,2.22,2.22
202507,Sensory Organs,S02,Otologicals,3386,0.06,16566,0.03,0.03
202507,Sensory Organs,S03,Ophthalmological and Otological Preparations,5447,0.09,9614,0.02,0.02
202507,Sensory Organs,,,,,,,
202507,Systemic Hormonal Preparations Excl. Sex Hormones and Insulins,H01,Pituitary and Hypothalamic Hormones and Analogues,1211,0.02,65391,0.1,0.1
202507,Systemic Hormonal Preparations Excl. Sex Hormones and Insulins,H02,Corticosteroids For Systemic Use,11215,0.19,138619,0.22,0.22
202507,Systemic Hormonal Preparations Excl. Sex Hormones and Insulins,H03,Thyroid Therapy,189744,3.15,330116,0.53,0.53
202507,Systemic Hormonal Preparations Excl. Sex Hormones and Insulins,H04,Pancreatic Hormones,175,0,3241,0.01,0.01
202507,Systemic Hormonal Preparations Excl. Sex Hormones and Insulins,,,,,,,
202507,Various,V01,Allergens,184,0,14012,0.02,0.02
202507,Various,V03,All Other Therapeutic Products,1793,0.03,151564,0.24,0.24
202507,Various,V04,Diagnostic Agents,10714,0.18,227087,0.36,0.36
202507,Various,V06,General Nutrients,64589,1.07,4294165,6.85,6.85
202507,Various,V07,All Other Non-Therapeutic Products,,,,,6.54
202507,Various,V07 1,Ostomy Requisites,42545,0.71,2270750,3.62,3.62
202507,Various,V07 2,Urinary Requisites,17728,0.29,1426879,2.28,2.28
202507,Various,V07 3,Needles/Syringes/Lancets,9277,0.15,104137,0.17,0.17
202507,Various,V07 4,Dressings,4875,0.08,250908,0.4,0.4
202507,Various,V07 5,Miscellaneous,3462,0.06,44922,0.07,0.07
202507,Various,,,,,,,
202508,Alimentary Tract and Metabolism,A01,Stomatological Preparations,49485,0.85,172369,0.29,0.29
202508,Alimentary Tract and Metabolism,A02,Drugs For Acid Related Disorders,403036,6.96,2306694,3.82,3.82
202508,Alimentary Tract and Metabolism,A03,Drugs For Functional Gastrointestinal Disorders,22469,0.39,165600,0.27,0.27
202508,Alimentary Tract and Metabolism,A04,Antiemetics and Antinauseants,4964,0.09,320931,0.53,0.53
202508,Alimentary Tract and Metabolism,A05,Bile and Liver Therapy,3036,0.05,66468,0.11,0.11
202508,Alimentary Tract and Metabolism,A06,Laxatives,82596,1.43,925026,1.53,1.53
202508,Alimentary Tract and Metabolism,A07,Antidiarrheals Intestinal Antiinflammatory/Antiinfective Agents,25259,0.44,841675,1.39,1.39
202508,Alimentary Tract and Metabolism,A09,Digestives Incl. Enzymes,3863,0.07,215863,0.36,0.36
202508,Alimentary Tract and Metabolism,A10,Drugs Used In Diabetes,110143,1.9,3364693,5.57,5.57
202508,Alimentary Tract and Metabolism,A11,Vitamins,192162,3.32,726931,1.2,1.2
202508,Alimentary Tract and Metabolism,A12,Mineral Supplements,132901,2.29,678079,1.12,1.12
202508,Alimentary Tract and Metabolism,A14,Anabolic Agents For Systemic Use,78,0,673,0,0
202508,Alimentary Tract and Metabolism,A16,Other Alimentary Tract and Metabolism Products,18,0,6572,0.01,0.01
202508,Alimentary Tract and Metabolism,,,,,,,
202508,Antiinfectives For Systemic Use,J01,Antibacterials For Systemic Use,164176,2.83,1067512,1.77,1.77
202508,Antiinfectives For Systemic Use,J02,Antimycotics For Systemic Use,8634,0.15,82670,0.14,0.14
202508,Antiinfectives For Systemic Use,J04,Antimycobacterials,585,0.01,14824,0.02,0.02
202508,Antiinfectives For Systemic Use,J05,Antivirals For Systemic Use,8114,0.14,379484,0.63,0.63
202508,Antiinfectives For Systemic Use,,,,,,,
202508,Antineoplastic and Immunomodulating Agents,L01,Antineoplastic Agents,4022,0.07,123279,0.2,0.2
202508,Antineoplastic and Immunomodulating Agents,L02,Endocrine Therapy,10520,0.18,197427,0.33,0.33
202508,Antineoplastic and Immunomodulating Agents,L04,Immunosuppressive Agents,16663,0.29,310127,0.51,0.51
202508,Antineoplastic and Immunomodulating Agents,,,,,,,
202508,Antiparasitic Products Insecticides and Repellents,P01,Antiprotozoals,10182,0.18,62197,0.1,0.1
202508,Antiparasitic Products Insecticides and Repellents,P02,Anthelmintics,1038,0.02,40621,0.07,0.07
202508,Antiparasitic Products Insecticides and Repellents,P03,Ectoparasiticides Incl. Scabicides Insecticides and Repellents,1931,0.03,28941,0.05,0.05
202508,Antiparasitic Products Insecticides and Repellents,,,,,,,
202508,Blood and Blood Forming Organs,B01,Antithrombotic Agents,263393,4.55,5402159,8.94,8.94
202508,Blood and Blood Forming Organs,B02,Antihemorrhagics,2798,0.05,25912,0.04,0.04
202508,Blood and Blood Forming Organs,B03,Antianemic Preparations,136774,2.36,199809,0.33,0.33
202508,Blood and Blood Forming Organs,B05,Blood Substitutes and Perfusion Solutions,3,0,31,0,0
202508,Blood and Blood Forming Organs,,,,,,,
202508,Cardiovascular System,C01,Cardiac Therapy,46437,0.8,654523,1.08,1.08
202508,Cardiovascular System,C02,Antihypertensives,20180,0.35,322333,0.53,0.53
202508,Cardiovascular System,C03,Diuretics,109623,1.89,311294,0.52,0.52
202508,Cardiovascular System,C04,Peripheral Vasodilators,2158,0.04,27224,0.05,0.05
202508,Cardiovascular System,C05,Vasoprotectives,10462,0.18,66935,0.11,0.11
202508,Cardiovascular System,C07,Beta Blocking Agents,178035,3.07,461084,0.76,0.76
202508,Cardiovascular System,C08,Calcium Channel Blockers,164096,2.83,501842,0.83,0.83
202508,Cardiovascular System,C09,Agents Acting On The Renin-Angiotensin System,311954,5.39,2419138,4.01,4.01
202508,Cardiovascular System,C10,Serum Lipid Reducing Agents,404285,6.98,2045584,3.39,3.39
202508,Cardiovascular System,,,,,,,
202508,Dermatologicals,D01,Antifungals For Dermatological Use,38075,0.66,242346,0.4,0.4
202508,Dermatologicals,D02,Emollients and Protectives,21415,0.37,53644,0.09,0.09
202508,Dermatologicals,D03,Preparations For Treatment Of Wounds and Ulcers,36,0,13426,0.02,0.02
202508,Dermatologicals,D05,Antipsoriatics,7711,0.13,305966,0.51,0.51
202508,Dermatologicals,D06,Antibiotics and Chemotherapeutics For Dermatological Use,8286,0.14,55957,0.09,0.09
202508,Dermatologicals,D07,Corticosteroids Dermatological Preparations,40460,0.7,228414,0.38,0.38
202508,Dermatologicals,D10,Anti-Acne Preparations,8081,0.14,122479,0.2,0.2
202508,Dermatologicals,D11,Other Dermatological Preparations,5140,0.09,185403,0.31,0.31
202508,Dermatologicals,,,,,,,
202508,Genito Urinary System and Sex Hormones,G01,Gynecological Antiinfectives and Antiseptics,221,0,2617,0,0
202508,Genito Urinary System and Sex Hormones,G02,Other Gynecologicals,1667,0.03,147349,0.24,0.24
202508,Genito Urinary System and Sex Hormones,G03,Sex Hormones and Modulators Of The Genital System,113901,1.97,970071,1.61,1.61
202508,Genito Urinary System and Sex Hormones,G04,Urologicals,141812,2.45,2031407,3.36,3.36
202508,Genito Urinary System and Sex Hormones,,,,,,,
202508,Musculo-Skeletal System,M01,Antiinflammatory and Antirheumatic Products,93857,1.62,614679,1.02,1.02
202508,Musculo-Skeletal System,M02,Topical Products For Joint and Muscular Pain,84363,1.46,526484,0.87,0.87
202508,Musculo-Skeletal System,M03,Muscle Relaxants,9342,0.16,79273,0.13,0.13
202508,Musculo-Skeletal System,M04,Antigout Preparations,39674,0.69,156476,0.26,0.26
202508,Musculo-Skeletal System,M05,Drugs For Treatment Of Bone Diseases,38814,0.67,1608963,2.66,2.66
202508,Musculo-Skeletal System,M09,Other Drugs For Disorders Of The Musculo-Skeletal System,11060,0.19,146895,0.24,0.24
202508,Musculo-Skeletal System,,,,,,,
202508,Nervous System,N01,Anesthetics,3198,0.06,156139,0.26,0.26
202508,Nervous System,N02,Analgesics,394624,6.81,2986671,4.94,4.94
202508,Nervous System,N03,Antiepileptics,58607,1.01,1295619,2.15,2.15
202508,Nervous System,N04,Anti-Parkinson Drugs,23620,0.41,293556,0.49,0.49
202508,Nervous System,N05,Psycholeptics,291944,5.04,2175371,3.6,3.6
202508,Nervous System,N06,Psychoanaleptics,405833,7.01,2863586,4.74,4.74
202508,Nervous System,N07,Other Nervous System Drugs,36690,0.63,847848,1.4,1.4
202508,Nervous System,,,,,,,
202508,Respiratory System,R01,Nasal Preparations,65534,1.13,529302,0.88,0.88
202508,Respiratory System,R03,Drugs For Obstructive Airway Diseases,297453,5.14,6183756,10.24,10.24
202508,Respiratory System,R05,Cough and Cold Preparations,18278,0.32,143233,0.24,0.24
202508,Respiratory System,R06,Antihistamines For Systemic Use,112556,1.94,474811,0.79,0.79
202508,Respiratory System,,,,,,,
202508,Sensory Organs,S01,Ophthalmologicals,159443,2.75,1342944,2.22,2.22
202508,Sensory Organs,S02,Otologicals,3405,0.06,16701,0.03,0.03
202508,Sensory Organs,S03,Ophthalmological and Otological Preparations,4839,0.08,8602,0.01,0.01
202508,Sensory Organs,,,,,,,
202508,Systemic Hormonal Preparations Excl. Sex Hormones and Insulins,H01,Pituitary and Hypothalamic Hormones and Analogues,1136,0.02,62466,0.1,0.1
202508,Systemic Hormonal Preparations Excl. Sex Hormones and Insulins,H02,Corticosteroids For Systemic Use,10582,0.18,132033,0.22,0.22
202508,Systemic Hormonal Preparations Excl. Sex Hormones and Insulins,H03,Thyroid Therapy,183602,3.17,317893,0.53,0.53
202508,Systemic Hormonal Preparations Excl. Sex Hormones and Insulins,H04,Pancreatic Hormones,171,0,3487,0.01,0.01
202508,Systemic Hormonal Preparations Excl. Sex Hormones and Insulins,,,,,,,
202508,Various,V01,Allergens,178,0,13586,0.02,0.02
202508,Various,V03,All Other Therapeutic Products,1791,0.03,153391,0.25,0.25
202508,Various,V04,Diagnostic Agents,10424,0.18,218344,0.36,0.36
202508,Various,V06,General Nutrients,62852,1.09,4208641,6.97,6.97
202508,Various,V07,All Other Non-Therapeutic Products,,,,,6.53
202508,Various,V07 1,Ostomy Requisites,41238,0.71,2176952,3.6,3.6
202508,Various,V07 2,Urinary Requisites,17003,0.29,1379098,2.28,2.28
202508,Various,V07 3,Needles/Syringes/Lancets,8709,0.15,97119,0.16,0.16
202508,Various,V07 4,Dressings,4516,0.08,241317,0.4,0.4
202508,Various,V07 5,Miscellaneous,3266,0.06,47735,0.08,0.08
202508,Various,,,,,,,
202509,Alimentary Tract and Metabolism,A01,Stomatological Preparations,60109,1.01,209836,0.34,0.34
202509,Alimentary Tract and Metabolism,A02,Drugs For Acid Related Disorders,410957,6.9,2368996,3.81,3.81
202509,Alimentary Tract and Metabolism,A03,Drugs For Functional Gastrointestinal Disorders,22831,0.38,177652,0.29,0.29
202509,Alimentary Tract and Metabolism,A04,Antiemetics and Antinauseants,5188,0.09,325472,0.52,0.52
202509,Alimentary Tract and Metabolism,A05,Bile and Liver Therapy,3062,0.05,67168,0.11,0.11
202509,Alimentary Tract and Metabolism,A06,Laxatives,85577,1.44,947085,1.52,1.52
202509,Alimentary Tract and Metabolism,A07,Antidiarrheals Intestinal Antiinflammatory/Antiinfective Agents,25685,0.43,863907,1.39,1.39
202509,Alimentary Tract and Metabolism,A09,Digestives Incl. Enzymes,4000,0.07,221087,0.36,0.36
202509,Alimentary Tract and Metabolism,A10,Drugs Used In Diabetes,112764,1.89,3446700,5.55,5.55
202509,Alimentary Tract and Metabolism,A11,Vitamins,196311,3.3,736268,1.19,1.19
202509,Alimentary Tract and Metabolism,A12,Mineral Supplements,135629,2.28,694941,1.12,1.12
202509,Alimentary Tract and Metabolism,A14,Anabolic Agents For Systemic Use,82,0,798,0,0
202509,Alimentary Tract and Metabolism,A16,Other Alimentary Tract and Metabolism Products,23,0,7917,0.01,0.01
202509,Alimentary Tract and Metabolism,,,,,,,
202509,Antiinfectives For Systemic Use,J01,Antibacterials For Systemic Use,193504,3.25,1193724,1.92,1.92
202509,Antiinfectives For Systemic Use,J02,Antimycotics For Systemic Use,9591,0.16,90666,0.15,0.15
202509,Antiinfectives For Systemic Use,J04,Antimycobacterials,616,0.01,15476,0.02,0.02
202509,Antiinfectives For Systemic Use,J05,Antivirals For Systemic Use,8407,0.14,394735,0.64,0.64
202509,Antiinfectives For Systemic Use,,,,,,,
202509,Antineoplastic and Immunomodulating Agents,L01,Antineoplastic Agents,4334,0.07,133043,0.21,0.21
202509,Antineoplastic and Immunomodulating Agents,L02,Endocrine Therapy,10688,0.18,202530,0.33,0.33
202509,Antineoplastic and Immunomodulating Agents,L04,Immunosuppressive Agents,16640,0.28,308586,0.5,0.5
202509,Antineoplastic and Immunomodulating Agents,,,,,,,
202509,Antiparasitic Products Insecticides and Repellents,P01,Antiprotozoals,10679,0.18,63041,0.1,0.1
202509,Antiparasitic Products Insecticides and Repellents,P02,Anthelmintics,1258,0.02,46207,0.07,0.07
202509,Antiparasitic Products Insecticides and Repellents,P03,Ectoparasiticides Incl. Scabicides Insecticides and Repellents,2431,0.04,36558,0.06,0.06
202509,Antiparasitic Products Insecticides and Repellents,,,,,,,
202509,Blood and Blood Forming Organs,B01,Antithrombotic Agents,266013,4.47,5431673,8.74,8.74
202509,Blood and Blood Forming Organs,B02,Antihemorrhagics,2953,0.05,27669,0.04,0.04
202509,Blood and Blood Forming Organs,B03,Antianemic Preparations,140931,2.37,212228,0.34,0.34
202509,Blood and Blood Forming Organs,B05,Blood Substitutes and Perfusion Solutions,2,0,37,0,0
202509,Blood and Blood Forming Organs,,,,,,,
202509,Cardiovascular System,C01,Cardiac Therapy,47225,0.79,648425,1.04,1.04
202509,Cardiovascular System,C02,Antihypertensives,20242,0.34,334048,0.54,0.54
202509,Cardiovascular System,C03,Diuretics,110176,1.85,316001,0.51,0.51
202509,Cardiovascular System,C04,Peripheral Vasodilators,2205,0.04,28127,0.05,0.05
202509,Cardiovascular System,C05,Vasoprotectives,11213,0.19,72186,0.12,0.12
202509,Cardiovascular System,C07,Beta Blocking Agents,179817,3.02,467722,0.75,0.75
202509,Cardiovascular System,C08,Calcium Channel Blockers,165608,2.78,505260,0.81,0.81
202509,Cardiovascular System,C09,Agents Acting On The Renin-Angiotensin System,315751,5.3,2459207,3.96,3.96
202509,Cardiovascular System,C10,Serum Lipid Reducing Agents,410054,6.88,2088338,3.36,3.36
202509,Cardiovascular System,,,,,,,
202509,Dermatologicals,D01,Antifungals For Dermatological Use,39905,0.67,251732,0.41,0.41
202509,Dermatologicals,D02,Emollients and Protectives,22073,0.37,55117,0.09,0.09
202509,Dermatologicals,D03,Preparations For Treatment Of Wounds and Ulcers,42,0,15529,0.03,0.03
202509,Dermatologicals,D05,Antipsoriatics,8040,0.13,317864,0.51,0.51
202509,Dermatologicals,D06,Antibiotics and Chemotherapeutics For Dermatological Use,8350,0.14,54950,0.09,0.09
202509,Dermatologicals,D07,Corticosteroids Dermatological Preparations,42007,0.71,237961,0.38,0.38
202509,Dermatologicals,D10,Anti-Acne Preparations,8753,0.15,132983,0.21,0.21
202509,Dermatologicals,D11,Other Dermatological Preparations,5432,0.09,194246,0.31,0.31
202509,Dermatologicals,,,,,,,
202509,Genito Urinary System and Sex Hormones,G01,Gynecological Antiinfectives and Antiseptics,227,0,2830,0,0
202509,Genito Urinary System and Sex Hormones,G02,Other Gynecologicals,1893,0.03,177516,0.29,0.29
202509,Genito Urinary System and Sex Hormones,G03,Sex Hormones and Modulators Of The Genital System,117927,1.98,1023124,1.65,1.65
202509,Genito Urinary System and Sex Hormones,G04,Urologicals,143823,2.41,2055555,3.31,3.31
202509,Genito Urinary System and Sex Hormones,,,,,,,
202509,Musculo-Skeletal System,M01,Antiinflammatory and Antirheumatic Products,99191,1.67,642975,1.04,1.04
202509,Musculo-Skeletal System,M02,Topical Products For Joint and Muscular Pain,87394,1.47,552370,0.89,0.89
202509,Musculo-Skeletal System,M03,Muscle Relaxants,9837,0.17,82297,0.13,0.13
202509,Musculo-Skeletal System,M04,Antigout Preparations,40085,0.67,157328,0.25,0.25
202509,Musculo-Skeletal System,M05,Drugs For Treatment Of Bone Diseases,40161,0.67,1796577,2.89,2.89
202509,Musculo-Skeletal System,M09,Other Drugs For Disorders Of The Musculo-Skeletal System,11155,0.19,142551,0.23,0.23
202509,Musculo-Skeletal System,,,,,,,
202509,Nervous System,N01,Anesthetics,3300,0.06,155689,0.25,0.25
202509,Nervous System,N02,Analgesics,406324,6.82,3065228,4.93,4.93
202509,Nervous System,N03,Antiepileptics,59834,1,1342926,2.16,2.16
202509,Nervous System,N04,Anti-Parkinson Drugs,24237,0.41,303026,0.49,0.49
202509,Nervous System,N05,Psycholeptics,297692,5,2229841,3.59,3.59
202509,Nervous System,N06,Psychoanaleptics,411272,6.9,2933730,4.72,4.72
202509,Nervous System,N07,Other Nervous System Drugs,37573,0.63,870377,1.4,1.4
202509,Nervous System,,,,,,,
202509,Respiratory System,R01,Nasal Preparations,69317,1.16,476061,0.77,0.77
202509,Respiratory System,R03,Drugs For Obstructive Airway Diseases,311758,5.23,6394008,10.29,10.29
202509,Respiratory System,R05,Cough and Cold Preparations,21322,0.36,156160,0.25,0.25
202509,Respiratory System,R06,Antihistamines For Systemic Use,112425,1.89,468762,0.75,0.75
202509,Respiratory System,,,,,,,
202509,Sensory Organs,S01,Ophthalmologicals,161761,2.72,1366692,2.2,2.2
202509,Sensory Organs,S02,Otologicals,3771,0.06,18377,0.03,0.03
202509,Sensory Organs,S03,Ophthalmological and Otological Preparations,5115,0.09,8985,0.01,0.01
202509,Sensory Organs,,,,,,,
202509,Systemic Hormonal Preparations Excl. Sex Hormones and Insulins,H01,Pituitary and Hypothalamic Hormones and Analogues,1193,0.02,65221,0.11,0.11
202509,Systemic Hormonal Preparations Excl. Sex Hormones and Insulins,H02,Corticosteroids For Systemic Use,11024,0.19,139638,0.22,0.22
202509,Systemic Hormonal Preparations Excl. Sex Hormones and Insulins,H03,Thyroid Therapy,186031,3.12,323753,0.52,0.52
202509,Systemic Hormonal Preparations Excl. Sex Hormones and Insulins,H04,Pancreatic Hormones,216,0,4354,0.01,0.01
202509,Systemic Hormonal Preparations Excl. Sex Hormones and Insulins,,,,,,,
202509,Various,V01,Allergens,157,0,11809,0.02,0.02
202509,Various,V03,All Other Therapeutic Products,1793,0.03,150405,0.24,0.24
202509,Various,V04,Diagnostic Agents,10505,0.18,223925,0.36,0.36
202509,Various,V06,General Nutrients,63707,1.07,4311069,6.94,6.94
202509,Various,V07,All Other Non-Therapeutic Products,,,,,6.53
202509,Various,V07 1,Ostomy Requisites,41975,0.7,2232216,3.59,3.59
202509,Various,V07 2,Urinary Requisites,17333,0.29,1403160,2.26,2.26
202509,Various,V07 3,Needles/Syringes/Lancets,9608,0.16,103417,0.17,0.17
202509,Various,V07 4,Dressings,4734,0.08,264785,0.43,0.43
202509,Various,V07 5,Miscellaneous,3702,0.06,52583,0.08,0.08
202509,Various,,,,,,,
202510,Alimentary Tract and Metabolism,A01,Stomatological Preparations,63881,1.06,224225,0.36,0.36
202510,Alimentary Tract and Metabolism,A02,Drugs For Acid Related Disorders,416718,6.89,2390787,3.81,3.81
202510,Alimentary Tract and Metabolism,A03,Drugs For Functional Gastrointestinal Disorders,22979,0.38,184341,0.29,0.29
202510,Alimentary Tract and Metabolism,A04,Antiemetics and Antinauseants,5300,0.09,331622,0.53,0.53
202510,Alimentary Tract and Metabolism,A05,Bile and Liver Therapy,3089,0.05,68241,0.11,0.11
202510,Alimentary Tract and Metabolism,A06,Laxatives,86235,1.43,954949,1.52,1.52
202510,Alimentary Tract and Metabolism,A07,Antidiarrheals Intestinal Antiinflammatory/Antiinfective Agents,25650,0.42,871707,1.39,1.39
202510,Alimentary Tract and Metabolism,A09,Digestives Incl. Enzymes,4018,0.07,227156,0.36,0.36
202510,Alimentary Tract and Metabolism,A10,Drugs Used In Diabetes,115046,1.9,3522263,5.61,5.61
202510,Alimentary Tract and Metabolism,A11,Vitamins,200112,3.31,747283,1.19,1.19
202510,Alimentary Tract and Metabolism,A12,Mineral Supplements,137419,2.27,703520,1.12,1.12
202510,Alimentary Tract and Metabolism,A14,Anabolic Agents For Systemic Use,88,0,726,0,0
202510,Alimentary Tract and Metabolism,A16,Other Alimentary Tract and Metabolism Products,19,0,5772,0.01,0.01
202510,Alimentary Tract and Metabolism,,,,,,,
202510,Antiinfectives For Systemic Use,J01,Antibacterials For Systemic Use,200200,3.31,1226158,1.95,1.95
202510,Antiinfectives For Systemic Use,J02,Antimycotics For Systemic Use,9563,0.16,89793,0.14,0.14
202510,Antiinfectives For Systemic Use,J04,Antimycobacterials,593,0.01,14850,0.02,0.02
202510,Antiinfectives For Systemic Use,J05,Antivirals For Systemic Use,8517,0.14,339233,0.54,0.54
202510,Antiinfectives For Systemic Use,,,,,,,
202510,Antineoplastic and Immunomodulating Agents,L01,Antineoplastic Agents,4463,0.07,137265,0.22,0.22
202510,Antineoplastic and Immunomodulating Agents,L02,Endocrine Therapy,10834,0.18,206158,0.33,0.33
202510,Antineoplastic and Immunomodulating Agents,L04,Immunosuppressive Agents,16908,0.28,317431,0.51,0.51
202510,Antineoplastic and Immunomodulating Agents,,,,,,,
202510,Antiparasitic Products Insecticides and Repellents,P01,Antiprotozoals,10642,0.18,63294,0.1,0.1
202510,Antiparasitic Products Insecticides and Repellents,P02,Anthelmintics,1480,0.02,64411,0.1,0.1
202510,Antiparasitic Products Insecticides and Repellents,P03,Ectoparasiticides Incl. Scabicides Insecticides and Repellents,2711,0.04,41551,0.07,0.07
202510,Antiparasitic Products Insecticides and Repellents,,,,,,,
202510,Blood and Blood Forming Organs,B01,Antithrombotic Agents,270116,4.47,5505942,8.77,8.77
202510,Blood and Blood Forming Organs,B02,Antihemorrhagics,2894,0.05,27658,0.04,0.04
202510,Blood and Blood Forming Organs,B03,Antianemic Preparations,143210,2.37,209824,0.33,0.33
202510,Blood and Blood Forming Organs,B05,Blood Substitutes and Perfusion Solutions,1,0,37,0,0
202510,Blood and Blood Forming Organs,,,,,,,
202510,Cardiovascular System,C01,Cardiac Therapy,47521,0.79,593454,0.95,0.95
202510,Cardiovascular System,C02,Antihypertensives,20837,0.34,339933,0.54,0.54
202510,Cardiovascular System,C03,Diuretics,112031,1.85,318872,0.51,0.51
202510,Cardiovascular System,C04,Peripheral Vasodilators,2219,0.04,28138,0.04,0.04
202510,Cardiovascular System,C05,Vasoprotectives,11225,0.19,71535,0.11,0.11
202510,Cardiovascular System,C07,Beta Blocking Agents,182636,3.02,470636,0.75,0.75
202510,Cardiovascular System,C08,Calcium Channel Blockers,169018,2.8,515424,0.82,0.82
202510,Cardiovascular System,C09,Agents Acting On The Renin-Angiotensin System,321819,5.32,2508098,4,4
202510,Cardiovascular System,C10,Serum Lipid Reducing Agents,417670,6.91,2139970,3.41,3.41
202510,Cardiovascular System,,,,,,,
202510,Dermatologicals,D01,Antifungals For Dermatological Use,39490,0.65,245150,0.39,0.39
202510,Dermatologicals,D02,Emollients and Protectives,22098,0.37,55495,0.09,0.09
202510,Dermatologicals,D03,Preparations For Treatment Of Wounds and Ulcers,33,0,15540,0.02,0.02
202510,Dermatologicals,D05,Antipsoriatics,8039,0.13,320818,0.51,0.51
202510,Dermatologicals,D06,Antibiotics and Chemotherapeutics For Dermatological Use,8390,0.14,56139,0.09,0.09
202510,Dermatologicals,D07,Corticosteroids Dermatological Preparations,41803,0.69,236422,0.38,0.38
202510,Dermatologicals,D10,Anti-Acne Preparations,8814,0.15,134854,0.21,0.21
202510,Dermatologicals,D11,Other Dermatological Preparations,5549,0.09,196264,0.31,0.31
202510,Dermatologicals,,,,,,,
202510,Genito Urinary System and Sex Hormones,G01,Gynecological Antiinfectives and Antiseptics,196,0,2296,0,0
202510,Genito Urinary System and Sex Hormones,G02,Other Gynecologicals,1718,0.03,151925,0.24,0.24
202510,Genito Urinary System and Sex Hormones,G03,Sex Hormones and Modulators Of The Genital System,119995,1.98,1004870,1.6,1.6
202510,Genito Urinary System and Sex Hormones,G04,Urologicals,145908,2.41,2091021,3.33,3.33
202510,Genito Urinary System and Sex Hormones,,,,,,,
202510,Musculo-Skeletal System,M01,Antiinflammatory and Antirheumatic Products,98323,1.63,641257,1.02,1.02
202510,Musculo-Skeletal System,M02,Topical Products For Joint and Muscular Pain,88257,1.46,560608,0.89,0.89
202510,Musculo-Skeletal System,M03,Muscle Relaxants,10138,0.17,83137,0.13,0.13
202510,Musculo-Skeletal System,M04,Antigout Preparations,40526,0.67,159469,0.25,0.25
202510,Musculo-Skeletal System,M05,Drugs For Treatment Of Bone Diseases,40801,0.67,1789038,2.85,2.85
202510,Musculo-Skeletal System,M09,Other Drugs For Disorders Of The Musculo-Skeletal System,11331,0.19,145072,0.23,0.23
202510,Musculo-Skeletal System,,,,,,,
202510,Nervous System,N01,Anesthetics,3305,0.05,161775,0.26,0.26
202510,Nervous System,N02,Analgesics,412828,6.83,3128581,4.98,4.98
202510,Nervous System,N03,Antiepileptics,61116,1.01,1349111,2.15,2.15
202510,Nervous System,N04,Anti-Parkinson Drugs,24242,0.4,300675,0.48,0.48
202510,Nervous System,N05,Psycholeptics,303932,5.03,2284497,3.64,3.64
202510,Nervous System,N06,Psychoanaleptics,418581,6.92,2982009,4.75,4.75
202510,Nervous System,N07,Other Nervous System Drugs,38522,0.64,901533,1.44,1.44
202510,Nervous System,,,,,,,
202510,Respiratory System,R01,Nasal Preparations,69970,1.16,480375,0.77,0.77
202510,Respiratory System,R03,Drugs For Obstructive Airway Diseases,316047,5.23,6507485,10.37,10.37
202510,Respiratory System,R05,Cough and Cold Preparations,23929,0.4,169118,0.27,0.27
202510,Respiratory System,R06,Antihistamines For Systemic Use,110872,1.83,459375,0.73,0.73
202510,Respiratory System,,,,,,,
202510,Sensory Organs,S01,Ophthalmologicals,160896,2.66,1384588,2.21,2.21
202510,Sensory Organs,S02,Otologicals,3996,0.07,19553,0.03,0.03
202510,Sensory Organs,S03,Ophthalmological and Otological Preparations,4776,0.08,8484,0.01,0.01
202510,Sensory Organs,,,,,,,
202510,Systemic Hormonal Preparations Excl. Sex Hormones and Insulins,H01,Pituitary and Hypothalamic Hormones and Analogues,1151,0.02,63634,0.1,0.1
202510,Systemic Hormonal Preparations Excl. Sex Hormones and Insulins,H02,Corticosteroids For Systemic Use,11219,0.19,139643,0.22,0.22
202510,Systemic Hormonal Preparations Excl. Sex Hormones and Insulins,H03,Thyroid Therapy,188132,3.11,323488,0.52,0.52
202510,Systemic Hormonal Preparations Excl. Sex Hormones and Insulins,H04,Pancreatic Hormones,206,0,3954,0.01,0.01
202510,Systemic Hormonal Preparations Excl. Sex Hormones and Insulins,,,,,,,
202510,Various,V01,Allergens,194,0,14718,0.02,0.02
202510,Various,V03,All Other Therapeutic Products,1849,0.03,158775,0.25,0.25
202510,Various,V04,Diagnostic Agents,10413,0.17,216806,0.35,0.35
202510,Various,V06,General Nutrients,63694,1.05,4265120,6.79,6.79
202510,Various,V07,All Other Non-Therapeutic Products,,,,,6.54
202510,Various,V07 1,Ostomy Requisites,42294,0.7,2263241,3.61,3.61
202510,Various,V07 2,Urinary Requisites,17515,0.29,1398368,2.23,2.23
202510,Various,V07 3,Needles/Syringes/Lancets,9748,0.16,107257,0.17,0.17
202510,Various,V07 4,Dressings,4779,0.08,283889,0.45,0.45
202510,Various,V07 5,Miscellaneous,3757,0.06,51078,0.08,0.08
202510,Various,,,,,,,
202511,Alimentary Tract and Metabolism,A01,Stomatological Preparations,64389,1.11,228013,0.38,0.38
202511,Alimentary Tract and Metabolism,A02,Drugs For Acid Related Disorders,400293,6.89,2295403,3.8,3.8
202511,Alimentary Tract and Metabolism,A03,Drugs For Functional Gastrointestinal Disorders,21564,0.37,162289,0.27,0.27
202511,Alimentary Tract and Metabolism,A04,Antiemetics and Antinauseants,4997,0.09,314474,0.52,0.52
202511,Alimentary Tract and Metabolism,A05,Bile and Liver Therapy,2986,0.05,65821,0.11,0.11
202511,Alimentary Tract and Metabolism,A06,Laxatives,83184,1.43,930441,1.54,1.54
202511,Alimentary Tract and Metabolism,A07,Antidiarrheals Intestinal Antiinflammatory/Antiinfective Agents,24390,0.42,821709,1.36,1.36
202511,Alimentary Tract and Metabolism,A09,Digestives Incl. Enzymes,3782,0.07,204868,0.34,0.34
202511,Alimentary Tract and Metabolism,A10,Drugs Used In Diabetes,111765,1.92,3443037,5.7,5.7
202511,Alimentary Tract and Metabolism,A11,Vitamins,194638,3.35,730707,1.21,1.21
202511,Alimentary Tract and Metabolism,A12,Mineral Supplements,132467,2.28,677313,1.12,1.12
202511,Alimentary Tract and Metabolism,A14,Anabolic Agents For Systemic Use,68,0,670,0,0
202511,Alimentary Tract and Metabolism,A16,Other Alimentary Tract and Metabolism Products,19,0,7469,0.01,0.01
202511,Alimentary Tract and Metabolism,,,,,,,
202511,Antiinfectives For Systemic Use,J01,Antibacterials For Systemic Use,198228,3.41,1198648,1.98,1.98
202511,Antiinfectives For Systemic Use,J02,Antimycotics For Systemic Use,8526,0.15,81069,0.13,0.13
202511,Antiinfectives For Systemic Use,J04,Antimycobacterials,571,0.01,15261,0.03,0.03
202511,Antiinfectives For Systemic Use,J05,Antivirals For Systemic Use,10099,0.17,307420,0.51,0.51
202511,Antiinfectives For Systemic Use,,,,,,,
202511,Antineoplastic and Immunomodulating Agents,L01,Antineoplastic Agents,4073,0.07,124342,0.21,0.21
202511,Antineoplastic and Immunomodulating Agents,L02,Endocrine Therapy,10511,0.18,198172,0.33,0.33
202511,Antineoplastic and Immunomodulating Agents,L04,Immunosuppressive Agents,16140,0.28,302470,0.5,0.5
202511,Antineoplastic and Immunomodulating Agents,,,,,,,
202511,Antiparasitic Products Insecticides and Repellents,P01,Antiprotozoals,9974,0.17,60411,0.1,0.1
202511,Antiparasitic Products Insecticides and Repellents,P02,Anthelmintics,1317,0.02,53257,0.09,0.09
202511,Antiparasitic Products Insecticides and Repellents,P03,Ectoparasiticides Incl. Scabicides Insecticides and Repellents,2684,0.05,39199,0.06,0.06
202511,Antiparasitic Products Insecticides and Repellents,,,,,,,
202511,Blood and Blood Forming Organs,B01,Antithrombotic Agents,258770,4.45,5279533,8.74,8.74
202511,Blood and Blood Forming Organs,B02,Antihemorrhagics,2795,0.05,25423,0.04,0.04
202511,Blood and Blood Forming Organs,B03,Antianemic Preparations,136588,2.35,200529,0.33,0.33
202511,Blood and Blood Forming Organs,B05,Blood Substitutes and Perfusion Solutions,3,0,38,0,0
202511,Blood and Blood Forming Organs,,,,,,,
202511,Cardiovascular System,C01,Cardiac Therapy,45389,0.78,579111,0.96,0.96
202511,Cardiovascular System,C02,Antihypertensives,20231,0.35,337448,0.56,0.56
202511,Cardiovascular System,C03,Diuretics,107566,1.85,311449,0.52,0.52
202511,Cardiovascular System,C04,Peripheral Vasodilators,2097,0.04,25658,0.04,0.04
202511,Cardiovascular System,C05,Vasoprotectives,10690,0.18,67769,0.11,0.11
202511,Cardiovascular System,C07,Beta Blocking Agents,175732,3.02,454063,0.75,0.75
202511,Cardiovascular System,C08,Calcium Channel Blockers,162595,2.8,496066,0.82,0.82
202511,Cardiovascular System,C09,Agents Acting On The Renin-Angiotensin System,309112,5.32,2402743,3.98,3.98
202511,Cardiovascular System,C10,Serum Lipid Reducing Agents,402286,6.92,1972518,3.27,3.27
202511,Cardiovascular System,,,,,,,
202511,Dermatologicals,D01,Antifungals For Dermatological Use,36739,0.63,226928,0.38,0.38
202511,Dermatologicals,D02,Emollients and Protectives,21522,0.37,53814,0.09,0.09
202511,Dermatologicals,D03,Preparations For Treatment Of Wounds and Ulcers,46,0,19916,0.03,0.03
202511,Dermatologicals,D05,Antipsoriatics,7499,0.13,295051,0.49,0.49
202511,Dermatologicals,D06,Antibiotics and Chemotherapeutics For Dermatological Use,7725,0.13,52268,0.09,0.09
202511,Dermatologicals,D07,Corticosteroids Dermatological Preparations,39305,0.68,220812,0.37,0.37
202511,Dermatologicals,D10,Anti-Acne Preparations,8496,0.15,130677,0.22,0.22
202511,Dermatologicals,D11,Other Dermatological Preparations,5239,0.09,184496,0.31,0.31
202511,Dermatologicals,,,,,,,
202511,Genito Urinary System and Sex Hormones,G01,Gynecological Antiinfectives and Antiseptics,181,0,2177,0,0
202511,Genito Urinary System and Sex Hormones,G02,Other Gynecologicals,1710,0.03,158121,0.26,0.26
202511,Genito Urinary System and Sex Hormones,G03,Sex Hormones and Modulators Of The Genital System,118190,2.03,998751,1.65,1.65
202511,Genito Urinary System and Sex Hormones,G04,Urologicals,141805,2.44,2039268,3.38,3.38
202511,Genito Urinary System and Sex Hormones,,,,,,,
202511,Musculo-Skeletal System,M01,Antiinflammatory and Antirheumatic Products,92956,1.6,601204,1,1
202511,Musculo-Skeletal System,M02,Topical Products For Joint and Muscular Pain,83896,1.44,536878,0.89,0.89
202511,Musculo-Skeletal System,M03,Muscle Relaxants,9711,0.17,81364,0.13,0.13
202511,Musculo-Skeletal System,M04,Antigout Preparations,39180,0.67,150745,0.25,0.25
202511,Musculo-Skeletal System,M05,Drugs For Treatment Of Bone Diseases,39747,0.68,1850085,3.06,3.06
202511,Musculo-Skeletal System,M09,Other Drugs For Disorders Of The Musculo-Skeletal System,10828,0.19,140178,0.23,0.23
202511,Musculo-Skeletal System,,,,,,,
202511,Nervous System,N01,Anesthetics,3136,0.05,150943,0.25,0.25
202511,Nervous System,N02,Analgesics,394372,6.78,2959707,4.9,4.9
202511,Nervous System,N03,Antiepileptics,58394,1,1307788,2.17,2.17
202511,Nervous System,N04,Anti-Parkinson Drugs,23416,0.4,293336,0.49,0.49
202511,Nervous System,N05,Psycholeptics,286567,4.93,2151757,3.56,3.56
202511,Nervous System,N06,Psychoanaleptics,401268,6.9,2866322,4.75,4.75
202511,Nervous System,N07,Other Nervous System Drugs,36470,0.63,850196,1.41,1.41
202511,Nervous System,,,,,,,
202511,Respiratory System,R01,Nasal Preparations,66903,1.15,457563,0.76,0.76
202511,Respiratory System,R03,Drugs For Obstructive Airway Diseases,305935,5.26,6286606,10.41,10.41
202511,Respiratory System,R05,Cough and Cold Preparations,24905,0.43,174242,0.29,0.29
202511,Respiratory System,R06,Antihistamines For Systemic Use,104572,1.8,432940,0.72,0.72
202511,Respiratory System,,,,,,,
202511,Sensory Organs,S01,Ophthalmologicals,153197,2.64,1327034,2.2,2.2
202511,Sensory Organs,S02,Otologicals,3449,0.06,16705,0.03,0.03
202511,Sensory Organs,S03,Ophthalmological and Otological Preparations,4341,0.07,7719,0.01,0.01
202511,Sensory Organs,,,,,,,
202511,Systemic Hormonal Preparations Excl. Sex Hormones and Insulins,H01,Pituitary and Hypothalamic Hormones and Analogues,1122,0.02,61457,0.1,0.1
202511,Systemic Hormonal Preparations Excl. Sex Hormones and Insulins,H02,Corticosteroids For Systemic Use,10839,0.19,137311,0.23,0.23
202511,Systemic Hormonal Preparations Excl. Sex Hormones and Insulins,H03,Thyroid Therapy,180598,3.11,312136,0.52,0.52
202511,Systemic Hormonal Preparations Excl. Sex Hormones and Insulins,H04,Pancreatic Hormones,162,0,3348,0.01,0.01
202511,Systemic Hormonal Preparations Excl. Sex Hormones and Insulins,,,,,,,
202511,Various,V01,Allergens,168,0,12499,0.02,0.02
202511,Various,V03,All Other Therapeutic Products,1761,0.03,154957,0.26,0.26
202511,Various,V04,Diagnostic Agents,10073,0.17,212526,0.35,0.35
202511,Various,V06,General Nutrients,60999,1.05,4125976,6.83,6.83
202511,Various,V07,All Other Non-Therapeutic Products,,,,,6.51
202511,Various,V07 1,Ostomy Requisites,40824,0.7,2167370,3.59,3.59
202511,Various,V07 2,Urinary Requisites,17151,0.3,1382557,2.29,2.29
202511,Various,V07 3,Needles/Syringes/Lancets,9368,0.16,98394,0.16,0.16
202511,Various,V07 4,Dressings,4366,0.08,240062,0.4,0.4
202511,Various,V07 5,Miscellaneous,3263,0.06,41338,0.07,0.07
202511,Various,,,,,,,
202512,Alimentary Tract and Metabolism,A01,Stomatological Preparations,93082,1.46,327729,0.5,0.5
202512,Alimentary Tract and Metabolism,A02,Drugs For Acid Related Disorders,435140,6.81,2497567,3.8,3.8
202512,Alimentary Tract and Metabolism,A03,Drugs For Functional Gastrointestinal Disorders,23568,0.37,182376,0.28,0.28
202512,Alimentary Tract and Metabolism,A04,Antiemetics and Antinauseants,5632,0.09,352447,0.54,0.54
202512,Alimentary Tract and Metabolism,A05,Bile and Liver Therapy,3247,0.05,71604,0.11,0.11
202512,Alimentary Tract and Metabolism,A06,Laxatives,88877,1.39,1005494,1.53,1.53
202512,Alimentary Tract and Metabolism,A07,Antidiarrheals Intestinal Antiinflammatory/Antiinfective Agents,27012,0.42,900083,1.37,1.37
202512,Alimentary Tract and Metabolism,A09,Digestives Incl. Enzymes,4078,0.06,233033,0.35,0.35
202512,Alimentary Tract and Metabolism,A10,Drugs Used In Diabetes,121702,1.91,3744049,5.69,5.69
202512,Alimentary Tract and Metabolism,A11,Vitamins,211804,3.32,792113,1.2,1.2
202512,Alimentary Tract and Metabolism,A12,Mineral Supplements,144962,2.27,741829,1.13,1.13
202512,Alimentary Tract and Metabolism,A14,Anabolic Agents For Systemic Use,85,0,813,0,0
202512,Alimentary Tract and Metabolism,A16,Other Alimentary Tract and Metabolism Products,19,0,6162,0.01,0.01
202512,Alimentary Tract and Metabolism,,,,,,,
202512,Antiinfectives For Systemic Use,J01,Antibacterials For Systemic Use,258721,4.05,1482744,2.25,2.25
202512,Antiinfectives For Systemic Use,J02,Antimycotics For Systemic Use,9491,0.15,85628,0.13,0.13
202512,Antiinfectives For Systemic Use,J04,Antimycobacterials,604,0.01,15285,0.02,0.02
202512,Antiinfectives For Systemic Use,J05,Antivirals For Systemic Use,18888,0.3,456761,0.69,0.69
202512,Antiinfectives For Systemic Use,,,,,,,
202512,Antineoplastic and Immunomodulating Agents,L01,Antineoplastic Agents,3943,0.06,118458,0.18,0.18
202512,Antineoplastic and Immunomodulating Agents,L02,Endocrine Therapy,11287,0.18,213971,0.33,0.33
202512,Antineoplastic and Immunomodulating Agents,L04,Immunosuppressive Agents,17509,0.27,329523,0.5,0.5
202512,Antineoplastic and Immunomodulating Agents,,,,,,,
202512,Antiparasitic Products Insecticides and Repellents,P01,Antiprotozoals,10779,0.17,92704,0.14,0.14
202512,Antiparasitic Products Insecticides and Repellents,P02,Anthelmintics,1240,0.02,53436,0.08,0.08
202512,Antiparasitic Products Insecticides and Repellents,P03,Ectoparasiticides Incl. Scabicides Insecticides and Repellents,2229,0.03,34006,0.05,0.05
202512,Antiparasitic Products Insecticides and Repellents,,,,,,,
202512,Blood and Blood Forming Organs,B01,Antithrombotic Agents,282112,4.42,5776638,8.78,8.78
202512,Blood and Blood Forming Organs,B02,Antihemorrhagics,2730,0.04,24648,0.04,0.04
202512,Blood and Blood Forming Organs,B03,Antianemic Preparations,144451,2.26,200426,0.3,0.3
202512,Blood and Blood Forming Organs,B05,Blood Substitutes and Perfusion Solutions,1,0,37,0,0
202512,Blood and Blood Forming Organs,,,,,,,
202512,Cardiovascular System,C01,Cardiac Therapy,49362,0.77,629364,0.96,0.96
202512,Cardiovascular System,C02,Antihypertensives,22059,0.35,369113,0.56,0.56
202512,Cardiovascular System,C03,Diuretics,117227,1.84,339742,0.52,0.52
202512,Cardiovascular System,C04,Peripheral Vasodilators,2202,0.03,26472,0.04,0.04
202512,Cardiovascular System,C05,Vasoprotectives,10958,0.17,70382,0.11,0.11
202512,Cardiovascular System,C07,Beta Blocking Agents,190967,2.99,496468,0.75,0.75
202512,Cardiovascular System,C08,Calcium Channel Blockers,177428,2.78,542024,0.82,0.82
202512,Cardiovascular System,C09,Agents Acting On The Renin-Angiotensin System,335770,5.26,2614112,3.98,3.98
202512,Cardiovascular System,C10,Serum Lipid Reducing Agents,438405,6.87,2157030,3.28,3.28
202512,Cardiovascular System,,,,,,,
202512,Dermatologicals,D01,Antifungals For Dermatological Use,37123,0.58,228797,0.35,0.35
202512,Dermatologicals,D02,Emollients and Protectives,22744,0.36,56934,0.09,0.09
202512,Dermatologicals,D03,Preparations For Treatment Of Wounds and Ulcers,27,0,14768,0.02,0.02
202512,Dermatologicals,D05,Antipsoriatics,7790,0.12,313383,0.48,0.48
202512,Dermatologicals,D06,Antibiotics and Chemotherapeutics For Dermatological Use,7608,0.12,51519,0.08,0.08
202512,Dermatologicals,D07,Corticosteroids Dermatological Preparations,39862,0.62,223659,0.34,0.34
202512,Dermatologicals,D10,Anti-Acne Preparations,8383,0.13,126638,0.19,0.19
202512,Dermatologicals,D11,Other Dermatological Preparations,5171,0.08,182658,0.28,0.28
202512,Dermatologicals,,,,,,,
202512,Genito Urinary System and Sex Hormones,G01,Gynecological Antiinfectives and Antiseptics,162,0,1970,0,0
202512,Genito Urinary System and Sex Hormones,G02,Other Gynecologicals,1436,0.02,119295,0.18,0.18
202512,Genito Urinary System and Sex Hormones,G03,Sex Hormones and Modulators Of The Genital System,126911,1.99,1045343,1.59,1.59
202512,Genito Urinary System and Sex Hormones,G04,Urologicals,152470,2.39,2221197,3.38,3.38
202512,Genito Urinary System and Sex Hormones,,,,,,,
202512,Musculo-Skeletal System,M01,Antiinflammatory and Antirheumatic Products,97744,1.53,632692,0.96,0.96
202512,Musculo-Skeletal System,M02,Topical Products For Joint and Muscular Pain,88513,1.39,567630,0.86,0.86
202512,Musculo-Skeletal System,M03,Muscle Relaxants,10379,0.16,87659,0.13,0.13
202512,Musculo-Skeletal System,M04,Antigout Preparations,42431,0.66,164529,0.25,0.25
202512,Musculo-Skeletal System,M05,Drugs For Treatment Of Bone Diseases,41974,0.66,1821328,2.77,2.77
202512,Musculo-Skeletal System,M09,Other Drugs For Disorders Of The Musculo-Skeletal System,11630,0.18,137906,0.21,0.21
202512,Musculo-Skeletal System,,,,,,,
202512,Nervous System,N01,Anesthetics,3396,0.05,165365,0.25,0.25
202512,Nervous System,N02,Analgesics,430473,6.74,3250350,4.94,4.94
202512,Nervous System,N03,Antiepileptics,63823,1,1445515,2.2,2.2
202512,Nervous System,N04,Anti-Parkinson Drugs,25424,0.4,316685,0.48,0.48
202512,Nervous System,N05,Psycholeptics,312236,4.89,2383304,3.62,3.62
202512,Nervous System,N06,Psychoanaleptics,434841,6.81,3103083,4.72,4.72
202512,Nervous System,N07,Other Nervous System Drugs,37930,0.59,885951,1.35,1.35
202512,Nervous System,,,,,,,
202512,Respiratory System,R01,Nasal Preparations,73250,1.15,512371,0.78,0.78
202512,Respiratory System,R03,Drugs For Obstructive Airway Diseases,344613,5.4,6985042,10.62,10.62
202512,Respiratory System,R05,Cough and Cold Preparations,34878,0.55,224145,0.34,0.34
202512,Respiratory System,R06,Antihistamines For Systemic Use,113003,1.77,464486,0.71,0.71
202512,Respiratory System,,,,,,,
202512,Sensory Organs,S01,Ophthalmologicals,166110,2.6,1427641,2.17,2.17
202512,Sensory Organs,S02,Otologicals,3882,0.06,18915,0.03,0.03
202512,Sensory Organs,S03,Ophthalmological and Otological Preparations,3404,0.05,6052,0.01,0.01
202512,Sensory Organs,,,,,,,
202512,Systemic Hormonal Preparations Excl. Sex Hormones and Insulins,H01,Pituitary and Hypothalamic Hormones and Analogues,1211,0.02,66941,0.1,0.1
202512,Systemic Hormonal Preparations Excl. Sex Hormones and Insulins,H02,Corticosteroids For Systemic Use,11561,0.18,147376,0.22,0.22
202512,Systemic Hormonal Preparations Excl. Sex Hormones and Insulins,H03,Thyroid Therapy,197042,3.09,339850,0.52,0.52
202512,Systemic Hormonal Preparations Excl. Sex Hormones and Insulins,H04,Pancreatic Hormones,204,0,4023,0.01,0.01
202512,Systemic Hormonal Preparations Excl. Sex Hormones and Insulins,,,,,,,
202512,Various,V01,Allergens,188,0,14739,0.02,0.02
202512,Various,V03,All Other Therapeutic Products,1908,0.03,166156,0.25,0.25
202512,Various,V04,Diagnostic Agents,10414,0.16,218628,0.33,0.33
202512,Various,V06,General Nutrients,64707,1.01,4410230,6.71,6.71
202512,Various,V07,All Other Non-Therapeutic Products,,,,,6.42
202512,Various,V07 1,Ostomy Requisites,44394,0.7,2368836,3.6,3.6
202512,Various,V07 2,Urinary Requisites,18595,0.29,1481722,2.25,2.25
202512,Various,V07 3,Needles/Syringes/Lancets,10273,0.16,105343,0.16,0.16
202512,Various,V07 4,Dressings,3766,0.06,220819,0.34,0.34
202512,Various,V07 5,Miscellaneous,3650,0.06,45959,0.07,0.07
202512,Various,,,,,,,